_id,location,sex,musical_background,nationality,visual_impairments,musical_expertise,hearing_impairments,age,critical_reaction,control_activity,control_tension,control_familiarity,control_engagement,control_positivity,control_like_dislike,song_chillsshiversthrills,song_activity,song_tension,song_familiarity,song_engagement,song_positivity,song_like_dislike,control_power,song_transcendence,song_sadness,song_wonder,song_joyfulactivation,song_tenderness,song_peacefulness,song_nostalgia,song_power,song,musicpref_rock,musicpref_world,musicpref_dance,musicpref_traditional_irish,musicpref_classical,musicpref_pop,musicpref_jazz,musicpref_hip_hop,language,personality_trusting,personality_artistic,personality_imagination,personality_reserved,personality_outgoing,personality_lazy,personality_stress,personality_nervous,personality_fault,personality_thorough,concentration,musicpref_folk,musicpref_hiphop
541102ae08ad6ee3090e6643,dublin,female,,irish,,,False,21.0,True,,,,,,,1.0,4.0,4.0,3.0,2.0,2.0,3.0,,,,,,,,,,dust_dublin,0,0,0,0.0,1,0,0,0.0,,,,,,,,,,,,,,
541102b008ad6ee3090e666c,dublin,male,,irish,,,False,21.0,True,,,,,,,5.0,4.0,2.0,2.0,3.0,4.0,3.0,,,,,,,,,,dust_dublin,1,0,0,0.0,0,0,0,0.0,,,,,,,,,,,,,,
5411036308ad6ee3090e68ff,dublin,male,,irish,,,False,31.0,True,,,,,,,1.0,4.0,4.0,1.0,4.0,4.0,4.0,,,,,,,,,,dust_dublin,1,1,0,0.0,1,0,1,0.0,,,,,,,,,,,,,,
5411041308ad6ee3090e6b77,dublin,male,,other,,,False,31.0,True,,,,,,,2.0,4.0,2.0,4.0,1.0,4.0,1.0,,,,,,,,,,dust_dublin,1,1,0,0.0,1,1,0,1.0,,,,,,,,,,,,,,
5411051908ad6ee3090e6f34,dublin,male,,other,,,False,21.0,True,,,,,,,1.0,5.0,5.0,1.0,2.0,4.0,2.0,,,,,,,,,,dust_dublin,1,0,0,0.0,0,0,0,1.0,,,,,,,,,,,,,,
5411059908ad6ee3090e70e7,dublin,female,,irish,,,False,41.0,True,,,,,,,2.0,4.0,2.0,5.0,2.0,4.0,2.0,,,,,,,,,,dust_dublin,1,0,1,1.0,1,1,1,0.0,,,,,,,,,,,,,,
5411059a08ad6ee3090e70fb,dublin,female,,irish,,,False,31.0,True,,,,,,,5.0,3.0,5.0,5.0,1.0,4.0,1.0,,,,,,,,,,dust_dublin,1,0,1,0.0,1,0,0,0.0,,,,,,,,,,,,,,
5411059b08ad6ee3090e7107,dublin,male,,irish,,,False,21.0,True,,,,,,,2.0,3.0,4.0,1.0,2.0,3.0,2.0,,,,,,,,,,dust_dublin,1,0,0,0.0,0,0,0,0.0,,,,,,,,,,,,,,
5411061e08ad6ee3090e72f0,dublin,male,,irish,,,False,21.0,True,,,,,,,1.0,3.0,4.0,3.0,3.0,2.0,2.0,,,,,,,,,,dust_dublin,1,0,0,0.0,0,0,0,0.0,,,,,,,,,,,,,,
5411061f08ad6ee3090e72ff,dublin,male,,irish,,,False,21.0,True,,,,,,,1.0,2.0,4.0,4.0,3.0,1.0,2.0,,,,,,,,,,dust_dublin,1,0,1,0.0,0,1,0,1.0,,,,,,,,,,,,,,
5411062008ad6ee3090e730c,dublin,female,,other,,,False,31.0,True,,,,,,,2.0,3.0,4.0,3.0,2.0,2.0,1.0,,,,,,,,,,dust_dublin,1,1,1,0.0,0,1,0,0.0,,,,,,,,,,,,,,
5411076d08ad6ee3090e7777,dublin,female,,other,,,False,41.0,True,,,,,,,4.0,4.0,3.0,1.0,2.0,1.0,2.0,,,,,,,,,,dust_dublin,0,0,1,0.0,1,1,0,0.0,,,,,,,,,,,,,,
5410f7b408ad6ee3090e3d12,dublin,female,,irish,,,False,21.0,True,,,,,,,1.0,3.0,4.0,4.0,2.0,2.0,1.0,,,,,,,,,,dust_dublin,0,0,0,0.0,0,1,0,1.0,,,,,,,,,,,,,,
5410f7b508ad6ee3090e3d2b,dublin,male,,irish,,,True,81.0,True,,,,,,,1.0,3.0,4.0,1.0,3.0,3.0,3.0,,,,,,,,,,dust_dublin,0,0,0,0.0,1,0,1,0.0,,,,,,,,,,,,,,
5410f7b608ad6ee3090e3d34,dublin,male,,other,,,False,31.0,True,,,,,,,3.0,3.0,2.0,2.0,4.0,4.0,3.0,,,,,,,,,,dust_dublin,1,0,0,0.0,0,0,0,0.0,,,,,,,,,,,,,,
5410f7b608ad6ee3090e3d37,dublin,female,,irish,,,False,21.0,True,,,,,,,1.0,5.0,5.0,1.0,4.0,3.0,3.0,,,,,,,,,,dust_dublin,1,1,0,0.0,1,1,1,1.0,,,,,,,,,,,,,,
5410f91308ad6ee3090e41ea,dublin,male,,irish,,,False,51.0,True,,,,,,,1.0,5.0,5.0,1.0,1.0,1.0,1.0,,,,,,,,,,dust_dublin,1,0,0,1.0,0,0,0,0.0,,,,,,,,,,,,,,
5410fab208ad6ee3090e4807,dublin,female,,irish,,,False,31.0,True,,,,,,,1.0,4.0,5.0,1.0,2.0,3.0,3.0,,,,,,,,,,dust_dublin,1,0,1,0.0,0,1,0,0.0,,,,,,,,,,,,,,
5410fc0508ad6ee3090e4cf8,dublin,male,,irish,,,True,11.0,True,,,,,,,1.0,1.0,3.0,3.0,1.0,2.0,1.0,,,,,,,,,,dust_dublin,1,1,0,0.0,1,1,0,0.0,,,,,,,,,,,,,,
5410fcb808ad6ee3090e4fb9,dublin,male,,irish,,,False,11.0,True,,,,,,,2.0,4.0,4.0,1.0,2.0,3.0,4.0,,,,,,,,,,dust_dublin,1,0,0,0.0,0,1,0,1.0,,,,,,,,,,,,,,
5410fe3c08ad6ee3090e55a0,dublin,male,,other,,,False,61.0,True,,,,,,,1.0,3.0,4.0,1.0,4.0,3.0,3.0,,,,,,,,,,dust_dublin,1,1,0,0.0,0,1,0,0.0,,,,,,,,,,,,,,
5410fec908ad6ee3090e579f,dublin,male,,irish,,,False,21.0,True,,,,,,,2.0,3.0,5.0,3.0,1.0,4.0,2.0,,,,,,,,,,dust_dublin,1,0,0,0.0,1,0,1,0.0,,,,,,,,,,,,,,
5410ffd808ad6ee3090e5b8c,dublin,male,True,irish,,3.0,False,11.0,True,,,,,,,1.0,4.0,3.0,1.0,4.0,3.0,4.0,,,,,,,,,,dust_dublin,1,0,0,0.0,0,0,0,0.0,,,,,,,,,,,,,,
5410ffda08ad6ee3090e5bab,dublin,female,False,other,,3.0,False,25.0,True,,,,,,,1.0,4.0,4.0,1.0,4.0,3.0,4.0,,,,,,,,,,dust_dublin,0,0,0,0.0,0,1,0,0.0,,,,,,,,,,,,,,
541100f808ad6ee3090e5ff6,dublin,male,False,irish,,2.0,False,14.0,True,,,,,,,3.0,4.0,5.0,2.0,1.0,1.0,1.0,,,,,,,,,,dust_dublin,1,0,0,0.0,0,0,0,0.0,,,,,,,,,,,,,,
541100f908ad6ee3090e5fff,dublin,female,True,irish,,3.0,False,14.0,True,,,,,,,1.0,5.0,4.0,1.0,4.0,3.0,4.0,,,,,,,,,,dust_dublin,1,0,0,0.0,0,0,0,0.0,,,,,,,,,,,,,,
5411015508ad6ee3090e615e,dublin,male,True,other,,3.0,False,17.0,True,,,,,,,1.0,4.0,4.0,2.0,2.0,3.0,3.0,,,,,,,,,,dust_dublin,1,0,0,0.0,0,1,0,0.0,,,,,,,,,,,,,,
541101b908ad6ee3090e62f7,dublin,female,False,irish,,1.0,False,27.0,True,,,,,,,3.0,4.0,5.0,3.0,2.0,3.0,2.0,,,,,,,,,,dust_dublin,1,0,1,0.0,0,1,1,1.0,,,,,,,,,,,,,,
541101b908ad6ee3090e6300,dublin,male,True,irish,,3.0,False,55.0,True,,,,,,,4.0,2.0,4.0,5.0,1.0,1.0,1.0,,,,,,,,,,dust_dublin,1,1,0,1.0,1,0,1,0.0,,,,,,,,,,,,,,
5411022e08ad6ee3090e64bb,dublin,male,False,other,,3.0,False,27.0,True,,,,,,,2.0,4.0,4.0,1.0,2.0,2.0,3.0,,,,,,,,,,dust_dublin,1,1,0,0.0,0,1,1,1.0,,,,,,,,,,,,,,
5411030f08ad6ee3090e67cf,dublin,male,False,irish,,1.0,False,27.0,True,,,,,,,1.0,4.0,4.0,3.0,2.0,4.0,4.0,,,,,,,,,,dust_dublin,1,0,0,0.0,0,1,0,0.0,,,,,,,,,,,,,,
5411030f08ad6ee3090e67d7,dublin,female,True,other,,3.0,True,16.0,True,,,,,,,1.0,3.0,5.0,2.0,1.0,2.0,1.0,,,,,,,,,,dust_dublin,0,0,0,0.0,1,1,0,0.0,,,,,,,,,,,,,,
5411047508ad6ee3090e6cbd,dublin,male,False,irish,,1.0,False,13.0,True,,,,,,,2.0,3.0,5.0,4.0,2.0,2.0,2.0,,,,,,,,,,dust_dublin,0,0,0,0.0,0,1,0,0.0,,,,,,,,,,,,,,
5411047608ad6ee3090e6cc9,dublin,male,False,other,,3.0,False,13.0,True,,,,,,,2.0,5.0,2.0,2.0,5.0,3.0,4.0,,,,,,,,,,dust_dublin,1,0,0,0.0,0,0,0,0.0,,,,,,,,,,,,,,
5411054d08ad6ee3090e6fe5,dublin,female,True,irish,,2.0,False,30.0,True,,,,,,,2.0,3.0,4.0,2.0,2.0,2.0,2.0,,,,,,,,,,dust_dublin,1,1,1,1.0,1,1,0,0.0,,,,,,,,,,,,,,
5411072208ad6ee3090e767f,dublin,female,True,other,,2.0,False,51.0,True,,,,,,,,,1.0,,,,,,1.0,3.0,2.0,2.0,2.0,3.0,3.0,2.0,dust_dublin,0,0,0,0.0,1,0,0,0.0,,,,,,,,,,,,,,
5410f8da08ad6ee3090e4126,dublin,male,False,irish,,2.0,False,20.0,True,,,,,,,,,1.0,,,,,,4.0,4.0,3.0,2.0,4.0,4.0,2.0,4.0,dust_dublin,1,0,1,0.0,0,1,0,1.0,,,,,,,,,,,,,,
5411002b08ad6ee3090e5cf8,dublin,female,False,other,,3.0,False,25.0,True,,,,,,,,,1.0,,,,,,5.0,2.0,3.0,3.0,4.0,5.0,3.0,5.0,dust_dublin,0,1,0,0.0,0,0,0,0.0,,,,,,,,,,,,,,
541100bc08ad6ee3090e5f2d,dublin,female,False,other,,2.0,False,25.0,True,,,,,,,,,2.0,,,,,,2.0,5.0,3.0,2.0,4.0,5.0,2.0,3.0,dust_dublin,1,0,1,1.0,0,1,0,1.0,,,,,,,,,,,,,,
541100bc08ad6ee3090e5f35,dublin,female,False,irish,,2.0,False,56.0,True,,,,,,,,,1.0,,,,,,2.0,2.0,3.0,1.0,2.0,3.0,1.0,2.0,dust_dublin,0,1,0,1.0,1,1,1,0.0,,,,,,,,,,,,,,
5411020b08ad6ee3090e6433,dublin,female,True,irish,,3.0,False,23.0,True,,,,,,,,,,,,,,,,,,,,,,,dust_dublin,1,0,0,0.0,0,0,0,0.0,,,,,,,,,,,,,,
541103aa08ad6ee3090e69d4,dublin,female,True,irish,,2.0,False,32.0,True,,,,,,,,,,,,,,,,,,,,,,,dust_dublin,1,1,1,0.0,0,1,1,1.0,,,,,,,,,,,,,,
5411049008ad6ee3090e6d3e,dublin,female,False,irish,,1.0,False,30.0,True,,,,,,,,,,,,,,,,,,,,,,,dust_dublin,1,1,0,0.0,0,1,0,1.0,,,,,,,,,,,,,,
5411015508ad6ee3090e6162,dublin,female,False,irish,,2.0,False,51.0,True,,,,,,,1.0,4.0,3.0,1.0,2.0,2.0,3.0,,,,,,,,,,dust_dublin,0,0,0,0.0,1,0,1,0.0,,,,,,,,,,,,,,
5410fc0908ad6ee3090e4d30,dublin,male,,other,,,False,71.0,True,,,,,,,1.0,4.0,4.0,3.0,2.0,2.0,2.0,,,,,,,,,,dust_dublin,1,0,0,1.0,0,0,0,0.0,,,,,,,,,,,,,,
541102b108ad6ee3090e667d,dublin,male,,other,,,False,31.0,True,,,,,,,1.0,4.0,5.0,3.0,3.0,3.0,3.0,,,,,,,,,,dust_dublin,1,0,0,0.0,0,1,0,0.0,,,,,,,,,,,,,,
5410f7b408ad6ee3090e3d19,dublin,female,,other,,,False,61.0,True,,,,,,,1.0,4.0,4.0,1.0,4.0,3.0,3.0,,,,,,,,,,dust_dublin,1,0,1,0.0,0,1,1,0.0,,,,,,,,,,,,,,
5411054d08ad6ee3090e6fed,dublin,female,True,irish,,4.0,False,51.0,True,,,,,,,3.0,1.0,4.0,1.0,1.0,1.0,2.0,,,,,,,,,,dust_dublin,0,1,0,1.0,1,0,1,0.0,,,,,,,,,,,,,,
541101b808ad6ee3090e62e4,dublin,female,False,other,,3.0,False,23.0,True,,,,,,,1.0,4.0,5.0,1.0,1.0,3.0,1.0,,,,,,,,,,dust_dublin,1,1,1,0.0,1,1,0,1.0,,,,,,,,,,,,,,
5410fd5d08ad6ee3090e5231,dublin,male,,other,,,False,41.0,True,,,,,,,1.0,5.0,5.0,4.0,1.0,2.0,2.0,,,,,,,,,,dust_dublin,0,0,0,0.0,0,0,1,0.0,,,,,,,,,,,,,,
5410f91208ad6ee3090e41cc,dublin,male,,other,,,False,21.0,True,,,,,,,4.0,1.0,5.0,4.0,2.0,2.0,2.0,,,,,,,,,,dust_dublin,1,1,1,0.0,1,1,0,1.0,,,,,,,,,,,,,,
541102af08ad6ee3090e665f,dublin,male,,irish,,,False,21.0,False,,,,,,,1.0,3.0,3.0,1.0,4.0,3.0,3.0,,,,,,,,,,dust_dublin,1,0,0,0.0,0,1,0,0.0,,,,,,,,,,,,,,
5411036108ad6ee3090e68e7,dublin,male,,irish,,,False,61.0,False,,,,,,,2.0,3.0,4.0,1.0,3.0,3.0,3.0,,,,,,,,,,dust_dublin,0,0,0,1.0,1,0,1,0.0,,,,,,,,,,,,,,
5411041008ad6ee3090e6b57,dublin,male,,other,,,False,31.0,False,,,,,,,1.0,4.0,4.0,1.0,3.0,2.0,3.0,,,,,,,,,,dust_dublin,0,0,0,0.0,0,0,0,1.0,,,,,,,,,,,,,,
5411051808ad6ee3090e6f1f,dublin,female,,irish,,,False,41.0,False,,,,,,,1.0,2.0,5.0,3.0,1.0,1.0,1.0,,,,,,,,,,dust_dublin,1,0,0,0.0,0,0,0,0.0,,,,,,,,,,,,,,
5411059908ad6ee3090e70f4,dublin,female,,irish,,,False,21.0,False,,,,,,,1.0,5.0,5.0,3.0,3.0,3.0,3.0,,,,,,,,,,dust_dublin,0,0,0,0.0,0,0,0,1.0,,,,,,,,,,,,,,
541106b808ad6ee3090e7540,dublin,male,,irish,,,False,31.0,False,,,,,,,2.0,2.0,3.0,3.0,2.0,2.0,2.0,,,,,,,,,,dust_dublin,1,1,1,1.0,1,1,0,1.0,,,,,,,,,,,,,,
5411076e08ad6ee3090e7782,dublin,male,,irish,,,False,51.0,False,,,,,,,4.0,2.0,4.0,4.0,1.0,1.0,1.0,,,,,,,,,,dust_dublin,1,1,1,0.0,1,0,0,1.0,,,,,,,,,,,,,,
5411076e08ad6ee3090e7785,dublin,male,,other,,,False,31.0,False,,,,,,,1.0,3.0,4.0,2.0,4.0,3.0,3.0,,,,,,,,,,dust_dublin,1,1,0,0.0,0,1,1,0.0,,,,,,,,,,,,,,
5410f69408ad6ee3090e3881,dublin,male,,irish,,,True,41.0,False,,,,,,,1.0,3.0,4.0,3.0,3.0,3.0,3.0,,,,,,,,,,dust_dublin,1,0,0,0.0,0,1,0,0.0,,,,,,,,,,,,,,
5410f69608ad6ee3090e38a4,dublin,female,,irish,,,False,21.0,False,,,,,,,3.0,4.0,4.0,4.0,2.0,2.0,1.0,,,,,,,,,,dust_dublin,0,0,0,0.0,1,1,0,0.0,,,,,,,,,,,,,,
5410f95308ad6ee3090e42c5,dublin,male,,irish,,,False,41.0,False,,,,,,,2.0,2.0,4.0,1.0,3.0,3.0,4.0,,,,,,,,,,dust_dublin,1,1,1,0.0,1,1,1,1.0,,,,,,,,,,,,,,
5410f95408ad6ee3090e42d1,dublin,male,,irish,,,False,41.0,False,,,,,,,1.0,4.0,3.0,3.0,4.0,3.0,4.0,,,,,,,,,,dust_dublin,1,0,1,0.0,0,0,0,0.0,,,,,,,,,,,,,,
5410f9f908ad6ee3090e4555,dublin,female,,irish,,,False,31.0,False,,,,,,,3.0,4.0,4.0,1.0,2.0,4.0,3.0,,,,,,,,,,dust_dublin,1,1,0,1.0,1,1,1,0.0,,,,,,,,,,,,,,
5410fab008ad6ee3090e47ed,dublin,male,,irish,,,False,41.0,False,,,,,,,1.0,4.0,3.0,1.0,3.0,3.0,2.0,,,,,,,,,,dust_dublin,1,0,1,0.0,0,1,0,1.0,,,,,,,,,,,,,,
5410fc0608ad6ee3090e4d07,dublin,male,,irish,,,False,51.0,False,,,,,,,1.0,4.0,5.0,1.0,1.0,1.0,1.0,,,,,,,,,,dust_dublin,1,1,0,1.0,0,0,1,0.0,,,,,,,,,,,,,,
5410fc0808ad6ee3090e4d27,dublin,male,,irish,,,False,11.0,False,,,,,,,1.0,1.0,5.0,1.0,1.0,1.0,1.0,,,,,,,,,,dust_dublin,1,1,1,0.0,1,1,1,0.0,,,,,,,,,,,,,,
5410fc0908ad6ee3090e4d38,dublin,female,,irish,,,False,21.0,False,,,,,,,3.0,5.0,4.0,3.0,1.0,2.0,1.0,,,,,,,,,,dust_dublin,1,0,0,0.0,0,0,0,0.0,,,,,,,,,,,,,,
5410fc0908ad6ee3090e4d3f,dublin,female,,other,,,False,31.0,False,,,,,,,1.0,4.0,4.0,1.0,1.0,4.0,3.0,,,,,,,,,,dust_dublin,1,0,0,0.0,0,0,0,0.0,,,,,,,,,,,,,,
5410fcb908ad6ee3090e4fcb,dublin,male,,irish,,,False,31.0,False,,,,,,,1.0,3.0,3.0,3.0,3.0,4.0,3.0,,,,,,,,,,dust_dublin,1,0,1,1.0,1,0,0,1.0,,,,,,,,,,,,,,
5410fcb908ad6ee3090e4fcf,dublin,female,,irish,,,False,41.0,False,,,,,,,4.0,5.0,3.0,1.0,3.0,4.0,1.0,,,,,,,,,,dust_dublin,0,0,0,1.0,0,0,0,0.0,,,,,,,,,,,,,,
5410fd5d08ad6ee3090e5238,dublin,male,,irish,,,True,41.0,False,,,,,,,2.0,5.0,4.0,4.0,3.0,4.0,2.0,,,,,,,,,,dust_dublin,1,1,0,0.0,1,0,0,0.0,,,,,,,,,,,,,,
5410fda408ad6ee3090e5333,dublin,female,,other,,,False,21.0,False,,,,,,,4.0,3.0,5.0,4.0,1.0,2.0,4.0,,,,,,,,,,dust_dublin,0,0,0,0.0,0,1,0,0.0,,,,,,,,,,,,,,
5410fda508ad6ee3090e5341,dublin,female,,irish,,,False,31.0,False,,,,,,,1.0,4.0,5.0,1.0,2.0,2.0,2.0,,,,,,,,,,dust_dublin,1,1,0,0.0,0,1,0,1.0,,,,,,,,,,,,,,
5410fda608ad6ee3090e5350,dublin,female,,other,,,False,31.0,False,,,,,,,3.0,3.0,4.0,1.0,2.0,3.0,1.0,,,,,,,,,,dust_dublin,1,1,0,0.0,0,1,0,0.0,,,,,,,,,,,,,,
5410fda708ad6ee3090e5360,dublin,male,,irish,,,False,41.0,False,,,,,,,2.0,4.0,5.0,1.0,1.0,1.0,2.0,,,,,,,,,,dust_dublin,1,0,1,0.0,0,1,0,1.0,,,,,,,,,,,,,,
5410fe3b08ad6ee3090e5585,dublin,male,,irish,,,False,41.0,False,,,,,,,2.0,4.0,4.0,1.0,4.0,3.0,4.0,,,,,,,,,,dust_dublin,0,0,1,0.0,0,0,0,0.0,,,,,,,,,,,,,,
5410fec908ad6ee3090e57aa,dublin,male,,other,,,False,41.0,False,,,,,,,2.0,3.0,4.0,1.0,2.0,3.0,2.0,,,,,,,,,,dust_dublin,1,1,0,0.0,0,0,0,0.0,,,,,,,,,,,,,,
5410ffd908ad6ee3090e5b98,dublin,male,False,irish,,1.0,False,57.0,False,,,,,,,1.0,3.0,3.0,3.0,5.0,4.0,3.0,,,,,,,,,,dust_dublin,1,0,0,1.0,1,1,1,0.0,,,,,,,,,,,,,,
5411005f08ad6ee3090e5db1,dublin,female,False,irish,,3.0,False,49.0,False,,,,,,,1.0,4.0,4.0,3.0,3.0,3.0,4.0,,,,,,,,,,dust_dublin,0,0,0,0.0,0,1,0,0.0,,,,,,,,,,,,,,
5411006008ad6ee3090e5dbc,dublin,female,True,other,,3.0,False,27.0,False,,,,,,,1.0,4.0,3.0,1.0,2.0,3.0,4.0,,,,,,,,,,dust_dublin,1,0,0,0.0,0,0,0,0.0,,,,,,,,,,,,,,
5411006008ad6ee3090e5dc0,dublin,male,False,other,,1.0,False,50.0,False,,,,,,,1.0,2.0,3.0,2.0,3.0,2.0,3.0,,,,,,,,,,dust_dublin,1,0,0,0.0,0,1,0,0.0,,,,,,,,,,,,,,
5411015708ad6ee3090e617c,dublin,male,False,irish,,3.0,False,37.0,False,,,,,,,2.0,3.0,4.0,4.0,3.0,4.0,1.0,,,,,,,,,,dust_dublin,1,1,1,0.0,0,1,0,0.0,,,,,,,,,,,,,,
5411031108ad6ee3090e67f3,dublin,female,True,irish,,2.0,False,12.0,False,,,,,,,3.0,1.0,4.0,4.0,1.0,2.0,2.0,,,,,,,,,,dust_dublin,0,0,0,0.0,0,1,0,0.0,,,,,,,,,,,,,,
541103e208ad6ee3090e6ac5,dublin,female,True,irish,,2.0,False,9.0,False,,,,,,,1.0,5.0,5.0,1.0,4.0,2.0,4.0,,,,,,,,,,dust_dublin,0,0,1,0.0,0,1,0,0.0,,,,,,,,,,,,,,
5411047808ad6ee3090e6cdf,dublin,male,True,other,,4.0,False,23.0,False,,,,,,,1.0,4.0,5.0,3.0,3.0,3.0,3.0,,,,,,,,,,dust_dublin,0,1,0,0.0,1,1,0,0.0,,,,,,,,,,,,,,
541104c108ad6ee3090e6de3,dublin,male,True,irish,,2.0,False,54.0,False,,,,,,,1.0,5.0,2.0,1.0,5.0,5.0,5.0,,,,,,,,,,dust_dublin,1,0,0,0.0,0,0,0,0.0,,,,,,,,,,,,,,
541104c208ad6ee3090e6ded,dublin,male,False,other,,2.0,False,26.0,False,,,,,,,1.0,4.0,5.0,1.0,2.0,3.0,4.0,,,,,,,,,,dust_dublin,1,0,0,0.0,1,0,0,0.0,,,,,,,,,,,,,,
541104c308ad6ee3090e6dfb,dublin,male,True,irish,,3.0,False,24.0,False,,,,,,,1.0,4.0,4.0,1.0,3.0,3.0,2.0,,,,,,,,,,dust_dublin,1,0,0,0.0,0,1,0,0.0,,,,,,,,,,,,,,
5411054e08ad6ee3090e6ff3,dublin,male,False,irish,,2.0,False,63.0,False,,,,,,,1.0,4.0,4.0,3.0,3.0,3.0,2.0,,,,,,,,,,dust_dublin,0,0,1,1.0,1,0,0,0.0,,,,,,,,,,,,,,
541105e008ad6ee3090e720f,dublin,male,False,irish,,2.0,False,12.0,False,,,,,,,1.0,5.0,3.0,1.0,3.0,3.0,3.0,,,,,,,,,,dust_dublin,1,0,0,0.0,0,0,0,0.0,,,,,,,,,,,,,,
541105e008ad6ee3090e7218,dublin,male,False,irish,,2.0,False,21.0,False,,,,,,,2.0,2.0,2.0,3.0,2.0,2.0,3.0,,,,,,,,,,dust_dublin,1,0,0,0.0,0,0,0,0.0,,,,,,,,,,,,,,
5410f71408ad6ee3090e3aca,dublin,male,True,irish,,3.0,False,25.0,False,,,,,,,,,1.0,,,,,,3.0,3.0,4.0,2.0,3.0,4.0,4.0,3.0,dust_dublin,1,1,1,0.0,0,1,0,0.0,,,,,,,,,,,,,,
5410f8d908ad6ee3090e4117,dublin,female,False,irish,,3.0,False,25.0,False,,,,,,,,,1.0,,,,,,4.0,4.0,4.0,1.0,3.0,5.0,3.0,2.0,dust_dublin,1,0,0,0.0,0,1,0,0.0,,,,,,,,,,,,,,
5410f8da08ad6ee3090e4134,dublin,female,False,irish,,1.0,False,41.0,False,,,,,,,,,1.0,,,,,,3.0,1.0,4.0,3.0,4.0,3.0,2.0,1.0,dust_dublin,0,0,0,0.0,0,1,0,0.0,,,,,,,,,,,,,,
5410f93408ad6ee3090e426f,dublin,female,False,irish,,3.0,False,43.0,False,,,,,,,,,1.0,,,,,,2.0,3.0,4.0,1.0,4.0,4.0,3.0,2.0,dust_dublin,1,0,1,1.0,1,1,1,0.0,,,,,,,,,,,,,,
5410fa8808ad6ee3090e4771,dublin,male,False,irish,,2.0,False,34.0,False,,,,,,,,,3.0,,,,,,2.0,2.0,3.0,2.0,4.0,2.0,4.0,4.0,dust_dublin,1,0,1,1.0,0,1,0,0.0,,,,,,,,,,,,,,
5410fea008ad6ee3090e571b,dublin,male,False,other,,1.0,False,39.0,False,,,,,,,,,1.0,,,,,,3.0,3.0,3.0,1.0,4.0,3.0,4.0,2.0,dust_dublin,1,1,1,0.0,1,1,0,0.0,,,,,,,,,,,,,,
5410ff2d08ad6ee3090e5949,dublin,male,True,irish,,4.0,False,27.0,False,,,,,,,,,1.0,,,,,,4.0,5.0,5.0,1.0,4.0,4.0,4.0,4.0,dust_dublin,1,0,0,0.0,0,0,0,0.0,,,,,,,,,,,,,,
5411020c08ad6ee3090e6446,dublin,female,True,irish,,3.0,False,24.0,False,,,,,,,,,,,,,,,,,,,,,,,dust_dublin,1,0,1,0.0,0,1,0,0.0,,,,,,,,,,,,,,
5411024b08ad6ee3090e652c,dublin,male,True,irish,,3.0,False,24.0,False,,,,,,,,,,,,,,,,,,,,,,,dust_dublin,1,0,0,0.0,1,0,0,1.0,,,,,,,,,,,,,,
541103ac08ad6ee3090e69fb,dublin,female,False,other,,3.0,False,39.0,False,,,,,,,,,,,,,,,,,,,,,,,dust_dublin,0,0,0,0.0,0,0,1,0.0,,,,,,,,,,,,,,
541103ad08ad6ee3090e6a03,dublin,male,False,irish,,3.0,False,15.0,False,,,,,,,,,,,,,,,,,,,,,,,dust_dublin,0,0,0,0.0,0,1,0,0.0,,,,,,,,,,,,,,
541105bb08ad6ee3090e7184,dublin,male,True,irish,,4.0,False,32.0,False,,,,,,,,,,,,,,,,,,,,,,,dust_dublin,1,1,1,0.0,0,1,0,1.0,,,,,,,,,,,,,,
541105bc08ad6ee3090e7197,dublin,female,False,irish,,3.0,False,25.0,False,,,,,,,,,,,,,,,,,,,,,,,dust_dublin,0,0,1,0.0,0,0,0,0.0,,,,,,,,,,,,,,
570eb78b83a73509d0e03eef,taipei_city,female,,taiwanese,,1.0,False,14.0,True,3.0,5.0,-1.0,3.0,3.0,3.0,,4.0,5.0,1.0,5.0,4.0,5.0,3.0,,,,,,,,2.0,dust_taiwan,0,0,0,,0,1,0,,en,4.0,1.0,5.0,2.0,5.0,5.0,4.0,2.0,4.0,2.0,5.0,0.0,0.0
570eb73e83a73509d0e025e5,taipei_city,male,,taiwanese,,5.0,False,9.0,True,5.0,5.0,-1.0,1.0,5.0,5.0,,1.0,5.0,1.0,1.0,3.0,3.0,5.0,,,,,,,,1.0,dust_taiwan,1,0,0,,0,0,0,,en,5.0,5.0,5.0,5.0,5.0,5.0,5.0,5.0,5.0,5.0,1.0,0.0,0.0
570eb79d83a73509d0e044a7,taipei_city,male,,taiwanese,,2.0,False,13.0,True,2.0,3.0,-1.0,4.0,3.0,2.0,,5.0,5.0,1.0,5.0,5.0,5.0,4.0,,,,,,,,1.0,dust_taiwan,1,1,1,,1,1,1,,zh_TW,4.0,2.0,4.0,3.0,3.0,5.0,1.0,4.0,4.0,1.0,5.0,1.0,1.0
570eb7be83a73509d0e04ed5,taipei_city,male,,taiwanese,,1.0,False,9.0,True,4.0,4.0,-1.0,3.0,3.0,3.0,,4.0,5.0,1.0,4.0,3.0,4.0,3.0,,,,,,,,3.0,dust_taiwan,0,0,0,,1,0,0,,zh_TW,3.0,2.0,3.0,3.0,2.0,2.0,3.0,2.0,2.0,3.0,4.0,0.0,0.0
570eb72083a73509d0e01bfe,taipei_city,female,,taiwanese,,5.0,False,11.0,True,4.0,4.0,-1.0,4.0,4.0,1.0,,2.0,5.0,1.0,5.0,5.0,5.0,4.0,,,,,,,,5.0,dust_taiwan,0,0,0,,0,1,0,,en,2.0,4.0,3.0,1.0,5.0,5.0,5.0,2.0,3.0,1.0,5.0,0.0,0.0
570eb75b83a73509d0e02fa8,taipei_city,female,,taiwanese,,2.0,False,10.0,True,4.0,2.0,-1.0,2.0,1.0,1.0,,3.0,1.0,1.0,3.0,1.0,1.0,4.0,,,,,,,,4.0,dust_taiwan,0,0,0,,0,1,0,,zh_TW,5.0,1.0,5.0,2.0,2.0,5.0,2.0,3.0,1.0,2.0,2.0,0.0,0.0
570eb7a983a73509d0e04838,taipei_city,female,,taiwanese,,3.0,False,15.0,True,3.0,5.0,-1.0,3.0,3.0,4.0,,4.0,5.0,4.0,4.0,4.0,5.0,4.0,,,,,,,,4.0,dust_taiwan,1,1,0,,0,1,0,,zh_TW,5.0,2.0,4.0,3.0,4.0,3.0,5.0,3.0,2.0,5.0,5.0,0.0,1.0
570eb72483a73509d0e01d6d,taipei_city,male,,taiwanese,,5.0,False,14.0,True,1.0,1.0,-1.0,3.0,1.0,1.0,,4.0,5.0,1.0,5.0,5.0,5.0,3.0,,,,,,,,1.0,dust_taiwan,0,0,0,,1,1,0,,en,5.0,2.0,5.0,2.0,5.0,4.0,5.0,1.0,1.0,5.0,5.0,0.0,0.0
570eb74783a73509d0e028b2,taipei_city,female,,taiwanese,,3.0,False,17.0,True,3.0,4.0,-1.0,2.0,4.0,4.0,,2.0,5.0,1.0,4.0,4.0,5.0,4.0,,,,,,,,2.0,dust_taiwan,0,0,0,,0,1,0,,en,4.0,5.0,4.0,4.0,2.0,5.0,2.0,5.0,4.0,1.0,2.0,0.0,0.0
570eb75783a73509d0e02e26,taipei_city,male,,taiwanese,,5.0,False,15.0,True,4.0,3.0,-1.0,3.0,3.0,3.0,,4.0,5.0,3.0,4.0,3.0,5.0,4.0,,,,,,,,4.0,dust_taiwan,0,0,0,,0,1,0,,en,4.0,4.0,5.0,4.0,5.0,2.0,4.0,3.0,1.0,5.0,5.0,0.0,0.0
570eb78883a73509d0e03e35,taipei_city,male,,taiwanese,,3.0,False,9.0,True,4.0,4.0,-1.0,5.0,5.0,5.0,,5.0,5.0,4.0,5.0,5.0,5.0,5.0,,,,,,,,5.0,dust_taiwan,0,0,0,,1,0,0,,en,5.0,1.0,5.0,1.0,5.0,1.0,5.0,5.0,1.0,4.0,4.0,0.0,0.0
570eb78583a73509d0e03d1e,taipei_city,male,,taiwanese,,4.0,False,15.0,True,3.0,3.0,-1.0,4.0,4.0,5.0,,4.0,4.0,1.0,5.0,2.0,5.0,4.0,,,,,,,,3.0,dust_taiwan,0,0,0,,1,1,0,,en,2.0,4.0,5.0,3.0,3.0,4.0,2.0,4.0,3.0,2.0,4.0,0.0,0.0
570eb7c183a73509d0e04fc1,taipei_city,male,,taiwanese,,3.0,False,41.0,True,2.0,3.0,-1.0,1.0,3.0,1.0,,3.0,3.0,1.0,4.0,4.0,4.0,3.0,,,,,,,,1.0,dust_taiwan,1,0,1,,1,1,1,,en,4.0,2.0,4.0,4.0,2.0,4.0,3.0,4.0,3.0,4.0,2.0,0.0,0.0
570eb75483a73509d0e02d21,taipei_city,female,,taiwanese,,5.0,False,10.0,True,3.0,1.0,-1.0,4.0,3.0,2.0,,4.0,4.0,1.0,5.0,3.0,3.0,2.0,,,,,,,,3.0,dust_taiwan,0,0,0,,0,1,0,,zh_TW,4.0,2.0,2.0,1.0,5.0,1.0,3.0,1.0,1.0,5.0,3.0,0.0,0.0
570eb77c83a73509d0e03a93,taipei_city,female,,taiwanese,,3.0,False,10.0,True,3.0,5.0,-1.0,3.0,5.0,3.0,,2.0,3.0,1.0,1.0,3.0,3.0,2.0,,,,,,,,1.0,dust_taiwan,0,0,0,,1,0,0,,en,5.0,1.0,5.0,1.0,4.0,2.0,3.0,3.0,1.0,3.0,3.0,0.0,0.0
570eb77983a73509d0e039a7,taipei_city,female,,taiwanese,,2.0,False,30.0,True,2.0,4.0,-1.0,2.0,2.0,2.0,,3.0,3.0,1.0,3.0,2.0,3.0,3.0,,,,,,,,3.0,dust_taiwan,0,0,0,,0,1,0,,en,4.0,2.0,4.0,2.0,3.0,4.0,2.0,5.0,1.0,2.0,2.0,0.0,0.0
570eb74283a73509d0e0271d,taipei_city,female,,taiwanese,,2.0,False,9.0,True,5.0,5.0,-1.0,5.0,5.0,5.0,,1.0,5.0,1.0,5.0,5.0,5.0,2.0,,,,,,,,5.0,dust_taiwan,0,0,0,,0,1,0,,en,5.0,1.0,5.0,5.0,3.0,1.0,5.0,5.0,1.0,3.0,5.0,0.0,0.0
570eb78383a73509d0e03ca4,taipei_city,male,,taiwanese,,2.0,False,10.0,True,1.0,1.0,-1.0,1.0,1.0,1.0,,4.0,5.0,1.0,4.0,5.0,4.0,3.0,,,,,,,,5.0,dust_taiwan,0,0,0,,0,1,0,,en,3.0,2.0,4.0,3.0,3.0,4.0,3.0,3.0,3.0,3.0,4.0,0.0,0.0
570eb76f83a73509d0e0364a,taipei_city,female,,american,,2.0,False,18.0,True,3.0,3.0,-1.0,3.0,3.0,3.0,,4.0,4.0,1.0,5.0,3.0,5.0,4.0,,,,,,,,4.0,dust_taiwan,0,0,1,,0,1,0,,zh_TW,4.0,1.0,5.0,4.0,5.0,4.0,2.0,5.0,4.0,3.0,4.0,0.0,1.0
570eb74683a73509d0e02899,taipei_city,male,,taiwanese,,2.0,False,15.0,True,2.0,5.0,-1.0,4.0,2.0,3.0,,4.0,5.0,1.0,5.0,4.0,5.0,3.0,,,,,,,,4.0,dust_taiwan,0,0,0,,0,1,0,,en,4.0,2.0,4.0,2.0,4.0,4.0,5.0,4.0,3.0,3.0,5.0,0.0,0.0
570eb77a83a73509d0e039dc,taipei_city,male,,taiwanese,,2.0,False,30.0,True,5.0,4.0,-1.0,3.0,4.0,4.0,,5.0,4.0,2.0,4.0,5.0,5.0,4.0,,,,,,,,4.0,dust_taiwan,0,0,0,,0,1,0,,en,4.0,3.0,2.0,4.0,4.0,4.0,3.0,4.0,4.0,2.0,3.0,0.0,0.0
570eb72383a73509d0e01cff,taichung_city,female,,taiwanese,,1.0,False,18.0,True,3.0,4.0,-1.0,2.0,3.0,3.0,,4.0,5.0,1.0,5.0,5.0,5.0,2.0,,,,,,,,5.0,dust_taiwan,0,0,0,,0,1,0,,en,4.0,1.0,5.0,4.0,2.0,4.0,5.0,4.0,4.0,4.0,4.0,0.0,0.0
570eb74a83a73509d0e029f0,taichung_city,female,,taiwanese,,3.0,False,27.0,True,2.0,3.0,-1.0,2.0,3.0,2.0,,3.0,4.0,1.0,4.0,4.0,4.0,4.0,,,,,,,,3.0,dust_taiwan,1,1,0,,1,0,1,,en,4.0,2.0,4.0,4.0,3.0,4.0,2.0,5.0,2.0,3.0,4.0,0.0,0.0
570eb77e83a73509d0e03b4c,taichung_city,male,,taiwanese,,3.0,False,21.0,True,2.0,3.0,-1.0,4.0,3.0,3.0,,4.0,4.0,1.0,5.0,4.0,4.0,4.0,,,,,,,,4.0,dust_taiwan,0,1,0,,0,0,0,,zh_TW,4.0,2.0,4.0,4.0,2.0,4.0,4.0,4.0,3.0,3.0,4.0,0.0,0.0
570eb76483a73509d0e0327e,taichung_city,female,,taiwanese,,4.0,False,29.0,True,2.0,4.0,-1.0,4.0,3.0,3.0,,2.0,4.0,1.0,5.0,3.0,4.0,4.0,,,,,,,,3.0,dust_taiwan,1,0,0,,0,1,0,,en,4.0,1.0,4.0,4.0,2.0,5.0,3.0,4.0,3.0,2.0,5.0,0.0,0.0
570eb78b83a73509d0e03ee5,taichung_city,female,,taiwanese,,2.0,False,19.0,True,3.0,4.0,-1.0,4.0,4.0,4.0,,4.0,5.0,1.0,5.0,5.0,5.0,4.0,,,,,,,,5.0,dust_taiwan,0,0,0,,1,1,0,,en,4.0,2.0,5.0,4.0,4.0,3.0,4.0,5.0,2.0,4.0,3.0,0.0,0.0
570eb76683a73509d0e0332d,taichung_city,female,,taiwanese,,1.0,False,36.0,True,3.0,3.0,-1.0,1.0,3.0,3.0,,3.0,4.0,1.0,3.0,3.0,4.0,3.0,,,,,,,,3.0,dust_taiwan,0,0,0,,0,1,0,,zh_TW,4.0,3.0,4.0,3.0,4.0,3.0,2.0,5.0,2.0,3.0,4.0,0.0,0.0
570eb7b883a73509d0e04cf3,taichung_city,male,,taiwanese,,1.0,False,51.0,True,2.0,1.0,-1.0,5.0,1.0,1.0,,5.0,5.0,5.0,5.0,5.0,5.0,1.0,,,,,,,,5.0,dust_taiwan,0,0,0,,0,1,0,,zh_TW,1.0,3.0,3.0,1.0,3.0,1.0,3.0,3.0,4.0,4.0,5.0,0.0,0.0
570eb79883a73509d0e04330,taichung_city,male,,taiwanese,,3.0,False,16.0,True,4.0,4.0,-1.0,4.0,3.0,4.0,,4.0,4.0,4.0,5.0,2.0,4.0,4.0,,,,,,,,2.0,dust_taiwan,0,0,0,,0,1,0,,en,4.0,4.0,4.0,2.0,5.0,5.0,4.0,5.0,4.0,4.0,4.0,0.0,0.0
570eb76c83a73509d0e03564,taipei_city,female,,taiwanese,,4.0,False,14.0,True,1.0,1.0,-1.0,2.0,1.0,1.0,,3.0,5.0,1.0,5.0,5.0,5.0,1.0,,,,,,,,5.0,dust_taiwan,0,0,0,,1,0,0,,en,2.0,1.0,2.0,2.0,4.0,2.0,4.0,2.0,2.0,4.0,5.0,0.0,0.0
570eb74283a73509d0e0275d,taipei_city,male,,taiwanese,,2.0,False,10.0,True,1.0,2.0,-1.0,2.0,1.0,1.0,,5.0,5.0,2.0,5.0,5.0,4.0,2.0,,,,,,,,5.0,dust_taiwan,1,0,0,,1,1,0,,zh_TW,4.0,4.0,5.0,3.0,2.0,4.0,3.0,4.0,2.0,3.0,4.0,0.0,0.0
570eb77c83a73509d0e03a6b,taipei_city,male,,taiwanese,,4.0,False,11.0,True,3.0,5.0,-1.0,2.0,4.0,2.0,,4.0,5.0,1.0,5.0,5.0,5.0,1.0,,,,,,,,5.0,dust_taiwan,0,0,0,,0,1,0,,en,5.0,5.0,5.0,5.0,5.0,5.0,5.0,5.0,5.0,5.0,5.0,0.0,0.0
570eb78183a73509d0e03c12,taipei_city,male,,taiwanese,,1.0,False,46.0,False,3.0,3.0,-1.0,2.0,2.0,2.0,,2.0,4.0,2.0,3.0,2.0,4.0,2.0,,,,,,,,3.0,dust_taiwan,1,0,0,,1,1,0,,en,4.0,3.0,4.0,4.0,1.0,4.0,2.0,5.0,4.0,2.0,4.0,0.0,0.0
570eb73983a73509d0e02409,taipei_city,male,,taiwanese,,3.0,False,19.0,False,3.0,3.0,-1.0,4.0,3.0,3.0,,4.0,4.0,3.0,5.0,4.0,4.0,3.0,,,,,,,,3.0,dust_taiwan,0,0,0,,0,1,0,,en,4.0,3.0,3.0,4.0,2.0,4.0,2.0,4.0,4.0,3.0,4.0,0.0,0.0
570eb75e83a73509d0e030c4,taipei_city,female,,taiwanese,,2.0,False,18.0,False,2.0,2.0,-1.0,1.0,2.0,1.0,,4.0,5.0,1.0,5.0,4.0,5.0,4.0,,,,,,,,3.0,dust_taiwan,1,0,0,,0,1,0,,en,4.0,1.0,4.0,2.0,3.0,4.0,4.0,3.0,3.0,2.0,4.0,0.0,0.0
570eb78183a73509d0e03c0b,taipei_city,female,,taiwanese,,3.0,False,25.0,False,4.0,4.0,-1.0,3.0,4.0,2.0,,4.0,5.0,3.0,5.0,5.0,5.0,3.0,,,,,,,,4.0,dust_taiwan,0,0,0,,0,1,0,,zh_TW,3.0,3.0,3.0,3.0,3.0,3.0,3.0,3.0,3.0,3.0,3.0,0.0,0.0
570eb7b883a73509d0e04d15,taipei_city,male,,taiwanese,,4.0,True,20.0,False,3.0,3.0,-1.0,4.0,3.0,2.0,,4.0,5.0,1.0,5.0,5.0,5.0,5.0,,,,,,,,1.0,dust_taiwan,0,0,0,,0,1,0,,en,5.0,1.0,5.0,2.0,5.0,4.0,5.0,2.0,1.0,2.0,5.0,0.0,0.0
570eb74b83a73509d0e02a0f,taipei_city,female,,taiwanese,,2.0,False,21.0,False,4.0,3.0,-1.0,4.0,3.0,3.0,,4.0,5.0,1.0,5.0,4.0,5.0,2.0,,,,,,,,1.0,dust_taiwan,0,0,0,,1,1,0,,en,3.0,3.0,3.0,2.0,2.0,3.0,2.0,4.0,4.0,3.0,5.0,0.0,0.0
570eb75083a73509d0e02bb7,taipei_city,female,,taiwanese,,3.0,False,31.0,False,4.0,4.0,-1.0,1.0,2.0,3.0,,4.0,4.0,1.0,3.0,3.0,4.0,3.0,,,,,,,,2.0,dust_taiwan,1,0,0,,0,1,0,,zh_TW,2.0,1.0,4.0,5.0,1.0,4.0,2.0,5.0,5.0,4.0,1.0,0.0,0.0
570eb78883a73509d0e03df2,taipei_city,female,,taiwanese,,4.0,False,17.0,False,3.0,3.0,-1.0,4.0,3.0,3.0,,3.0,4.0,1.0,5.0,3.0,5.0,5.0,,,,,,,,5.0,dust_taiwan,0,0,0,,1,1,0,,en,4.0,1.0,5.0,3.0,3.0,4.0,4.0,4.0,4.0,4.0,4.0,0.0,0.0
570eb72e83a73509d0e020b7,taipei_city,male,,taiwanese,,1.0,False,13.0,False,3.0,5.0,-1.0,4.0,5.0,5.0,,4.0,4.0,1.0,5.0,5.0,5.0,2.0,,,,,,,,5.0,dust_taiwan,0,0,0,,0,1,0,,en,5.0,4.0,2.0,2.0,2.0,5.0,5.0,2.0,5.0,4.0,4.0,0.0,0.0
570eb72683a73509d0e01e07,taipei_city,male,,taiwanese,,5.0,False,11.0,False,5.0,1.0,-1.0,1.0,1.0,1.0,,1.0,5.0,1.0,5.0,5.0,5.0,1.0,,,,,,,,5.0,dust_taiwan,0,0,0,,0,1,0,,zh_TW,1.0,5.0,5.0,5.0,1.0,1.0,1.0,5.0,3.0,5.0,1.0,0.0,0.0
570eb7b483a73509d0e04b9b,taipei_city,male,,portuguese,,4.0,False,24.0,False,1.0,2.0,-1.0,1.0,2.0,1.0,,5.0,5.0,1.0,5.0,5.0,5.0,2.0,,,,,,,,5.0,dust_taiwan,1,0,1,,0,1,0,,en,3.0,1.0,5.0,5.0,3.0,5.0,4.0,5.0,4.0,2.0,5.0,1.0,1.0
570eb77983a73509d0e03979,taipei_city,female,,taiwanese,,3.0,False,16.0,False,3.0,3.0,-1.0,2.0,3.0,3.0,,4.0,4.0,3.0,4.0,4.0,4.0,3.0,,,,,,,,4.0,dust_taiwan,1,0,0,,0,0,0,,en,3.0,3.0,3.0,3.0,3.0,3.0,3.0,3.0,3.0,3.0,4.0,1.0,1.0
570eb7a983a73509d0e04847,taipei_city,male,,taiwanese,,3.0,False,14.0,False,2.0,4.0,-1.0,5.0,4.0,5.0,,4.0,4.0,1.0,4.0,5.0,4.0,2.0,,,,,,,,3.0,dust_taiwan,0,0,0,,0,1,0,,en,4.0,2.0,4.0,2.0,4.0,3.0,2.0,4.0,3.0,3.0,5.0,0.0,0.0
570eb73283a73509d0e021e5,taipei_city,male,,taiwanese,,3.0,False,19.0,False,3.0,4.0,-1.0,4.0,3.0,4.0,,5.0,5.0,1.0,5.0,5.0,5.0,4.0,,,,,,,,5.0,dust_taiwan,0,0,0,,0,1,0,,en,2.0,4.0,2.0,5.0,2.0,5.0,4.0,4.0,5.0,5.0,5.0,0.0,0.0
570eb79483a73509d0e041b3,taipei_city,female,,taiwanese,,3.0,False,19.0,False,3.0,3.0,-1.0,2.0,2.0,2.0,,4.0,4.0,4.0,4.0,4.0,4.0,4.0,,,,,,,,4.0,dust_taiwan,0,0,0,,1,1,0,,zh_TW,4.0,1.0,2.0,5.0,1.0,4.0,2.0,4.0,2.0,2.0,4.0,0.0,0.0
570eb79683a73509d0e0424d,taipei_city,male,,taiwanese,,3.0,False,52.0,False,2.0,4.0,-1.0,4.0,4.0,4.0,,2.0,4.0,1.0,4.0,3.0,4.0,2.0,,,,,,,,3.0,dust_taiwan,0,1,0,,0,1,1,,en,4.0,2.0,4.0,2.0,3.0,2.0,2.0,4.0,3.0,3.0,4.0,0.0,0.0
570eb73083a73509d0e02147,taipei_city,male,,taiwanese,,3.0,False,36.0,False,4.0,5.0,-1.0,3.0,4.0,5.0,,3.0,5.0,5.0,5.0,4.0,5.0,4.0,,,,,,,,4.0,dust_taiwan,0,0,0,,0,1,0,,zh_TW,4.0,1.0,4.0,4.0,4.0,4.0,3.0,4.0,3.0,4.0,5.0,0.0,0.0
570eb78d83a73509d0e03faf,taipei_city,female,,taiwanese,,2.0,False,23.0,False,2.0,3.0,-1.0,2.0,3.0,3.0,,3.0,4.0,1.0,4.0,4.0,4.0,3.0,,,,,,,,3.0,dust_taiwan,0,0,0,,0,0,0,,zh_TW,4.0,1.0,3.0,4.0,2.0,5.0,1.0,5.0,3.0,2.0,2.0,1.0,0.0
570eb77283a73509d0e0377e,taipei_city,male,,taiwanese,,4.0,False,8.0,False,4.0,5.0,-1.0,5.0,4.0,4.0,,2.0,5.0,2.0,5.0,5.0,5.0,5.0,,,,,,,,4.0,dust_taiwan,1,0,0,,1,1,1,,en,3.0,3.0,4.0,4.0,2.0,4.0,3.0,4.0,4.0,2.0,5.0,0.0,0.0
570eb78a83a73509d0e03eb9,taipei_city,female,,taiwanese,,2.0,False,13.0,False,1.0,5.0,-1.0,5.0,5.0,5.0,,1.0,5.0,1.0,5.0,5.0,5.0,1.0,,,,,,,,1.0,dust_taiwan,0,1,0,,1,1,1,,en,5.0,1.0,5.0,5.0,3.0,5.0,5.0,5.0,5.0,5.0,4.0,0.0,0.0
570eb7ba83a73509d0e04daf,taipei_city,female,,taiwanese,,3.0,False,17.0,False,4.0,4.0,-1.0,4.0,4.0,5.0,,3.0,5.0,1.0,5.0,3.0,5.0,3.0,,,,,,,,4.0,dust_taiwan,0,0,1,,0,1,0,,en,4.0,1.0,4.0,3.0,5.0,2.0,4.0,4.0,4.0,4.0,5.0,0.0,0.0
570eb77183a73509d0e03720,taipei_city,female,,taiwanese,,2.0,False,15.0,False,2.0,2.0,-1.0,2.0,2.0,2.0,,4.0,4.0,4.0,4.0,4.0,5.0,3.0,,,,,,,,4.0,dust_taiwan,0,0,0,,0,1,0,,en,2.0,3.0,2.0,2.0,2.0,5.0,4.0,3.0,2.0,2.0,3.0,0.0,0.0
570eb76e83a73509d0e035eb,taipei_city,male,,taiwanese,,1.0,False,20.0,False,3.0,4.0,-1.0,4.0,4.0,4.0,,2.0,4.0,1.0,4.0,3.0,2.0,2.0,,,,,,,,4.0,dust_taiwan,1,0,0,,0,1,0,,en,4.0,1.0,4.0,2.0,4.0,2.0,2.0,5.0,4.0,5.0,4.0,0.0,0.0
570eb71e83a73509d0e01b6f,taipei_city,female,,taiwanese,,4.0,False,29.0,False,2.0,4.0,-1.0,2.0,4.0,4.0,,2.0,4.0,4.0,5.0,5.0,5.0,2.0,,,,,,,,3.0,dust_taiwan,1,0,0,,1,1,1,,zh_TW,4.0,2.0,4.0,2.0,4.0,4.0,2.0,5.0,4.0,4.0,5.0,0.0,0.0
570eb76583a73509d0e032c0,taipei_city,male,,taiwanese,,5.0,False,13.0,False,5.0,5.0,-1.0,5.0,5.0,5.0,,5.0,5.0,1.0,5.0,5.0,5.0,5.0,,,,,,,,5.0,dust_taiwan,0,0,0,,1,1,1,,en,5.0,1.0,5.0,2.0,5.0,1.0,5.0,2.0,4.0,4.0,5.0,0.0,0.0
570eb72283a73509d0e01c94,taipei_city,female,,taiwanese,,3.0,False,11.0,False,2.0,3.0,-1.0,2.0,3.0,3.0,,3.0,4.0,1.0,5.0,4.0,5.0,4.0,,,,,,,,4.0,dust_taiwan,0,0,0,,0,1,0,,en,4.0,5.0,4.0,3.0,4.0,3.0,4.0,3.0,3.0,3.0,4.0,0.0,0.0
570eb74183a73509d0e026af,taipei_city,male,,taiwanese,,2.0,False,14.0,False,3.0,3.0,-1.0,2.0,3.0,2.0,,3.0,4.0,1.0,4.0,4.0,4.0,5.0,,,,,,,,2.0,dust_taiwan,0,0,0,,0,1,0,,zh_TW,3.0,4.0,2.0,2.0,3.0,4.0,3.0,2.0,4.0,2.0,4.0,0.0,0.0
570eb79683a73509d0e04236,taipei_city,female,,taiwanese,,1.0,False,41.0,False,3.0,3.0,-1.0,4.0,3.0,3.0,,3.0,3.0,1.0,3.0,3.0,3.0,1.0,,,,,,,,3.0,dust_taiwan,0,1,0,,0,1,0,,en,4.0,4.0,2.0,2.0,4.0,4.0,2.0,4.0,4.0,4.0,3.0,0.0,0.0
570eb72083a73509d0e01c27,taipei_city,male,,taiwanese,,3.0,False,28.0,False,4.0,4.0,-1.0,3.0,4.0,4.0,,2.0,4.0,1.0,4.0,5.0,5.0,4.0,,,,,,,,4.0,dust_taiwan,1,0,0,,1,1,1,,en,4.0,2.0,4.0,2.0,4.0,4.0,2.0,5.0,2.0,4.0,4.0,0.0,0.0
570eb79d83a73509d0e044ac,taipei_city,male,,taiwanese,,3.0,False,26.0,False,2.0,3.0,-1.0,4.0,2.0,1.0,,4.0,5.0,4.0,5.0,4.0,5.0,3.0,,,,,,,,5.0,dust_taiwan,1,0,1,,1,1,0,,en,2.0,1.0,4.0,4.0,3.0,4.0,4.0,4.0,4.0,2.0,5.0,0.0,1.0
570eb75383a73509d0e02cdd,taipei_city,female,,taiwanese,,2.0,False,9.0,False,3.0,4.0,-1.0,3.0,3.0,4.0,,3.0,5.0,2.0,5.0,3.0,5.0,3.0,,,,,,,,3.0,dust_taiwan,0,0,0,,0,1,0,,en,3.0,3.0,3.0,3.0,3.0,3.0,3.0,3.0,3.0,3.0,4.0,0.0,0.0
570eb77e83a73509d0e03b28,taipei_city,male,,taiwanese,,3.0,False,18.0,False,1.0,2.0,-1.0,2.0,2.0,1.0,,4.0,5.0,2.0,5.0,4.0,5.0,1.0,,,,,,,,1.0,dust_taiwan,1,0,0,,0,1,0,,zh_TW,5.0,2.0,5.0,3.0,1.0,5.0,1.0,5.0,5.0,2.0,4.0,0.0,1.0
570eb74a83a73509d0e029c4,taichung_city,male,,taiwanese,,2.0,False,12.0,False,4.0,4.0,-1.0,4.0,3.0,5.0,,4.0,5.0,1.0,4.0,5.0,5.0,2.0,,,,,,,,2.0,dust_taiwan,0,0,0,,0,1,0,,en,4.0,3.0,5.0,4.0,3.0,4.0,2.0,5.0,4.0,2.0,4.0,0.0,0.0
570eb75783a73509d0e02e2f,taichung_city,female,,taiwanese,,3.0,False,18.0,False,3.0,4.0,-1.0,4.0,4.0,4.0,,2.0,4.0,1.0,4.0,2.0,4.0,3.0,,,,,,,,3.0,dust_taiwan,1,0,0,,0,1,0,,en,4.0,2.0,3.0,4.0,2.0,3.0,2.0,4.0,4.0,4.0,4.0,0.0,0.0
570eb73583a73509d0e022d2,taichung_city,male,,taiwanese,,5.0,False,36.0,False,2.0,3.0,-1.0,1.0,2.0,1.0,,3.0,5.0,4.0,5.0,4.0,5.0,4.0,,,,,,,,4.0,dust_taiwan,0,0,0,,1,0,0,,en,5.0,2.0,5.0,5.0,5.0,1.0,5.0,2.0,4.0,5.0,5.0,0.0,0.0
570eb75b83a73509d0e02fae,taichung_city,male,,taiwanese,,4.0,False,20.0,False,3.0,4.0,-1.0,3.0,3.0,4.0,,2.0,5.0,1.0,4.0,3.0,5.0,5.0,,,,,,,,2.0,dust_taiwan,1,0,1,,0,1,0,,en,4.0,4.0,4.0,2.0,4.0,4.0,4.0,3.0,3.0,3.0,4.0,0.0,1.0
570eb7af83a73509d0e049d4,taichung_city,male,,taiwanese,,1.0,False,17.0,False,2.0,4.0,-1.0,2.0,3.0,3.0,,3.0,3.0,2.0,3.0,3.0,3.0,4.0,,,,,,,,2.0,dust_taiwan,1,0,0,,0,1,0,,en,3.0,3.0,4.0,2.0,3.0,5.0,2.0,3.0,4.0,4.0,2.0,0.0,0.0
570eb78883a73509d0e03dec,taichung_city,male,,taiwanese,,2.0,False,16.0,False,1.0,2.0,-1.0,2.0,2.0,1.0,,4.0,5.0,1.0,4.0,4.0,5.0,2.0,,,,,,,,5.0,dust_taiwan,0,0,0,,1,1,1,,en,5.0,1.0,4.0,4.0,2.0,2.0,2.0,5.0,2.0,1.0,4.0,0.0,0.0
570eb73683a73509d0e02351,taichung_city,male,,american,,4.0,False,24.0,False,3.0,2.0,-1.0,2.0,2.0,2.0,,2.0,3.0,1.0,3.0,4.0,4.0,3.0,,,,,,,,3.0,dust_taiwan,1,1,1,,1,1,1,,en,3.0,1.0,5.0,2.0,4.0,2.0,4.0,2.0,2.0,4.0,4.0,1.0,1.0
570eb7b883a73509d0e04cda,taichung_city,male,,taiwanese,,3.0,False,28.0,False,2.0,2.0,-1.0,3.0,2.0,1.0,,2.0,5.0,1.0,5.0,4.0,5.0,2.0,,,,,,,,1.0,dust_taiwan,0,0,0,,0,1,0,,en,4.0,1.0,4.0,4.0,4.0,4.0,1.0,3.0,3.0,2.0,5.0,0.0,0.0
570eb73a83a73509d0e024c0,taichung_city,male,,taiwanese,,3.0,False,18.0,False,2.0,3.0,-1.0,3.0,3.0,2.0,,3.0,4.0,1.0,5.0,4.0,4.0,2.0,,,,,,,,2.0,dust_taiwan,0,0,0,,1,1,0,,en,5.0,1.0,4.0,4.0,4.0,4.0,5.0,4.0,4.0,2.0,4.0,0.0,1.0
570eb7be83a73509d0e04eda,taichung_city,female,,taiwanese,,2.0,False,20.0,False,2.0,3.0,-1.0,1.0,4.0,3.0,,3.0,4.0,1.0,4.0,4.0,4.0,4.0,,,,,,,,4.0,dust_taiwan,0,0,0,,0,1,0,,en,4.0,2.0,5.0,2.0,3.0,5.0,4.0,3.0,3.0,3.0,3.0,0.0,0.0
570eb72f83a73509d0e02110,taichung_city,female,,taiwanese,,4.0,False,28.0,False,2.0,2.0,-1.0,2.0,3.0,3.0,,3.0,4.0,1.0,4.0,4.0,4.0,2.0,,,,,,,,1.0,dust_taiwan,0,0,0,,0,1,0,,en,3.0,1.0,3.0,3.0,3.0,4.0,2.0,4.0,4.0,3.0,4.0,0.0,0.0
570eb73783a73509d0e02393,taichung_city,male,,taiwanese,,3.0,False,19.0,False,3.0,2.0,-1.0,3.0,4.0,4.0,,3.0,4.0,2.0,4.0,4.0,4.0,3.0,,,,,,,,3.0,dust_taiwan,1,0,0,,1,1,0,,en,4.0,2.0,3.0,4.0,3.0,4.0,3.0,5.0,4.0,2.0,3.0,0.0,0.0
570eb78383a73509d0e03cac,taichung_city,male,,taiwanese,,3.0,False,19.0,False,3.0,2.0,-1.0,2.0,4.0,3.0,,2.0,5.0,4.0,4.0,4.0,5.0,3.0,,,,,,,,4.0,dust_taiwan,0,0,0,,0,1,0,,en,3.0,4.0,4.0,2.0,3.0,4.0,3.0,3.0,4.0,4.0,4.0,0.0,0.0
570eb72d83a73509d0e02040,taichung_city,female,,taiwanese,,4.0,False,19.0,False,3.0,2.0,-1.0,1.0,3.0,1.0,,2.0,3.0,1.0,2.0,3.0,1.0,4.0,,,,,,,,5.0,dust_taiwan,0,0,0,,1,1,0,,zh_TW,4.0,1.0,2.0,4.0,3.0,5.0,2.0,5.0,5.0,2.0,1.0,0.0,0.0
