,_id,metadata.location,answers.sex,answers.dob,answers.musical_background,answers.nationality,answers.visual_impairments,answers.musical_expertise,answers.hearing_impairments,answers.age,critical_reaction,control_inspired,control_wonder,control_spirituality,control_thrills,control_tension,control_familiarity,control_chills,control_tenderness,control_nostalgia,control_like_dislike,control_activity,control_positivity,control_engagement,control_goosebumps,control_overwhelmed,control_shivers,song_inspired,song_wonder,song_spirituality,song_thrills,song_tension,song_familiarity,song_chills,song_tenderness,song_nostalgia,song_like_dislike,song_activity,song_positivity,song_engagement,song_goosebumps,song_overwhelmed,song_shivers,control_chillsshiversthrills,song_chillsshiversthrills,control_transcendence,control_sadness,control_joyfulactivation,control_peacefulness,control_power,song_transcendence,song_sadness,song_joyfulactivation,song_peacefulness,song_power,song,answers.musicpref.hip_hop,answers.musicpref.none,answers.musicpref.jazz,answers.musicpref.rock,answers.musicpref.classical,answers.musicpref.world,answers.musicpref.dance,answers.musicpref.pop,answers.musicpref.traditional_irish
5410f6d008ad6ee3090e399c,5410f6d008ad6ee3090e399c,dublin,male,1991-01-01,,irish,,,False,20.0,True,,,,,,,,,,,,,,,,,3.0,4.0,1.0,1.0,3.0,2.0,4.0,4.0,1.0,3.0,5.0,4.0,4.0,3.0,2.0,2.0,,,,,,,,,,,,,hallelujah_dublin,0,0,1,1,0,0,1,1,1
5410f6d108ad6ee3090e39ad,5410f6d108ad6ee3090e39ad,dublin,male,1979-01-01,,british,,,False,32.0,True,,,,,,,,,,,,,,,,,4.0,5.0,4.0,1.0,4.0,5.0,4.0,5.0,5.0,1.0,3.0,4.0,1.0,4.0,4.0,3.0,,,,,,,,,,,,,hallelujah_dublin,0,1,0,0,0,0,0,0,0
5410f76708ad6ee3090e3c1a,5410f76708ad6ee3090e3c1a,dublin,male,1978-01-01,,irish,,,True,33.0,True,,,,,,,,,,,,,,,,,2.0,2.0,4.0,1.0,3.0,3.0,2.0,4.0,2.0,4.0,4.0,4.0,4.0,1.0,3.0,2.0,,,,,,,,,,,,,hallelujah_dublin,0,0,0,0,0,0,1,0,0
5410f7fc08ad6ee3090e3e4e,5410f7fc08ad6ee3090e3e4e,dublin,male,1986-01-01,,british,,,False,25.0,True,,,,,,,,,,,,,,,,,2.0,4.0,4.0,4.0,4.0,4.0,4.0,5.0,5.0,2.0,5.0,3.0,1.0,3.0,4.0,1.0,,,,,,,,,,,,,hallelujah_dublin,0,0,0,1,0,0,0,1,0
5410f88208ad6ee3090e407b,5410f88208ad6ee3090e407b,dublin,female,1984-01-01,,irish,,,True,27.0,True,,,,,,,,,,,,,,,,,2.0,4.0,4.0,2.0,4.0,5.0,1.0,2.0,4.0,1.0,4.0,3.0,1.0,3.0,4.0,2.0,,,,,,,,,,,,,hallelujah_dublin,0,0,0,1,0,0,0,1,1
5410fa6408ad6ee3090e46e0,5410fa6408ad6ee3090e46e0,dublin,female,1988-01-01,,irish,,,False,23.0,True,,,,,,,,,,,,,,,,,1.0,2.0,2.0,1.0,2.0,4.0,1.0,1.0,2.0,5.0,2.0,5.0,5.0,1.0,1.0,1.0,,,,,,,,,,,,,hallelujah_dublin,1,0,0,1,0,0,0,1,0
5410fa6408ad6ee3090e46e4,5410fa6408ad6ee3090e46e4,dublin,female,1986-01-01,,irish,,,False,25.0,True,,,,,,,,,,,,,,,,,3.0,3.0,4.0,1.0,4.0,4.0,1.0,4.0,5.0,1.0,3.0,2.0,1.0,1.0,3.0,1.0,,,,,,,,,,,,,hallelujah_dublin,1,0,1,1,1,1,1,1,1
5410fa6408ad6ee3090e46ee,5410fa6408ad6ee3090e46ee,dublin,male,2000-01-01,,irish,,,True,11.0,True,,,,,,,,,,,,,,,,,5.0,1.0,5.0,1.0,5.0,4.0,1.0,3.0,5.0,1.0,1.0,1.0,1.0,1.0,5.0,1.0,,,,,,,,,,,,,hallelujah_dublin,0,0,0,1,0,0,0,0,0
5410fb2f08ad6ee3090e49d7,5410fb2f08ad6ee3090e49d7,dublin,female,1983-01-01,,other,,,False,28.0,True,,,,,,,,,,,,,,,,,4.0,1.0,3.0,1.0,5.0,5.0,3.0,4.0,4.0,1.0,1.0,1.0,1.0,3.0,1.0,3.0,,,,,,,,,,,,,hallelujah_dublin,0,0,0,0,0,1,1,1,0
5410fba108ad6ee3090e4b8b,5410fba108ad6ee3090e4b8b,dublin,female,1996-01-01,,irish,,,False,15.0,True,,,,,,,,,,,,,,,,,2.0,2.0,2.0,2.0,4.0,2.0,2.0,1.0,2.0,3.0,4.0,3.0,4.0,2.0,2.0,2.0,,,,,,,,,,,,,hallelujah_dublin,0,0,0,1,0,0,0,0,0
5410fba308ad6ee3090e4baa,5410fba308ad6ee3090e4baa,dublin,female,1968-01-01,,irish,,,False,43.0,True,,,,,,,,,,,,,,,,,1.0,5.0,5.0,1.0,5.0,5.0,4.0,5.0,5.0,1.0,5.0,4.0,1.0,3.0,5.0,4.0,,,,,,,,,,,,,hallelujah_dublin,0,0,0,0,0,0,0,1,0
5410fc6508ad6ee3090e4e96,5410fc6508ad6ee3090e4e96,dublin,male,1987-01-01,,irish,,,False,24.0,True,,,,,,,,,,,,,,,,,3.0,2.0,1.0,3.0,2.0,3.0,2.0,4.0,3.0,2.0,3.0,2.0,1.0,4.0,3.0,2.0,,,,,,,,,,,,,hallelujah_dublin,1,0,0,1,0,0,0,0,0
5410fc6508ad6ee3090e4e9a,5410fc6508ad6ee3090e4e9a,dublin,male,1991-01-01,,british,,,False,20.0,True,,,,,,,,,,,,,,,,,3.0,4.0,4.0,4.0,1.0,3.0,4.0,4.0,5.0,2.0,3.0,4.0,1.0,3.0,4.0,4.0,,,,,,,,,,,,,hallelujah_dublin,0,0,0,1,0,0,0,0,0
5410fc6708ad6ee3090e4eb4,5410fc6708ad6ee3090e4eb4,dublin,female,1984-01-01,,british,,,False,27.0,True,,,,,,,,,,,,,,,,,3.0,5.0,3.0,4.0,4.0,3.0,4.0,4.0,5.0,1.0,4.0,2.0,2.0,1.0,4.0,1.0,,,,,,,,,,,,,hallelujah_dublin,1,0,0,1,0,0,1,1,0
5410fe0208ad6ee3090e54c4,5410fe0208ad6ee3090e54c4,dublin,female,1999-01-01,,other,,,False,12.0,True,,,,,,,,,,,,,,,,,2.0,2.0,3.0,1.0,4.0,4.0,1.0,3.0,1.0,2.0,4.0,2.0,3.0,1.0,1.0,1.0,,,,,,,,,,,,,hallelujah_dublin,1,0,0,1,0,0,0,1,0
5410fe8808ad6ee3090e56ad,5410fe8808ad6ee3090e56ad,dublin,male,1990-01-01,,other,,,False,21.0,True,,,,,,,,,,,,,,,,,4.0,2.0,4.0,2.0,3.0,4.0,4.0,4.0,3.0,1.0,2.0,3.0,1.0,2.0,5.0,3.0,,,,,,,,,,,,,hallelujah_dublin,1,0,1,1,1,0,1,1,0
5410fe8808ad6ee3090e56b0,5410fe8808ad6ee3090e56b0,dublin,male,1988-01-01,,british,,,False,23.0,True,,,,,,,,,,,,,,,,,2.0,2.0,2.0,2.0,4.0,4.0,2.0,2.0,2.0,3.0,4.0,4.0,3.0,4.0,2.0,3.0,,,,,,,,,,,,,hallelujah_dublin,0,0,0,0,0,0,0,1,0
541101e408ad6ee3090e63be,541101e408ad6ee3090e63be,dublin,male,1990-01-01,,irish,,,False,21.0,True,,,,,,,,,,,,,,,,,4.0,2.0,2.0,4.0,3.0,4.0,4.0,4.0,4.0,1.0,2.0,4.0,1.0,5.0,3.0,3.0,,,,,,,,,,,,,hallelujah_dublin,0,0,0,1,0,0,1,1,0
541102b008ad6ee3090e6671,541102b008ad6ee3090e6671,dublin,female,1970-01-01,,irish,,,False,41.0,True,,,,,,,,,,,,,,,,,,,,,4.0,4.0,,,,3.0,3.0,3.0,4.0,,,,,2.0,,,,,,,,,,,hallelujah_dublin,0,0,0,1,0,0,0,0,0
541102b108ad6ee3090e6683,541102b108ad6ee3090e6683,dublin,female,1990-01-01,,irish,,,False,21.0,True,,,,,,,,,,,,,,,,,,,,,4.0,2.0,,,,4.0,4.0,3.0,5.0,,,,,2.0,,,,,,,,,,,hallelujah_dublin,0,0,0,0,0,0,0,1,0
5411036108ad6ee3090e68e1,5411036108ad6ee3090e68e1,dublin,male,2000-01-01,,irish,,,False,11.0,True,,,,,,,,,,,,,,,,,,,,,3.0,5.0,,,,2.0,2.0,3.0,2.0,,,,,1.0,,,,,,,,,,,hallelujah_dublin,0,0,0,1,0,0,0,0,0
5411041208ad6ee3090e6b71,5411041208ad6ee3090e6b71,dublin,male,1990-01-01,,other,,,True,21.0,True,,,,,,,,,,,,,,,,,,,,,3.0,2.0,,,,3.0,3.0,3.0,3.0,,,,,2.0,,,,,,,,,,,hallelujah_dublin,1,0,0,0,0,0,0,1,0
5411059808ad6ee3090e70dc,5411059808ad6ee3090e70dc,dublin,female,2000-01-01,,irish,,,False,11.0,True,,,,,,,,,,,,,,,,,,,,,5.0,3.0,,,,3.0,3.0,2.0,5.0,,,,,1.0,,,,,,,,,,,hallelujah_dublin,0,0,0,0,0,0,0,1,0
541106b708ad6ee3090e752c,541106b708ad6ee3090e752c,dublin,male,1990-01-01,,other,,,False,21.0,True,,,,,,,,,,,,,,,,,,,,,4.0,5.0,,,,1.0,2.0,1.0,1.0,,,,,5.0,,,,,,,,,,,hallelujah_dublin,0,0,0,1,0,0,0,1,1
5411076d08ad6ee3090e7774,5411076d08ad6ee3090e7774,dublin,male,1970-01-01,,irish,,,False,41.0,True,,,,,,,,,,,,,,,,,,,,,4.0,4.0,,,,3.0,2.0,1.0,1.0,,,,,2.0,,,,,,,,,,,hallelujah_dublin,0,0,1,1,0,0,1,1,0
5411077108ad6ee3090e77b3,5411077108ad6ee3090e77b3,dublin,female,1990-01-01,,irish,,,False,21.0,True,,,,,,,,,,,,,,,,,,,,,2.0,5.0,,,,1.0,2.0,1.0,2.0,,,,,2.0,,,,,,,,,,,hallelujah_dublin,0,0,1,1,1,1,0,1,0
5410f7b408ad6ee3090e3d16,5410f7b408ad6ee3090e3d16,dublin,male,1980-01-01,,irish,,,False,31.0,True,,,,,,,,,,,,,,,,,,,,,3.0,4.0,,,,1.0,1.0,1.0,1.0,,,,,4.0,,,,,,,,,,,hallelujah_dublin,0,0,0,1,0,0,1,0,0
5410f7b408ad6ee3090e3d1c,5410f7b408ad6ee3090e3d1c,dublin,male,1990-01-01,,irish,,,False,21.0,True,,,,,,,,,,,,,,,,,,,,,4.0,4.0,,,,3.0,4.0,3.0,1.0,,,,,2.0,,,,,,,,,,,hallelujah_dublin,1,0,0,1,0,0,0,1,0
5410f7b508ad6ee3090e3d2a,5410f7b508ad6ee3090e3d2a,dublin,male,1970-01-01,,irish,,,False,41.0,True,,,,,,,,,,,,,,,,,,,,,5.0,5.0,,,,1.0,4.0,2.0,1.0,,,,,3.0,,,,,,,,,,,hallelujah_dublin,0,0,0,1,0,0,0,0,0
5410f9f808ad6ee3090e4547,5410f9f808ad6ee3090e4547,dublin,male,1970-01-01,,irish,,,False,41.0,True,,,,,,,,,,,,,,,,,,,,,5.0,4.0,,,,2.0,4.0,4.0,3.0,,,,,2.0,,,,,,,,,,,hallelujah_dublin,0,0,0,1,0,0,0,0,0
5410fc0708ad6ee3090e4d0f,5410fc0708ad6ee3090e4d0f,dublin,female,1990-01-01,,other,,,False,21.0,True,,,,,,,,,,,,,,,,,,,,,2.0,5.0,,,,1.0,4.0,3.0,1.0,,,,,5.0,,,,,,,,,,,hallelujah_dublin,0,0,0,1,1,0,0,1,0
5410fc0808ad6ee3090e4d23,5410fc0808ad6ee3090e4d23,dublin,female,1990-01-01,,other,,,True,21.0,True,,,,,,,,,,,,,,,,,,,,,5.0,5.0,,,,1.0,3.0,1.0,1.0,,,,,3.0,,,,,,,,,,,hallelujah_dublin,0,0,0,1,0,1,0,1,0
5410fc0908ad6ee3090e4d43,5410fc0908ad6ee3090e4d43,dublin,female,1940-01-01,,other,,,False,71.0,True,,,,,,,,,,,,,,,,,,,,,4.0,4.0,,,,1.0,3.0,1.0,1.0,,,,,5.0,,,,,,,,,,,hallelujah_dublin,0,0,0,1,1,0,0,0,1
5410fcba08ad6ee3090e4fdc,5410fcba08ad6ee3090e4fdc,dublin,female,1980-01-01,,irish,,,False,31.0,True,,,,,,,,,,,,,,,,,,,,,5.0,5.0,,,,1.0,2.0,1.0,1.0,,,,,5.0,,,,,,,,,,,hallelujah_dublin,0,0,0,1,0,0,0,0,0
5410fd5c08ad6ee3090e5223,5410fd5c08ad6ee3090e5223,dublin,male,1979-01-01,,irish,,,False,32.0,True,,,,,,,,,,,,,,,,,,,,,3.0,4.0,,,,1.0,3.0,3.0,1.0,,,,,3.0,,,,,,,,,,,hallelujah_dublin,1,0,1,1,1,1,0,1,1
5410fda608ad6ee3090e5348,5410fda608ad6ee3090e5348,dublin,male,1990-01-01,,irish,,,False,21.0,True,,,,,,,,,,,,,,,,,,,,,3.0,3.0,,,,4.0,3.0,3.0,5.0,,,,,1.0,,,,,,,,,,,hallelujah_dublin,0,0,0,1,0,0,0,0,0
5410ffdb08ad6ee3090e5bb8,5410ffdb08ad6ee3090e5bb8,dublin,male,1990-01-01,False,irish,,1,False,21.0,True,,,,,,,,,,,,,,,,,,,,,4.0,4.0,,,,2.0,3.0,3.0,3.0,,,,,1.0,,,,,,,,,,,hallelujah_dublin,0,0,0,1,0,0,1,0,0
5411015608ad6ee3090e6171,5411015608ad6ee3090e6171,dublin,male,1999-01-01,False,irish,,2,False,12.0,True,,,,,,,,,,,,,,,,,,,,,4.0,3.0,,,,4.0,3.0,3.0,3.0,,,,,1.0,,,,,,,,,,,hallelujah_dublin,0,0,0,0,0,0,0,1,0
541101b808ad6ee3090e62eb,541101b808ad6ee3090e62eb,dublin,male,1972-01-01,False,irish,,2,False,39.0,True,,,,,,,,,,,,,,,,,,,,,3.0,4.0,,,,3.0,4.0,3.0,1.0,,,,,4.0,,,,,,,,,,,hallelujah_dublin,0,0,1,0,0,0,1,1,0
541101b908ad6ee3090e6304,541101b908ad6ee3090e6304,dublin,female,1982-01-01,False,irish,,3,False,29.0,True,,,,,,,,,,,,,,,,,,,,,4.0,4.0,,,,2.0,4.0,3.0,2.0,,,,,1.0,,,,,,,,,,,hallelujah_dublin,0,0,0,1,0,1,0,1,0
5411031008ad6ee3090e67e0,5411031008ad6ee3090e67e0,dublin,female,1977-01-01,True,irish,,4,True,34.0,True,,,,,,,,,,,,,,,,,,,,,5.0,5.0,,,,1.0,2.0,1.0,1.0,,,,,4.0,,,,,,,,,,,hallelujah_dublin,0,0,0,1,0,0,0,1,0
5411031108ad6ee3090e67ed,5411031108ad6ee3090e67ed,dublin,male,1992-01-01,True,irish,,5,False,19.0,True,,,,,,,,,,,,,,,,,,,,,1.0,5.0,,,,1.0,2.0,4.0,1.0,,,,,5.0,,,,,,,,,,,hallelujah_dublin,0,0,0,1,0,0,0,0,0
5411031208ad6ee3090e67fb,5411031208ad6ee3090e67fb,dublin,male,1982-01-01,True,irish,,4,False,29.0,True,,,,,,,,,,,,,,,,,,,,,4.0,5.0,,,,1.0,2.0,4.0,2.0,,,,,4.0,,,,,,,,,,,hallelujah_dublin,0,0,1,1,0,1,1,0,0
5411047608ad6ee3090e6ccd,5411047608ad6ee3090e6ccd,dublin,female,1955-01-01,False,irish,,4,False,56.0,True,,,,,,,,,,,,,,,,,,,,,4.0,5.0,,,,1.0,1.0,1.0,1.0,,,,,5.0,,,,,,,,,,,hallelujah_dublin,0,0,0,1,1,1,0,0,1
541105e008ad6ee3090e720c,541105e008ad6ee3090e720c,dublin,female,1991-01-01,True,irish,,3,False,20.0,True,,,,,,,,,,,,,,,,,,,,,3.0,3.0,,,,3.0,3.0,2.0,2.0,,,,,1.0,,,,,,,,,,,hallelujah_dublin,1,0,1,1,0,1,0,1,0
5410f93408ad6ee3090e426d,5410f93408ad6ee3090e426d,dublin,female,1977-01-01,False,other,,1,False,34.0,True,,,,,,,,,,,,,,,,,,1.0,,,1.0,,,2.0,5.0,,,,,,,,,,,,,,,2.0,5.0,1.0,2.0,1.0,hallelujah_dublin,0,1,0,0,0,0,0,0,0
5410fb3f08ad6ee3090e4a25,5410fb3f08ad6ee3090e4a25,dublin,female,1978-01-01,False,other,,1,False,33.0,True,,,,,,,,,,,,,,,,,,4.0,,,1.0,,,1.0,2.0,,,,,,,,,,,,,,,4.0,4.0,1.0,3.0,4.0,hallelujah_dublin,0,0,1,0,0,1,1,1,0
5410fe9f08ad6ee3090e5709,5410fe9f08ad6ee3090e5709,dublin,female,1993-01-01,True,other,,4,False,18.0,True,,,,,,,,,,,,,,,,,,1.0,,,2.0,,,5.0,5.0,,,,,,,,,,,,,,,3.0,5.0,1.0,4.0,1.0,hallelujah_dublin,0,0,0,0,0,0,0,1,0
5410fea008ad6ee3090e5718,5410fea008ad6ee3090e5718,dublin,female,1994-01-01,False,other,,3,False,17.0,True,,,,,,,,,,,,,,,,,,4.0,,,2.0,,,4.0,4.0,,,,,,,,,,,,,,,3.0,2.0,3.0,4.0,4.0,hallelujah_dublin,0,0,0,0,0,0,0,1,0
541100bb08ad6ee3090e5f1f,541100bb08ad6ee3090e5f1f,dublin,female,1995-01-01,True,irish,,4,False,16.0,True,,,,,,,,,,,,,,,,,,4.0,,,1.0,,,5.0,4.0,,,,,,,,,,,,,,,3.0,2.0,2.0,4.0,3.0,hallelujah_dublin,0,0,0,0,0,0,0,1,0
541103ac08ad6ee3090e69ee,541103ac08ad6ee3090e69ee,dublin,female,1993-01-01,True,irish,,3,False,18.0,True,,,,,,,,,,,,,,,,,,,,,,,,,,,,,,,,,,,,,,,,,,,,,hallelujah_dublin,0,0,0,1,0,0,0,0,0
5411065508ad6ee3090e73b9,5411065508ad6ee3090e73b9,dublin,male,1995-01-01,False,irish,,1,True,16.0,True,,,,,,,,,,,,,,,,,,,,,,,,,,,,,,,,,,,,,,,,,,,,,hallelujah_dublin,1,0,0,0,0,0,0,0,0
5411065608ad6ee3090e73c6,5411065608ad6ee3090e73c6,dublin,male,1968-01-01,True,other,,4,False,43.0,True,,,,,,,,,,,,,,,,,,,,,,,,,,,,,,,,,,,,,,,,,,,,,hallelujah_dublin,0,0,0,0,1,0,0,0,0
5411065708ad6ee3090e73d0,5411065708ad6ee3090e73d0,dublin,female,1962-01-01,True,other,,5,False,49.0,True,,,,,,,,,,,,,,,,,,,,,,,,,,,,,,,,,,,,,,,,,,,,,hallelujah_dublin,0,0,0,1,1,1,0,1,1
5411065708ad6ee3090e73dc,5411065708ad6ee3090e73dc,dublin,female,1956-01-01,True,irish,,4,False,55.0,True,,,,,,,,,,,,,,,,,,,,,,,,,,,,,,,,,,,,,,,,,,,,,hallelujah_dublin,0,0,0,0,1,0,1,1,0
5411070e08ad6ee3090e7627,5411070e08ad6ee3090e7627,dublin,female,1984-01-01,False,irish,,3,False,27.0,True,,,,,,,,,,,,,,,,,,,,,,,,,,,,,,,,,,,,,,,,,,,,,hallelujah_dublin,0,0,0,1,0,0,0,1,0
5411070f08ad6ee3090e7639,5411070f08ad6ee3090e7639,dublin,female,1979-01-01,False,irish,,2,False,32.0,True,,,,,,,,,,,,,,,,,,,,,,,,,,,,,,,,,,,,,,,,,,,,,hallelujah_dublin,0,0,0,1,0,0,1,1,0
5411051708ad6ee3090e6f1c,5411051708ad6ee3090e6f1c,dublin,male,1990-01-01,,other,,,False,21.0,True,,,,,,,,,,,,,,,,,,,,,3.0,4.0,,,,2.0,2.0,2.0,2.0,,,,,4.0,,,,,,,,,,,hallelujah_dublin,1,0,0,1,1,1,0,0,1
5411018908ad6ee3090e6256,5411018908ad6ee3090e6256,dublin,male,1947-01-01,,irish,,,False,64.0,True,,,,,,,,,,,,,,,,,3.0,3.0,3.0,2.0,3.0,3.0,3.0,2.0,2.0,3.0,3.0,2.0,2.0,3.0,3.0,3.0,,,,,,,,,,,,,hallelujah_dublin,0,0,1,0,0,0,0,0,0
5410f91208ad6ee3090e41d9,5410f91208ad6ee3090e41d9,dublin,male,1970-01-01,,irish,,,False,41.0,True,,,,,,,,,,,,,,,,,,,,,5.0,5.0,,,,1.0,4.0,1.0,2.0,,,,,4.0,,,,,,,,,,,hallelujah_dublin,0,0,0,1,0,0,0,0,0
5410f69308ad6ee3090e387a,5410f69308ad6ee3090e387a,dublin,female,1970-01-01,,other,,,False,41.0,True,,,,,,,,,,,,,,,,,,,,,4.0,4.0,,,,2.0,4.0,4.0,2.0,,,,,3.0,,,,,,,,,,,hallelujah_dublin,0,0,1,0,0,0,0,0,0
5411076e08ad6ee3090e7781,5411076e08ad6ee3090e7781,dublin,female,1970-01-01,,irish,,,False,41.0,True,,,,,,,,,,,,,,,,,,,,,4.0,5.0,,,,1.0,2.0,2.0,2.0,,,,,3.0,,,,,,,,,,,hallelujah_dublin,0,1,0,0,0,0,0,0,0
5411012908ad6ee3090e60c9,5411012908ad6ee3090e60c9,dublin,male,1988-01-01,False,other,,2,False,23.0,True,,,,,,,,,,,,,,,,,,3.0,,,1.0,,,3.0,4.0,,,,,,,,,,,,,,,3.0,2.0,3.0,4.0,3.0,hallelujah_dublin,0,0,0,1,0,0,0,0,0
5410fba308ad6ee3090e4ba2,5410fba308ad6ee3090e4ba2,dublin,male,1982-01-01,,irish,,,False,29.0,True,,,,,,,,,,,,,,,,,2.0,2.0,1.0,2.0,2.0,4.0,1.0,2.0,3.0,2.0,2.0,2.0,2.0,2.0,2.0,1.0,,,,,,,,,,,,,hallelujah_dublin,0,0,1,1,1,1,1,1,0
5410fea008ad6ee3090e5711,5410fea008ad6ee3090e5711,dublin,male,1989-01-01,False,other,,2,False,22.0,True,,,,,,,,,,,,,,,,,,2.0,,,1.0,,,5.0,5.0,,,,,,,,,,,,,,,5.0,4.0,2.0,4.0,5.0,hallelujah_dublin,0,0,0,0,0,0,0,1,0
5411065808ad6ee3090e73e1,5411065808ad6ee3090e73e1,dublin,female,1982-01-01,True,irish,,3,False,29.0,True,,,,,,,,,,,,,,,,,,,,,,,,,,,,,,,,,,,,,,,,,,,,,hallelujah_dublin,0,0,0,1,0,0,1,1,0
541106b808ad6ee3090e7546,541106b808ad6ee3090e7546,dublin,female,1990-01-01,,irish,,,False,21.0,True,,,,,,,,,,,,,,,,,,,,,4.0,4.0,,,,3.0,4.0,3.0,3.0,,,,,3.0,,,,,,,,,,,hallelujah_dublin,1,0,0,1,0,0,1,1,0
5410f76608ad6ee3090e3c16,5410f76608ad6ee3090e3c16,dublin,male,1984-01-01,,irish,,,False,27.0,False,,,,,,,,,,,,,,,,,5.0,5.0,5.0,3.0,4.0,5.0,4.0,4.0,5.0,1.0,3.0,1.0,1.0,1.0,3.0,4.0,,,,,,,,,,,,,hallelujah_dublin,0,0,0,0,0,0,1,0,0
5410f76708ad6ee3090e3c1f,5410f76708ad6ee3090e3c1f,dublin,male,1952-01-01,,irish,,,False,59.0,False,,,,,,,,,,,,,,,,,1.0,1.0,2.0,1.0,3.0,3.0,1.0,2.0,1.0,3.0,3.0,3.0,5.0,1.0,1.0,1.0,,,,,,,,,,,,,hallelujah_dublin,0,0,0,1,1,0,0,0,1
5410f7fc08ad6ee3090e3e51,5410f7fc08ad6ee3090e3e51,dublin,male,1982-01-01,,other,,,False,29.0,False,,,,,,,,,,,,,,,,,1.0,1.0,2.0,1.0,3.0,2.0,1.0,2.0,1.0,5.0,5.0,4.0,5.0,1.0,1.0,1.0,,,,,,,,,,,,,hallelujah_dublin,0,0,0,0,0,1,1,1,0
5410f7fc08ad6ee3090e3e55,5410f7fc08ad6ee3090e3e55,dublin,female,1969-01-01,,irish,,,False,42.0,False,,,,,,,,,,,,,,,,,1.0,1.0,1.0,1.0,4.0,5.0,1.0,2.0,4.0,3.0,4.0,3.0,2.0,1.0,1.0,1.0,,,,,,,,,,,,,hallelujah_dublin,0,0,0,0,0,1,0,0,0
5410f88108ad6ee3090e406f,5410f88108ad6ee3090e406f,dublin,female,1990-01-01,,british,,,False,21.0,False,,,,,,,,,,,,,,,,,2.0,4.0,2.0,1.0,5.0,4.0,2.0,1.0,4.0,2.0,3.0,3.0,1.0,2.0,3.0,1.0,,,,,,,,,,,,,hallelujah_dublin,0,0,1,1,0,1,1,1,0
5410f88208ad6ee3090e4076,5410f88208ad6ee3090e4076,dublin,female,1986-01-01,,irish,,,False,25.0,False,,,,,,,,,,,,,,,,,4.0,4.0,3.0,3.0,4.0,5.0,3.0,4.0,5.0,1.0,4.0,4.0,1.0,3.0,4.0,4.0,,,,,,,,,,,,,hallelujah_dublin,1,0,0,1,0,0,1,1,0
5410f88308ad6ee3090e408d,5410f88308ad6ee3090e408d,dublin,male,1988-01-01,,irish,,,False,23.0,False,,,,,,,,,,,,,,,,,4.0,3.0,3.0,1.0,5.0,4.0,2.0,3.0,4.0,2.0,4.0,3.0,2.0,2.0,2.0,2.0,,,,,,,,,,,,,hallelujah_dublin,0,0,1,1,1,0,0,1,0
5410f9cf08ad6ee3090e4499,5410f9cf08ad6ee3090e4499,dublin,male,1996-01-01,,other,,,False,15.0,False,,,,,,,,,,,,,,,,,4.0,3.0,3.0,1.0,4.0,3.0,1.0,4.0,5.0,2.0,3.0,2.0,1.0,2.0,4.0,1.0,,,,,,,,,,,,,hallelujah_dublin,1,0,0,1,0,0,0,1,0
5410f9d008ad6ee3090e44a5,5410f9d008ad6ee3090e44a5,dublin,female,1992-01-01,,irish,,,False,19.0,False,,,,,,,,,,,,,,,,,1.0,3.0,5.0,1.0,5.0,1.0,4.0,5.0,1.0,1.0,4.0,2.0,1.0,3.0,1.0,4.0,,,,,,,,,,,,,hallelujah_dublin,1,0,0,1,0,0,1,1,0
5410f9d108ad6ee3090e44b6,5410f9d108ad6ee3090e44b6,dublin,female,1989-01-01,,other,,,False,22.0,False,,,,,,,,,,,,,,,,,3.0,2.0,1.0,2.0,5.0,5.0,2.0,4.0,4.0,1.0,3.0,1.0,1.0,1.0,1.0,2.0,,,,,,,,,,,,,hallelujah_dublin,1,0,1,1,1,1,0,1,1
5410fa6308ad6ee3090e46d2,5410fa6308ad6ee3090e46d2,dublin,female,1994-01-01,,irish,,,False,17.0,False,,,,,,,,,,,,,,,,,3.0,2.0,3.0,3.0,5.0,4.0,4.0,4.0,4.0,1.0,4.0,2.0,1.0,4.0,2.0,3.0,,,,,,,,,,,,,hallelujah_dublin,0,0,1,0,1,1,0,0,1
5410fa6308ad6ee3090e46d5,5410fa6308ad6ee3090e46d5,dublin,female,1994-01-01,,irish,,,False,17.0,False,,,,,,,,,,,,,,,,,3.0,4.0,4.0,3.0,4.0,5.0,1.0,2.0,3.0,2.0,4.0,2.0,2.0,3.0,3.0,1.0,,,,,,,,,,,,,hallelujah_dublin,0,0,0,0,0,0,0,1,0
5410fa6308ad6ee3090e46dd,5410fa6308ad6ee3090e46dd,dublin,male,1989-01-01,,irish,,,False,22.0,False,,,,,,,,,,,,,,,,,1.0,1.0,1.0,1.0,5.0,4.0,1.0,1.0,1.0,2.0,5.0,2.0,2.0,1.0,2.0,1.0,,,,,,,,,,,,,hallelujah_dublin,1,0,0,1,0,0,1,0,1
5410fa6508ad6ee3090e46f4,5410fa6508ad6ee3090e46f4,dublin,male,1990-01-01,,irish,,,False,21.0,False,,,,,,,,,,,,,,,,,2.0,1.0,1.0,1.0,4.0,3.0,1.0,1.0,2.0,2.0,5.0,3.0,4.0,1.0,1.0,1.0,,,,,,,,,,,,,hallelujah_dublin,0,0,0,1,1,0,1,0,0
5410fb2e08ad6ee3090e49ce,5410fb2e08ad6ee3090e49ce,dublin,male,1978-01-01,,british,,,False,33.0,False,,,,,,,,,,,,,,,,,2.0,2.0,1.0,1.0,4.0,4.0,2.0,1.0,1.0,2.0,3.0,2.0,3.0,2.0,1.0,2.0,,,,,,,,,,,,,hallelujah_dublin,0,0,0,1,0,1,1,0,0
5410fb2f08ad6ee3090e49da,5410fb2f08ad6ee3090e49da,dublin,female,1969-01-01,,other,,,False,42.0,False,,,,,,,,,,,,,,,,,4.0,3.0,4.0,1.0,4.0,2.0,1.0,4.0,4.0,2.0,5.0,3.0,3.0,2.0,1.0,1.0,,,,,,,,,,,,,hallelujah_dublin,0,0,0,1,1,0,1,1,0
5410fba308ad6ee3090e4ba3,5410fba308ad6ee3090e4ba3,dublin,male,1987-01-01,,irish,,,False,24.0,False,,,,,,,,,,,,,,,,,4.0,3.0,3.0,2.0,4.0,4.0,1.0,3.0,2.0,2.0,3.0,2.0,2.0,4.0,3.0,1.0,,,,,,,,,,,,,hallelujah_dublin,0,0,0,1,0,1,0,1,1
5410fd1708ad6ee3090e514b,5410fd1708ad6ee3090e514b,dublin,female,1966-01-01,,irish,,,False,45.0,False,,,,,,,,,,,,,,,,,2.0,1.0,1.0,1.0,5.0,4.0,2.0,2.0,2.0,3.0,4.0,3.0,3.0,2.0,1.0,1.0,,,,,,,,,,,,,hallelujah_dublin,0,0,1,0,1,1,0,0,0
5410fd1808ad6ee3090e5150,5410fd1808ad6ee3090e5150,dublin,male,1979-01-01,,other,,,True,32.0,False,,,,,,,,,,,,,,,,,4.0,4.0,5.0,3.0,4.0,5.0,3.0,4.0,4.0,1.0,3.0,2.0,1.0,3.0,1.0,3.0,,,,,,,,,,,,,hallelujah_dublin,1,0,0,1,1,0,0,1,0
541101e408ad6ee3090e63b2,541101e408ad6ee3090e63b2,dublin,male,1972-01-01,,british,,,False,39.0,False,,,,,,,,,,,,,,,,,1.0,1.0,1.0,1.0,4.0,4.0,1.0,1.0,1.0,5.0,4.0,4.0,4.0,1.0,1.0,1.0,,,,,,,,,,,,,hallelujah_dublin,0,0,0,1,0,0,0,0,0
541102af08ad6ee3090e6651,541102af08ad6ee3090e6651,dublin,female,1970-01-01,,other,,,False,41.0,False,,,,,,,,,,,,,,,,,,,,,4.0,4.0,,,,1.0,1.0,1.0,2.0,,,,,2.0,,,,,,,,,,,hallelujah_dublin,0,0,0,1,0,1,0,0,0
541102af08ad6ee3090e6655,541102af08ad6ee3090e6655,dublin,male,1980-01-01,,irish,,,False,31.0,False,,,,,,,,,,,,,,,,,,,,,4.0,4.0,,,,2.0,2.0,2.0,2.0,,,,,3.0,,,,,,,,,,,hallelujah_dublin,1,0,0,1,0,0,1,1,0
5411036108ad6ee3090e68dc,5411036108ad6ee3090e68dc,dublin,female,1980-01-01,,other,,,True,31.0,False,,,,,,,,,,,,,,,,,,,,,3.0,4.0,,,,2.0,5.0,4.0,2.0,,,,,2.0,,,,,,,,,,,hallelujah_dublin,0,0,0,0,0,0,1,0,0
5411036108ad6ee3090e68e5,5411036108ad6ee3090e68e5,dublin,male,1970-01-01,,irish,,,False,41.0,False,,,,,,,,,,,,,,,,,,,,,4.0,4.0,,,,2.0,3.0,2.0,3.0,,,,,2.0,,,,,,,,,,,hallelujah_dublin,0,0,0,1,0,0,1,1,0
5411036108ad6ee3090e68eb,5411036108ad6ee3090e68eb,dublin,male,1990-01-01,,irish,,,False,21.0,False,,,,,,,,,,,,,,,,,,,,,4.0,4.0,,,,2.0,4.0,2.0,3.0,,,,,1.0,,,,,,,,,,,hallelujah_dublin,1,0,1,1,0,0,1,1,1
5411041008ad6ee3090e6b59,5411041008ad6ee3090e6b59,dublin,female,1990-01-01,,other,,,False,21.0,False,,,,,,,,,,,,,,,,,,,,,4.0,4.0,,,,1.0,3.0,4.0,2.0,,,,,2.0,,,,,,,,,,,hallelujah_dublin,0,0,0,0,0,0,0,1,0
5411041108ad6ee3090e6b69,5411041108ad6ee3090e6b69,dublin,male,1980-01-01,,irish,,,False,31.0,False,,,,,,,,,,,,,,,,,,,,,4.0,1.0,,,,3.0,3.0,2.0,2.0,,,,,1.0,,,,,,,,,,,hallelujah_dublin,0,0,0,1,0,0,0,1,0
5411051608ad6ee3090e6f03,5411051608ad6ee3090e6f03,dublin,female,1980-01-01,,other,,,False,31.0,False,,,,,,,,,,,,,,,,,,,,,5.0,3.0,,,,2.0,4.0,3.0,2.0,,,,,1.0,,,,,,,,,,,hallelujah_dublin,1,0,1,1,1,1,1,1,0
5411059908ad6ee3090e70ee,5411059908ad6ee3090e70ee,dublin,male,1960-01-01,,irish,,,False,51.0,False,,,,,,,,,,,,,,,,,,,,,5.0,3.0,,,,2.0,4.0,2.0,2.0,,,,,2.0,,,,,,,,,,,hallelujah_dublin,0,0,0,1,0,0,0,1,0
5411059a08ad6ee3090e70f8,5411059a08ad6ee3090e70f8,dublin,female,1990-01-01,,other,,,False,21.0,False,,,,,,,,,,,,,,,,,,,,,2.0,2.0,,,,4.0,3.0,4.0,3.0,,,,,2.0,,,,,,,,,,,hallelujah_dublin,0,0,0,1,0,0,0,0,0
5411059c08ad6ee3090e7112,5411059c08ad6ee3090e7112,dublin,male,1970-01-01,,irish,,,False,41.0,False,,,,,,,,,,,,,,,,,,,,,4.0,4.0,,,,2.0,4.0,2.0,1.0,,,,,3.0,,,,,,,,,,,hallelujah_dublin,1,0,1,1,1,0,1,1,0
5411061e08ad6ee3090e72f7,5411061e08ad6ee3090e72f7,dublin,female,1930-01-01,,irish,,,False,81.0,False,,,,,,,,,,,,,,,,,,,,,5.0,4.0,,,,2.0,1.0,1.0,1.0,,,,,3.0,,,,,,,,,,,hallelujah_dublin,0,0,0,0,1,0,0,0,1
5411061f08ad6ee3090e72fc,5411061f08ad6ee3090e72fc,dublin,male,1980-01-01,,other,,,False,31.0,False,,,,,,,,,,,,,,,,,,,,,4.0,4.0,,,,3.0,4.0,3.0,4.0,,,,,1.0,,,,,,,,,,,hallelujah_dublin,0,0,0,1,0,0,0,0,0
5411061f08ad6ee3090e7305,5411061f08ad6ee3090e7305,dublin,female,1970-01-01,,irish,,,False,41.0,False,,,,,,,,,,,,,,,,,,,,,3.0,4.0,,,,2.0,3.0,2.0,2.0,,,,,3.0,,,,,,,,,,,hallelujah_dublin,0,0,1,1,0,0,0,1,0
541106b708ad6ee3090e752e,541106b708ad6ee3090e752e,dublin,male,1970-01-01,,irish,,,False,41.0,False,,,,,,,,,,,,,,,,,,,,,5.0,5.0,,,,1.0,4.0,1.0,1.0,,,,,4.0,,,,,,,,,,,hallelujah_dublin,0,0,0,1,0,0,0,0,0
541106b708ad6ee3090e7536,541106b708ad6ee3090e7536,dublin,female,1980-01-01,,irish,,,False,31.0,False,,,,,,,,,,,,,,,,,,,,,3.0,3.0,,,,2.0,3.0,3.0,4.0,,,,,1.0,,,,,,,,,,,hallelujah_dublin,0,0,0,1,0,0,0,1,0
541106b808ad6ee3090e753f,541106b808ad6ee3090e753f,dublin,male,1960-01-01,,other,,,False,51.0,False,,,,,,,,,,,,,,,,,,,,,4.0,5.0,,,,1.0,3.0,1.0,1.0,,,,,4.0,,,,,,,,,,,hallelujah_dublin,0,0,0,1,0,0,0,0,0
5411076f08ad6ee3090e7798,5411076f08ad6ee3090e7798,dublin,male,1980-01-01,,irish,,,False,31.0,False,,,,,,,,,,,,,,,,,,,,,4.0,4.0,,,,1.0,4.0,2.0,2.0,,,,,4.0,,,,,,,,,,,hallelujah_dublin,0,0,1,1,0,0,0,0,0
5411076f08ad6ee3090e779a,5411076f08ad6ee3090e779a,dublin,male,1990-01-01,,other,,,False,21.0,False,,,,,,,,,,,,,,,,,,,,,4.0,2.0,,,,4.0,4.0,3.0,4.0,,,,,1.0,,,,,,,,,,,hallelujah_dublin,0,0,0,0,0,0,1,1,0
5410f69508ad6ee3090e3892,5410f69508ad6ee3090e3892,dublin,male,1970-01-01,,irish,,,False,41.0,False,,,,,,,,,,,,,,,,,,,,,1.0,4.0,,,,5.0,4.0,4.0,4.0,,,,,1.0,,,,,,,,,,,hallelujah_dublin,0,0,0,1,0,0,1,1,0
5410f7b508ad6ee3090e3d30,5410f7b508ad6ee3090e3d30,dublin,female,1990-01-01,,other,,,True,21.0,False,,,,,,,,,,,,,,,,,,,,,5.0,5.0,,,,1.0,4.0,2.0,1.0,,,,,2.0,,,,,,,,,,,hallelujah_dublin,0,0,0,0,1,0,1,1,0
5410f82f08ad6ee3090e3f2f,5410f82f08ad6ee3090e3f2f,dublin,male,1980-01-01,,other,,,False,31.0,False,,,,,,,,,,,,,,,,,,,,,4.0,3.0,,,,2.0,4.0,4.0,3.0,,,,,1.0,,,,,,,,,,,hallelujah_dublin,0,0,0,1,0,0,0,0,0
5410f91208ad6ee3090e41cf,5410f91208ad6ee3090e41cf,dublin,female,1990-01-01,,irish,,,False,21.0,False,,,,,,,,,,,,,,,,,,,,,2.0,5.0,,,,1.0,3.0,2.0,2.0,,,,,3.0,,,,,,,,,,,hallelujah_dublin,0,0,0,1,0,0,0,0,0
5410f95308ad6ee3090e42c1,5410f95308ad6ee3090e42c1,dublin,male,1990-01-01,,irish,,,False,21.0,False,,,,,,,,,,,,,,,,,,,,,5.0,5.0,,,,2.0,4.0,1.0,1.0,,,,,1.0,,,,,,,,,,,hallelujah_dublin,1,0,0,0,0,0,0,1,1
5410f9f708ad6ee3090e4533,5410f9f708ad6ee3090e4533,dublin,male,1970-01-01,,irish,,,False,41.0,False,,,,,,,,,,,,,,,,,,,,,5.0,5.0,,,,1.0,3.0,1.0,1.0,,,,,3.0,,,,,,,,,,,hallelujah_dublin,0,0,1,1,0,1,1,1,1
5410fab008ad6ee3090e47f0,5410fab008ad6ee3090e47f0,dublin,female,1993-01-01,,irish,,,False,18.0,False,,,,,,,,,,,,,,,,,,,,,4.0,3.0,,,,3.0,4.0,2.0,3.0,,,,,1.0,,,,,,,,,,,hallelujah_dublin,0,0,0,0,0,0,0,1,0
5410fab108ad6ee3090e47f8,5410fab108ad6ee3090e47f8,dublin,female,1990-01-01,,other,,,True,21.0,False,,,,,,,,,,,,,,,,,,,,,4.0,1.0,,,,3.0,4.0,3.0,4.0,,,,,2.0,,,,,,,,,,,hallelujah_dublin,0,0,0,0,0,1,0,0,0
5410fc0508ad6ee3090e4cef,5410fc0508ad6ee3090e4cef,dublin,male,1990-01-01,,irish,,,False,21.0,False,,,,,,,,,,,,,,,,,,,,,5.0,3.0,,,,2.0,5.0,2.0,2.0,,,,,1.0,,,,,,,,,,,hallelujah_dublin,0,0,0,1,0,0,0,0,0
5410fc0708ad6ee3090e4d18,5410fc0708ad6ee3090e4d18,dublin,male,1960-01-01,,other,,,False,51.0,False,,,,,,,,,,,,,,,,,,,,,4.0,4.0,,,,1.0,4.0,1.0,1.0,,,,,1.0,,,,,,,,,,,hallelujah_dublin,0,0,0,1,0,0,0,1,0
5410fcb808ad6ee3090e4fc1,5410fcb808ad6ee3090e4fc1,dublin,male,1990-01-01,,irish,,,True,21.0,False,,,,,,,,,,,,,,,,,,,,,2.0,3.0,,,,1.0,3.0,4.0,2.0,,,,,4.0,,,,,,,,,,,hallelujah_dublin,0,0,0,0,0,0,0,0,1
5410fcb908ad6ee3090e4fcd,5410fcb908ad6ee3090e4fcd,dublin,male,1990-01-01,,other,,,False,21.0,False,,,,,,,,,,,,,,,,,,,,,4.0,2.0,,,,4.0,4.0,3.0,1.0,,,,,2.0,,,,,,,,,,,hallelujah_dublin,0,0,0,1,0,0,0,0,0
5410fd5c08ad6ee3090e522d,5410fd5c08ad6ee3090e522d,dublin,female,1990-01-01,,other,,,False,21.0,False,,,,,,,,,,,,,,,,,,,,,3.0,4.0,,,,2.0,3.0,2.0,2.0,,,,,4.0,,,,,,,,,,,hallelujah_dublin,0,0,0,0,0,0,0,1,0
5410fda608ad6ee3090e534e,5410fda608ad6ee3090e534e,dublin,female,1950-01-01,,irish,,,False,61.0,False,,,,,,,,,,,,,,,,,,,,,4.0,3.0,,,,4.0,4.0,1.0,1.0,,,,,2.0,,,,,,,,,,,hallelujah_dublin,0,0,1,1,1,0,0,1,0
5410fda608ad6ee3090e5354,5410fda608ad6ee3090e5354,dublin,male,1970-01-01,,other,,,False,41.0,False,,,,,,,,,,,,,,,,,,,,,4.0,4.0,,,,2.0,4.0,4.0,2.0,,,,,2.0,,,,,,,,,,,hallelujah_dublin,0,0,0,0,0,0,0,1,0
5410fda708ad6ee3090e5362,5410fda708ad6ee3090e5362,dublin,male,1980-01-01,,irish,,,False,31.0,False,,,,,,,,,,,,,,,,,,,,,4.0,3.0,,,,3.0,3.0,4.0,2.0,,,,,1.0,,,,,,,,,,,hallelujah_dublin,1,0,1,1,1,0,1,1,1
5410fe3c08ad6ee3090e55a2,5410fe3c08ad6ee3090e55a2,dublin,male,1970-01-01,,irish,,,False,41.0,False,,,,,,,,,,,,,,,,,,,,,3.0,5.0,,,,1.0,4.0,3.0,1.0,,,,,3.0,,,,,,,,,,,hallelujah_dublin,0,0,0,1,0,0,0,1,0
5410ffda08ad6ee3090e5baa,5410ffda08ad6ee3090e5baa,dublin,male,1990-01-01,False,other,,3,False,21.0,False,,,,,,,,,,,,,,,,,,,,,3.0,2.0,,,,2.0,4.0,3.0,4.0,,,,,1.0,,,,,,,,,,,hallelujah_dublin,0,0,0,0,0,1,0,0,0
5411015508ad6ee3090e6160,5411015508ad6ee3090e6160,dublin,male,1978-01-01,False,other,,1,False,33.0,False,,,,,,,,,,,,,,,,,,,,,4.0,4.0,,,,2.0,3.0,3.0,2.0,,,,,2.0,,,,,,,,,,,hallelujah_dublin,0,0,0,1,1,0,0,1,0
541101b908ad6ee3090e62f8,541101b908ad6ee3090e62f8,dublin,male,1975-01-01,True,other,,4,False,36.0,False,,,,,,,,,,,,,,,,,,,,,4.0,1.0,,,,4.0,4.0,2.0,3.0,,,,,1.0,,,,,,,,,,,hallelujah_dublin,0,0,0,1,1,0,1,1,0
5411031108ad6ee3090e67f0,5411031108ad6ee3090e67f0,dublin,female,1988-01-01,True,other,,4,False,23.0,False,,,,,,,,,,,,,,,,,,,,,3.0,5.0,,,,1.0,3.0,2.0,2.0,,,,,2.0,,,,,,,,,,,hallelujah_dublin,1,0,1,1,1,0,0,1,1
5411047508ad6ee3090e6cbe,5411047508ad6ee3090e6cbe,dublin,female,1963-01-01,False,irish,,2,False,48.0,False,,,,,,,,,,,,,,,,,,,,,3.0,1.0,,,,3.0,4.0,3.0,3.0,,,,,1.0,,,,,,,,,,,hallelujah_dublin,0,0,0,1,0,1,0,0,0
5411047808ad6ee3090e6ce1,5411047808ad6ee3090e6ce1,dublin,male,1957-01-01,False,irish,,3,False,54.0,False,,,,,,,,,,,,,,,,,,,,,3.0,3.0,,,,2.0,4.0,3.0,3.0,,,,,1.0,,,,,,,,,,,hallelujah_dublin,0,0,0,1,1,0,0,0,1
5411047808ad6ee3090e6ce6,5411047808ad6ee3090e6ce6,dublin,female,1993-01-01,True,irish,,4,False,18.0,False,,,,,,,,,,,,,,,,,,,,,4.0,4.0,,,,3.0,4.0,2.0,3.0,,,,,1.0,,,,,,,,,,,hallelujah_dublin,0,0,0,0,0,0,1,0,0
541104c108ad6ee3090e6ddd,541104c108ad6ee3090e6ddd,dublin,male,1988-01-01,False,other,,3,False,23.0,False,,,,,,,,,,,,,,,,,,,,,4.0,4.0,,,,2.0,4.0,4.0,2.0,,,,,2.0,,,,,,,,,,,hallelujah_dublin,0,0,0,0,0,0,1,0,0
541104c208ad6ee3090e6df3,541104c208ad6ee3090e6df3,dublin,female,1995-01-01,True,irish,,4,False,16.0,False,,,,,,,,,,,,,,,,,,,,,4.0,4.0,,,,3.0,4.0,2.0,2.0,,,,,1.0,,,,,,,,,,,hallelujah_dublin,0,0,0,1,1,0,0,1,0
5411054d08ad6ee3090e6fe3,5411054d08ad6ee3090e6fe3,dublin,female,1977-01-01,False,irish,,2,False,34.0,False,,,,,,,,,,,,,,,,,,,,,3.0,4.0,,,,1.0,4.0,2.0,3.0,,,,,4.0,,,,,,,,,,,hallelujah_dublin,0,0,0,1,1,0,0,1,0
541105e008ad6ee3090e7216,541105e008ad6ee3090e7216,dublin,male,1995-01-01,True,irish,,3,False,16.0,False,,,,,,,,,,,,,,,,,,,,,2.0,3.0,,,,4.0,4.0,3.0,5.0,,,,,3.0,,,,,,,,,,,hallelujah_dublin,0,0,0,1,0,0,0,0,0
541105e108ad6ee3090e7221,541105e108ad6ee3090e7221,dublin,female,1953-01-01,False,irish,,2,False,58.0,False,,,,,,,,,,,,,,,,,,,,,4.0,4.0,,,,3.0,2.0,2.0,4.0,,,,,1.0,,,,,,,,,,,hallelujah_dublin,0,0,0,0,0,0,0,0,1
5410f8da08ad6ee3090e4127,5410f8da08ad6ee3090e4127,dublin,female,1976-01-01,True,other,,3,False,35.0,False,,,,,,,,,,,,,,,,,,4.0,,,2.0,,,4.0,4.0,,,,,,,,,,,,,,,3.0,3.0,4.0,5.0,3.0,hallelujah_dublin,0,0,1,1,1,1,0,1,1
5410f8da08ad6ee3090e4132,5410f8da08ad6ee3090e4132,dublin,female,1971-01-01,False,irish,,1,False,40.0,False,,,,,,,,,,,,,,,,,,3.0,,,1.0,,,3.0,4.0,,,,,,,,,,,,,,,3.0,1.0,4.0,3.0,3.0,hallelujah_dublin,0,0,0,0,0,1,0,0,0
5410fa8808ad6ee3090e476b,5410fa8808ad6ee3090e476b,dublin,male,1988-01-01,True,other,,4,False,23.0,False,,,,,,,,,,,,,,,,,,4.0,,,1.0,,,3.0,4.0,,,,,,,,,,,,,,,3.0,4.0,3.0,4.0,3.0,hallelujah_dublin,0,0,0,1,0,0,0,1,0
5410fa8808ad6ee3090e476f,5410fa8808ad6ee3090e476f,dublin,male,1991-01-01,False,other,,4,False,20.0,False,,,,,,,,,,,,,,,,,,4.0,,,1.0,,,3.0,4.0,,,,,,,,,,,,,,,4.0,4.0,1.0,4.0,2.0,hallelujah_dublin,0,0,0,1,1,0,0,0,0
5410fa8808ad6ee3090e4776,5410fa8808ad6ee3090e4776,dublin,female,1989-01-01,False,other,,3,False,22.0,False,,,,,,,,,,,,,,,,,,4.0,,,1.0,,,4.0,4.0,,,,,,,,,,,,,,,3.0,2.0,1.0,4.0,3.0,hallelujah_dublin,0,1,0,0,0,0,0,0,0
5410fb3f08ad6ee3090e4a1a,5410fb3f08ad6ee3090e4a1a,dublin,female,1980-01-01,False,other,,1,False,31.0,False,,,,,,,,,,,,,,,,,,3.0,,,2.0,,,3.0,4.0,,,,,,,,,,,,,,,4.0,4.0,1.0,3.0,4.0,hallelujah_dublin,0,0,0,1,0,0,0,1,0
5410fbaf08ad6ee3090e4bd4,5410fbaf08ad6ee3090e4bd4,dublin,male,1989-01-01,True,other,,3,True,22.0,False,,,,,,,,,,,,,,,,,,5.0,,,1.0,,,5.0,5.0,,,,,,,,,,,,,,,5.0,1.0,2.0,4.0,3.0,hallelujah_dublin,0,0,0,1,0,0,0,1,0
5410ff9208ad6ee3090e5ad9,5410ff9208ad6ee3090e5ad9,dublin,male,1990-01-01,True,irish,,2,False,21.0,False,,,,,,,,,,,,,,,,,,3.0,,,1.0,,,3.0,5.0,,,,,,,,,,,,,,,4.0,4.0,1.0,2.0,4.0,hallelujah_dublin,1,0,0,1,1,0,1,0,0
5411002c08ad6ee3090e5d04,5411002c08ad6ee3090e5d04,dublin,male,1983-01-01,True,irish,,3,False,28.0,False,,,,,,,,,,,,,,,,,,3.0,,,1.0,,,4.0,4.0,,,,,,,,,,,,,,,4.0,3.0,3.0,5.0,4.0,hallelujah_dublin,0,0,0,1,0,0,1,1,0
5411012808ad6ee3090e60ba,5411012808ad6ee3090e60ba,dublin,female,1983-01-01,True,other,,3,False,28.0,False,,,,,,,,,,,,,,,,,,2.0,,,1.0,,,3.0,4.0,,,,,,,,,,,,,,,2.0,2.0,3.0,3.0,1.0,hallelujah_dublin,0,0,0,1,0,0,0,1,0
5411012808ad6ee3090e60bb,5411012808ad6ee3090e60bb,dublin,male,1986-01-01,True,irish,,5,False,25.0,False,,,,,,,,,,,,,,,,,,4.0,,,1.0,,,5.0,4.0,,,,,,,,,,,,,,,5.0,4.0,2.0,3.0,4.0,hallelujah_dublin,0,0,0,1,1,0,1,1,0
541102d908ad6ee3090e671a,541102d908ad6ee3090e671a,dublin,male,1993-01-01,False,other,,2,False,18.0,False,,,,,,,,,,,,,,,,,,,,,,,,,,,,,,,,,,,,,,,,,,,,,hallelujah_dublin,0,0,0,1,0,0,0,0,0
541103ad08ad6ee3090e6a09,541103ad08ad6ee3090e6a09,dublin,female,1990-01-01,False,other,,3,False,21.0,False,,,,,,,,,,,,,,,,,,,,,,,,,,,,,,,,,,,,,,,,,,,,,hallelujah_dublin,0,0,1,1,0,1,1,1,0
5411043a08ad6ee3090e6bfd,5411043a08ad6ee3090e6bfd,dublin,female,1998-01-01,True,irish,,3,False,13.0,False,,,,,,,,,,,,,,,,,,,,,,,,,,,,,,,,,,,,,,,,,,,,,hallelujah_dublin,1,0,1,0,0,0,1,1,0
5411065608ad6ee3090e73be,5411065608ad6ee3090e73be,dublin,male,1993-01-01,True,irish,,4,False,18.0,False,,,,,,,,,,,,,,,,,,,,,,,,,,,,,,,,,,,,,,,,,,,,,hallelujah_dublin,0,0,1,0,1,0,1,1,0
5411065608ad6ee3090e73c9,5411065608ad6ee3090e73c9,dublin,male,1994-01-01,False,irish,,3,False,17.0,False,,,,,,,,,,,,,,,,,,,,,,,,,,,,,,,,,,,,,,,,,,,,,hallelujah_dublin,0,0,0,1,0,0,0,0,1
5411070e08ad6ee3090e761d,5411070e08ad6ee3090e761d,dublin,male,1972-01-01,True,irish,,2,False,39.0,False,,,,,,,,,,,,,,,,,,,,,,,,,,,,,,,,,,,,,,,,,,,,,hallelujah_dublin,0,0,0,1,0,0,0,1,0
5411070f08ad6ee3090e762b,5411070f08ad6ee3090e762b,dublin,male,1989-01-01,True,irish,,2,False,22.0,False,,,,,,,,,,,,,,,,,,,,,,,,,,,,,,,,,,,,,,,,,,,,,hallelujah_dublin,0,0,0,1,0,0,0,0,0
5411070f08ad6ee3090e7637,5411070f08ad6ee3090e7637,dublin,female,1989-01-01,False,irish,,2,False,22.0,False,,,,,,,,,,,,,,,,,,,,,,,,,,,,,,,,,,,,,,,,,,,,,hallelujah_dublin,0,0,0,1,0,0,0,1,0
5410f6fd08ad6ee3090e3a51,5410f6fd08ad6ee3090e3a51,dublin,female,1992-01-01,True,irish,,3,False,19.0,False,,,,,,,,,,,,,,,,,,,,,,,,,,,,,,,,,,,,,,,,,,,,,hallelujah_dublin,0,0,0,0,1,0,0,1,0
