,id,age,concentration,hearing_impairments,musical_expertise,nationality,artistic,fault,imagination,lazy,nervous,outgoing,reserved,stress,thorough,trusting,activity,engagement,familiarity,like_dislike,positivity,tension,sex,hallelujah_reaction,location,language,music_pref_none,music_pref_hiphop,music_pref_dance,music_pref_world,music_pref_rock,music_pref_pop,music_pref_classical,music_pref_jazz,music_pref_folk,music_pref_traditional_irish,dataset
0,5410fda608ad6ee3090e5354,41,,0.0,,other,,,,,,,,,,,4.0,2.0,4.0,2.0,4.0,4.0,male,False,dublin,,0,0,0,0,0,1,0,0,0,0,train
1,5410fba208ad6ee3090e4b9c,18,,0.0,,irish,,,,,,,,,,,4.0,2.0,3.0,2.0,4.0,2.0,female,False,dublin,,0,0,0,0,0,1,0,0,0,0,train
2,5411041008ad6ee3090e6b59,21,,0.0,,other,,,,,,,,,,,3.0,2.0,4.0,1.0,4.0,4.0,female,False,dublin,,0,0,0,0,0,1,0,0,0,0,eval
3,5410f7fc08ad6ee3090e3e55,42,,0.0,,irish,,,,,,,,,,,4.0,2.0,5.0,3.0,3.0,4.0,female,False,dublin,,0,0,0,1,0,0,0,0,0,0,eval
4,541104c108ad6ee3090e6ddd,23,,0.0,3.0,other,,,,,,,,,,,4.0,2.0,4.0,2.0,4.0,4.0,male,False,dublin,,0,0,1,0,0,0,0,0,0,0,train
5,5411051808ad6ee3090e6f2b,21,,0.0,,other,,,,,,,,,,,5.0,2.0,4.0,2.0,4.0,4.0,male,False,dublin,,0,0,1,0,0,0,0,0,0,0,train
6,5410fd5c08ad6ee3090e522d,21,,0.0,,other,,,,,,,,,,,3.0,2.0,4.0,2.0,2.0,3.0,female,False,dublin,,0,0,0,0,0,1,0,0,0,0,train
7,5410fa6308ad6ee3090e46d5,17,,0.0,,irish,,,,,,,,,,,4.0,2.0,5.0,2.0,2.0,4.0,female,False,dublin,,0,0,0,0,0,1,0,0,0,0,train
8,5410f69308ad6ee3090e387a,41,,0.0,,other,,,,,,,,,,,4.0,2.0,4.0,2.0,4.0,4.0,female,False,dublin,,0,0,0,0,0,0,0,1,0,0,train
9,5411036108ad6ee3090e68dc,31,,1.0,,other,,,,,,,,,,,5.0,2.0,4.0,2.0,4.0,3.0,female,False,dublin,,0,0,1,0,0,0,0,0,0,0,train
10,5411076e08ad6ee3090e7781,41,,0.0,,irish,,,,,,,,,,,2.0,2.0,5.0,1.0,2.0,4.0,female,False,dublin,,1,0,0,0,0,0,0,0,0,0,train
11,5411018908ad6ee3090e6256,64,,0.0,,irish,,,,,,,,,,,3.0,2.0,3.0,3.0,2.0,3.0,male,False,dublin,,0,0,0,0,0,0,0,1,0,0,train
12,5411008808ad6ee3090e5e73,12,,1.0,,irish,,,,,,,,,,,3.0,2.0,3.0,3.0,2.0,5.0,male,False,dublin,,0,0,0,0,0,1,0,0,0,0,train
13,5410fcb808ad6ee3090e4fc1,21,,1.0,,irish,,,,,,,,,,,3.0,2.0,3.0,1.0,4.0,2.0,male,True,dublin,,0,0,0,0,0,0,0,0,0,1,eval
14,5410fd1708ad6ee3090e514b,45,,0.0,,irish,,,,,,,,,,,4.0,3.0,4.0,3.0,3.0,5.0,female,False,dublin,,0,0,0,1,0,0,1,1,0,0,train
15,5411015608ad6ee3090e6171,12,,0.0,2.0,irish,,,,,,,,,,,3.0,3.0,3.0,4.0,3.0,4.0,male,False,dublin,,0,0,0,0,0,1,0,0,0,0,train
16,5410fe8808ad6ee3090e56b0,23,,0.0,,british,,,,,,,,,,,4.0,3.0,4.0,3.0,4.0,4.0,male,False,dublin,,0,0,0,0,0,1,0,0,0,0,eval
17,5410fab008ad6ee3090e47f0,18,,0.0,,irish,,,,,,,,,,,4.0,3.0,3.0,3.0,2.0,4.0,female,False,dublin,,0,0,0,0,0,1,0,0,0,0,train
18,5411047808ad6ee3090e6ce6,18,,0.0,4.0,irish,,,,,,,,,,,4.0,3.0,4.0,3.0,2.0,4.0,female,False,dublin,,0,0,1,0,0,0,0,0,0,0,train
19,5410ffda08ad6ee3090e5baa,21,,0.0,3.0,other,,,,,,,,,,,4.0,4.0,2.0,2.0,3.0,3.0,male,False,dublin,,0,0,0,1,0,0,0,0,0,0,train
20,541105e108ad6ee3090e7221,58,,0.0,2.0,irish,,,,,,,,,,,2.0,4.0,4.0,3.0,2.0,4.0,female,False,dublin,,0,0,0,0,0,0,0,0,0,1,train
21,5410f76708ad6ee3090e3c1a,33,,1.0,,irish,,,,,,,,,,,4.0,4.0,3.0,4.0,4.0,3.0,male,False,dublin,,0,0,1,0,0,0,0,0,0,0,train
22,5410fab108ad6ee3090e47f8,21,,1.0,,other,,,,,,,,,,,4.0,4.0,1.0,3.0,3.0,4.0,female,False,dublin,,0,0,0,1,0,0,0,0,0,0,train
23,541104c108ad6ee3090e6dd7,13,,0.0,3.0,irish,,,,,,,,,,,3.0,4.0,3.0,3.0,2.0,4.0,male,False,dublin,,0,0,0,0,0,1,0,0,0,0,train
24,5411076f08ad6ee3090e779a,21,,0.0,,other,,,,,,,,,,,4.0,4.0,2.0,4.0,3.0,4.0,male,False,dublin,,0,0,1,0,0,1,0,0,0,0,train
25,5410f7fc08ad6ee3090e3e51,29,,0.0,,other,,,,,,,,,,,5.0,5.0,2.0,5.0,4.0,3.0,male,False,dublin,,0,0,1,1,0,1,0,0,0,0,train
26,5410fe3d08ad6ee3090e55b0,41,,0.0,,other,,,,,,,,,,,3.0,5.0,3.0,3.0,3.0,2.0,female,False,dublin,,0,0,0,0,0,1,0,0,0,0,train
27,541102b108ad6ee3090e6683,21,,0.0,,irish,,,,,,,,,,,4.0,5.0,2.0,4.0,3.0,4.0,female,True,dublin,,0,0,0,0,0,1,0,0,0,0,train
28,5411059808ad6ee3090e70dc,11,,0.0,,irish,,,,,,,,,,,3.0,5.0,3.0,3.0,2.0,5.0,female,False,dublin,,0,0,0,0,0,1,0,0,0,0,train
29,5410fb2f08ad6ee3090e49d7,28,,0.0,,other,,,,,,,,,,,1.0,1.0,5.0,1.0,1.0,5.0,female,True,dublin,,0,0,1,1,0,1,0,0,0,0,train
30,5410f76608ad6ee3090e3c16,27,,0.0,,irish,,,,,,,,,,,3.0,1.0,5.0,1.0,1.0,4.0,male,True,dublin,,0,0,1,0,0,0,0,0,0,0,train
31,5410fba308ad6ee3090e4baa,43,,0.0,,irish,,,,,,,,,,,5.0,1.0,5.0,1.0,4.0,5.0,female,False,dublin,,0,0,0,0,0,1,0,0,0,0,train
32,5411061e08ad6ee3090e72f7,81,,0.0,,irish,,,,,,,,,,,1.0,1.0,4.0,2.0,1.0,5.0,female,False,dublin,,0,0,0,0,0,0,1,0,0,1,train
33,541101b808ad6ee3090e62eb,39,,0.0,2.0,irish,,,,,,,,,,,4.0,1.0,4.0,3.0,3.0,3.0,male,False,dublin,,0,0,1,0,0,1,0,1,0,0,eval
34,5410fa6308ad6ee3090e46d2,17,,0.0,,irish,,,,,,,,,,,4.0,1.0,4.0,1.0,2.0,5.0,female,True,dublin,,0,0,0,1,0,0,1,1,0,1,eval
35,5410f7b508ad6ee3090e3d30,21,,1.0,,other,,,,,,,,,,,4.0,1.0,5.0,1.0,2.0,5.0,female,False,dublin,,0,0,1,0,0,1,1,0,0,0,eval
36,5410f6d108ad6ee3090e39ad,32,,0.0,,british,,,,,,,,,,,3.0,1.0,5.0,1.0,4.0,4.0,male,True,dublin,,1,0,0,0,0,0,0,0,0,0,eval
37,5411041208ad6ee3090e6b71,21,,1.0,,other,,,,,,,,,,,3.0,3.0,2.0,3.0,3.0,3.0,male,True,dublin,,0,1,0,0,0,1,0,0,0,0,train
38,5410f95308ad6ee3090e42c1,21,,0.0,,irish,,,,,,,,,,,4.0,1.0,5.0,2.0,1.0,5.0,male,False,dublin,,0,1,0,0,0,1,0,0,0,1,train
39,570eb78d83a73509d0e03fa9,18,4.0,0.0,2.0,taiwanese,2.0,3.0,4.0,5.0,2.0,5.0,1.0,2.0,2.0,5.0,3.0,2.0,1.0,5.0,5.0,5.0,female,False,taipei_city,en,0,0,0,0,0,1,1,0,0,0,train
40,570eb73383a73509d0e0224f,36,3.0,0.0,2.0,taiwanese,2.0,4.0,4.0,5.0,5.0,2.0,2.0,3.0,3.0,4.0,3.0,3.0,3.0,3.0,3.0,3.0,female,False,taipei_city,en,0,0,0,0,0,1,0,0,0,0,train
41,570eb73d83a73509d0e02597,19,3.0,1.0,1.0,taiwanese,2.0,2.0,3.0,3.0,4.0,4.0,2.0,2.0,3.0,5.0,4.0,3.0,1.0,4.0,4.0,5.0,female,True,taichung_city,en,0,0,0,0,0,1,0,0,0,0,train
42,570eb75283a73509d0e02c68,50,5.0,0.0,3.0,taiwanese,2.0,4.0,3.0,3.0,4.0,2.0,3.0,3.0,4.0,3.0,2.0,3.0,1.0,3.0,3.0,3.0,male,False,taipei_city,zh_TW,0,0,0,0,0,0,1,0,0,0,train
43,570eb78483a73509d0e03cf3,43,3.0,0.0,2.0,taiwanese,2.0,4.0,5.0,4.0,4.0,2.0,4.0,2.0,4.0,4.0,3.0,3.0,3.0,3.0,3.0,4.0,male,False,taipei_city,en,0,0,0,0,0,0,1,0,0,0,train
44,570eb76183a73509d0e031b5,12,2.0,0.0,3.0,taiwanese,2.0,4.0,3.0,4.0,4.0,3.0,4.0,2.0,4.0,4.0,4.0,3.0,3.0,3.0,4.0,3.0,female,False,taipei_city,en,0,0,0,0,0,0,0,0,1,0,train
45,570eb74583a73509d0e0280f,12,4.0,0.0,3.0,taiwanese,2.0,2.0,5.0,5.0,3.0,4.0,1.0,3.0,1.0,3.0,4.0,4.0,1.0,5.0,4.0,5.0,female,True,taipei_city,en,0,0,0,0,0,1,1,0,0,0,eval
46,570eb7b983a73509d0e04d31,11,4.0,0.0,2.0,taiwanese,2.0,4.0,4.0,3.0,3.0,5.0,1.0,4.0,4.0,3.0,3.0,4.0,1.0,5.0,5.0,5.0,male,True,taipei_city,en,0,0,0,0,0,1,1,0,0,0,eval
47,570eb79483a73509d0e041c5,40,4.0,0.0,1.0,taiwanese,2.0,2.0,4.0,4.0,4.0,3.0,2.0,4.0,4.0,4.0,4.0,4.0,4.0,4.0,4.0,4.0,female,False,taichung_city,en,0,0,0,0,0,1,0,0,0,0,eval
48,570eb74283a73509d0e0275a,37,4.0,0.0,2.0,taiwanese,2.0,2.0,3.0,3.0,3.0,4.0,2.0,4.0,2.0,4.0,2.0,4.0,3.0,4.0,4.0,4.0,female,False,taichung_city,zh_TW,0,0,0,0,0,1,0,1,0,0,train
49,570eb78f83a73509d0e04058,45,4.0,0.0,1.0,taiwanese,2.0,2.0,2.0,1.0,5.0,4.0,2.0,4.0,4.0,4.0,4.0,4.0,4.0,4.0,4.0,4.0,female,True,taipei_city,en,0,0,0,0,0,1,0,0,0,0,eval
50,570eb73183a73509d0e021ba,20,4.0,0.0,3.0,taiwanese,2.0,2.0,4.0,4.0,5.0,5.0,2.0,2.0,4.0,4.0,4.0,4.0,1.0,4.0,5.0,5.0,female,False,taichung_city,en,0,0,0,0,0,1,0,0,0,0,train
51,570eb7a683a73509d0e04771,31,2.0,0.0,1.0,taiwanese,2.0,4.0,2.0,4.0,4.0,4.0,2.0,4.0,4.0,5.0,4.0,4.0,1.0,4.0,4.0,4.0,female,True,taipei_city,zh_TW,0,0,0,0,0,0,0,0,1,0,train
52,570eb76883a73509d0e033fc,15,4.0,0.0,2.0,taiwanese,2.0,3.0,4.0,4.0,5.0,5.0,2.0,4.0,4.0,2.0,4.0,4.0,3.0,5.0,5.0,5.0,female,False,taipei_city,zh_TW,0,0,0,0,0,1,0,0,0,0,train
53,570eb76583a73509d0e032db,38,3.0,0.0,2.0,taiwanese,2.0,2.0,2.0,2.0,4.0,2.0,3.0,2.0,2.0,2.0,4.0,4.0,3.0,4.0,4.0,4.0,female,False,taipei_city,en,0,0,0,0,0,1,0,0,0,0,train
54,570eb7b083a73509d0e04a3c,47,4.0,0.0,2.0,taiwanese,2.0,3.0,4.0,3.0,3.0,3.0,3.0,3.0,3.0,4.0,3.0,4.0,4.0,4.0,4.0,4.0,female,False,taipei_city,zh_TW,0,0,0,0,0,1,1,0,0,0,train
55,570eb76283a73509d0e031f8,26,4.0,0.0,1.0,taiwanese,2.0,4.0,4.0,4.0,4.0,4.0,3.0,4.0,2.0,2.0,3.0,4.0,5.0,5.0,5.0,5.0,male,True,taipei_city,en,0,0,0,0,0,1,0,0,0,0,train
56,570eb7a083a73509d0e04592,9,3.0,0.0,1.0,taiwanese,2.0,2.0,3.0,2.0,2.0,2.0,3.0,3.0,3.0,4.0,4.0,4.0,1.0,5.0,4.0,4.0,male,True,taipei_city,en,0,0,0,0,0,0,1,0,0,0,eval
57,570eb76e83a73509d0e035d9,1,5.0,0.0,1.0,taiwanese,2.0,2.0,4.0,2.0,5.0,3.0,4.0,5.0,3.0,2.0,5.0,4.0,1.0,4.0,4.0,5.0,female,False,taipei_city,en,0,0,0,0,0,0,1,0,0,0,train
58,570eb74b83a73509d0e02a0b,6,3.0,0.0,3.0,taiwanese,2.0,4.0,4.0,4.0,3.0,4.0,4.0,3.0,2.0,3.0,5.0,4.0,1.0,1.0,3.0,4.0,male,False,taipei_city,en,0,0,0,0,0,0,1,0,0,0,train
59,570eb72683a73509d0e01df0,21,3.0,0.0,1.0,taiwanese,2.0,4.0,4.0,5.0,4.0,3.0,4.0,5.0,5.0,5.0,4.0,4.0,5.0,5.0,4.0,5.0,female,False,taipei_city,en,0,0,0,0,0,1,0,0,0,0,train
60,570eb75883a73509d0e02e8b,15,3.0,0.0,3.0,taiwanese,2.0,4.0,3.0,5.0,5.0,2.0,4.0,2.0,2.0,5.0,4.0,4.0,5.0,5.0,2.0,5.0,female,False,taipei_city,en,0,0,0,0,0,1,1,1,1,0,train
61,570eb74f83a73509d0e02ba7,25,3.0,0.0,2.0,taiwanese,2.0,4.0,4.0,4.0,5.0,4.0,4.0,1.0,2.0,5.0,5.0,4.0,4.0,4.0,4.0,3.0,male,False,taichung_city,zh_TW,0,0,0,0,0,1,1,0,0,0,train
62,570eb79383a73509d0e04155,40,3.0,0.0,2.0,taiwanese,2.0,4.0,4.0,2.0,4.0,2.0,4.0,2.0,4.0,2.0,3.0,4.0,1.0,4.0,3.0,5.0,female,False,taipei_city,zh_TW,0,0,0,0,0,0,1,0,0,0,train
63,570eb79583a73509d0e04206,16,5.0,0.0,4.0,taiwanese,2.0,4.0,5.0,3.0,4.0,4.0,4.0,4.0,3.0,5.0,4.0,4.0,1.0,4.0,4.0,4.0,male,False,taipei_city,en,0,0,0,0,0,1,0,0,0,0,train
64,570eb78a83a73509d0e03e98,25,4.0,0.0,1.0,taiwanese,2.0,2.0,2.0,3.0,4.0,1.0,4.0,2.0,4.0,4.0,3.0,4.0,1.0,3.0,4.0,4.0,female,True,taipei_city,en,0,0,0,0,0,1,0,0,0,0,train
65,570eb74b83a73509d0e02a09,51,4.0,0.0,3.0,taiwanese,2.0,4.0,4.0,4.0,4.0,2.0,4.0,2.0,4.0,2.0,4.0,4.0,1.0,4.0,4.0,4.0,male,False,taipei_city,zh_TW,0,0,0,0,0,1,0,0,0,0,train
66,570eb73683a73509d0e02365,25,4.0,0.0,3.0,taiwanese,2.0,4.0,5.0,4.0,3.0,2.0,4.0,4.0,4.0,2.0,3.0,4.0,2.0,4.0,4.0,4.0,female,False,taipei_city,en,0,0,0,0,0,1,0,0,0,0,eval
67,570eb74d83a73509d0e02adb,40,4.0,0.0,1.0,taiwanese,2.0,2.0,4.0,4.0,4.0,2.0,4.0,4.0,4.0,4.0,4.0,4.0,4.0,4.0,4.0,4.0,female,False,taichung_city,en,0,0,0,0,0,1,1,0,0,0,train
68,570eb7bc83a73509d0e04e30,21,5.0,0.0,2.0,chinese,2.0,4.0,4.0,4.0,5.0,5.0,4.0,4.0,2.0,5.0,3.0,4.0,1.0,4.0,3.0,4.0,female,True,taipei_city,zh_TW,0,0,0,0,0,1,1,0,0,0,train
69,570eb78783a73509d0e03ddb,12,5.0,0.0,4.0,taiwanese,2.0,3.0,5.0,3.0,4.0,3.0,2.0,2.0,3.0,4.0,4.0,5.0,1.0,5.0,5.0,5.0,male,False,taipei_city,en,0,0,0,0,0,0,1,0,0,0,train
70,570eb75283a73509d0e02cad,31,5.0,0.0,2.0,taiwanese,2.0,2.0,4.0,4.0,2.0,5.0,2.0,5.0,3.0,5.0,4.0,5.0,1.0,5.0,5.0,5.0,female,False,taipei_city,en,0,0,0,1,0,1,1,1,0,0,train
71,570eb73183a73509d0e021c9,17,4.0,0.0,1.0,taiwanese,2.0,2.0,4.0,5.0,2.0,4.0,2.0,4.0,2.0,2.0,2.0,5.0,4.0,5.0,5.0,5.0,female,True,taipei_city,en,0,0,0,0,0,0,0,0,1,0,train
72,570eb7a583a73509d0e0471d,41,4.0,0.0,2.0,taiwanese,2.0,2.0,4.0,4.0,2.0,4.0,2.0,3.0,3.0,4.0,3.0,5.0,1.0,4.0,4.0,4.0,male,False,taipei_city,en,0,0,0,0,0,1,1,0,0,0,train
73,570eb72783a73509d0e01e26,48,5.0,0.0,2.0,taiwanese,2.0,4.0,4.0,4.0,5.0,3.0,2.0,4.0,2.0,4.0,3.0,5.0,3.0,4.0,5.0,5.0,female,False,taipei_city,zh_TW,0,0,0,0,0,1,0,0,0,0,train
74,570eb72483a73509d0e01d55,19,5.0,0.0,2.0,taiwanese,2.0,4.0,4.0,5.0,3.0,4.0,2.0,3.0,2.0,4.0,2.0,5.0,2.0,4.0,4.0,5.0,male,False,taipei_city,en,0,0,1,0,0,1,1,0,0,0,train
75,570eb76783a73509d0e0336d,38,5.0,0.0,1.0,taiwanese,2.0,4.0,4.0,4.0,3.0,4.0,2.0,2.0,3.0,4.0,4.0,5.0,4.0,4.0,2.0,1.0,female,False,taipei_city,en,0,0,0,0,0,1,1,1,0,0,eval
76,570eb7ac83a73509d0e04918,54,5.0,0.0,2.0,japanese,2.0,3.0,4.0,4.0,4.0,2.0,2.0,2.0,1.0,4.0,4.0,5.0,1.0,4.0,5.0,5.0,female,True,taipei_city,en,0,0,0,0,0,0,1,0,0,0,train
77,570eb75183a73509d0e02c09,20,5.0,0.0,2.0,taiwanese,2.0,4.0,3.0,3.0,3.0,3.0,2.0,1.0,4.0,2.0,2.0,5.0,3.0,5.0,5.0,5.0,male,True,taipei_city,en,0,0,1,0,0,1,0,0,1,0,train
78,570eb74583a73509d0e0281a,28,4.0,0.0,4.0,taiwanese,2.0,4.0,3.0,4.0,5.0,5.0,3.0,5.0,4.0,4.0,4.0,5.0,3.0,5.0,5.0,4.0,male,True,taipei_city,en,0,0,0,0,0,1,0,0,0,0,train
79,570eb72583a73509d0e01d8a,60,4.0,0.0,2.0,taiwanese,2.0,3.0,5.0,4.0,3.0,3.0,3.0,3.0,4.0,2.0,2.0,5.0,5.0,5.0,5.0,5.0,female,False,taipei_city,en,0,0,0,0,0,1,0,0,0,0,train
80,570eb75e83a73509d0e03083,10,5.0,0.0,2.0,taiwanese,2.0,5.0,4.0,5.0,5.0,2.0,3.0,1.0,1.0,4.0,2.0,5.0,3.0,5.0,5.0,5.0,female,False,taipei_city,en,0,0,0,0,0,1,0,0,0,0,train
81,570eb79b83a73509d0e04409,17,4.0,0.0,4.0,taiwanese,2.0,2.0,4.0,5.0,4.0,1.0,4.0,4.0,2.0,4.0,4.0,5.0,1.0,4.0,4.0,5.0,female,False,taipei_city,en,0,0,0,0,0,1,0,1,0,0,train
82,570eb73683a73509d0e02363,5,5.0,0.0,1.0,taiwanese,2.0,3.0,4.0,3.0,2.0,2.0,4.0,3.0,3.0,4.0,3.0,5.0,5.0,5.0,5.0,5.0,male,False,taipei_city,en,0,0,0,0,0,1,0,0,0,0,eval
83,570eb72b83a73509d0e01f7c,5,3.0,0.0,1.0,taiwanese,2.0,3.0,5.0,3.0,4.0,2.0,4.0,3.0,4.0,5.0,5.0,5.0,1.0,5.0,5.0,5.0,male,True,taipei_city,zh_TW,0,0,0,0,0,0,1,0,0,0,train
84,570eb72183a73509d0e01c55,35,5.0,0.0,3.0,taiwanese,2.0,2.0,2.0,2.0,4.0,2.0,4.0,4.0,4.0,4.0,3.0,5.0,1.0,3.0,3.0,4.0,female,False,taipei_city,en,0,0,0,0,0,1,1,0,0,0,train
85,570eb7ba83a73509d0e04d91,18,2.0,0.0,2.0,taiwanese,2.0,4.0,2.0,4.0,4.0,2.0,4.0,3.0,4.0,2.0,4.0,5.0,1.0,5.0,5.0,5.0,female,False,taichung_city,en,0,0,0,0,0,1,0,0,0,0,train
86,570eb78d83a73509d0e03fb8,55,4.0,0.0,3.0,taiwanese,2.0,2.0,4.0,4.0,4.0,4.0,4.0,2.0,4.0,4.0,2.0,5.0,4.0,5.0,5.0,5.0,female,True,taipei_city,en,0,0,1,0,0,1,1,0,1,0,train
87,570eb75983a73509d0e02f0b,12,5.0,0.0,2.0,taiwanese,2.0,4.0,4.0,4.0,5.0,3.0,4.0,4.0,4.0,5.0,3.0,5.0,1.0,3.0,4.0,4.0,female,True,taipei_city,en,0,0,0,0,0,1,0,0,0,0,train
88,570eb75683a73509d0e02dc5,21,5.0,0.0,3.0,taiwanese,2.0,4.0,3.0,5.0,3.0,2.0,4.0,2.0,1.0,2.0,3.0,5.0,2.0,5.0,3.0,4.0,male,True,taichung_city,en,0,0,1,0,0,1,0,0,0,0,train
89,570eb72283a73509d0e01cb0,20,4.0,0.0,1.0,taiwanese,2.0,4.0,4.0,5.0,5.0,3.0,4.0,3.0,2.0,5.0,2.0,5.0,5.0,5.0,5.0,5.0,female,False,taipei_city,en,0,0,0,0,0,1,0,0,0,0,train
90,570eb76483a73509d0e03296,45,5.0,0.0,3.0,taiwanese,2.0,1.0,4.0,1.0,3.0,4.0,4.0,3.0,4.0,4.0,5.0,5.0,3.0,5.0,5.0,5.0,male,False,taipei_city,en,0,0,0,0,0,0,0,0,1,0,train
91,570eb73b83a73509d0e024f1,11,4.0,0.0,3.0,taiwanese,2.0,4.0,4.0,4.0,4.0,4.0,4.0,3.0,3.0,4.0,4.0,5.0,2.0,5.0,5.0,5.0,male,True,taipei_city,en,0,0,0,0,0,0,1,0,0,0,train
92,570eb78b83a73509d0e03f1b,9,4.0,0.0,1.0,taiwanese,2.0,4.0,4.0,2.0,2.0,2.0,4.0,4.0,4.0,2.0,5.0,5.0,2.0,5.0,4.0,4.0,male,False,taipei_city,en,0,0,0,0,0,0,1,0,0,0,train
93,570eb7a183a73509d0e045c2,46,5.0,0.0,1.0,taiwanese,2.0,3.0,5.0,4.0,5.0,2.0,5.0,2.0,4.0,4.0,4.0,5.0,4.0,4.0,5.0,5.0,male,True,taipei_city,zh_TW,0,0,0,0,0,1,0,0,0,0,train
94,570eb75583a73509d0e02daf,11,1.0,0.0,4.0,taiwanese,2.0,3.0,5.0,3.0,2.0,4.0,3.0,4.0,4.0,4.0,2.0,1.0,1.0,1.0,1.0,3.0,male,False,taipei_city,zh_TW,0,0,0,0,0,1,0,0,0,0,train
95,570eb73c83a73509d0e02565,20,4.0,0.0,1.0,taiwanese,2.0,3.0,5.0,5.0,3.0,4.0,3.0,2.0,3.0,4.0,1.0,3.0,1.0,3.0,3.0,3.0,female,False,taichung_city,en,0,1,0,0,0,0,0,0,0,0,train
96,570eb75c83a73509d0e03001,23,5.0,0.0,3.0,taiwanese,2.0,4.0,2.0,5.0,4.0,2.0,4.0,2.0,4.0,5.0,3.0,3.0,3.0,3.0,3.0,4.0,male,True,taipei_city,en,0,1,1,0,0,1,0,0,0,0,eval
97,570eb7a983a73509d0e0483c,20,3.0,0.0,3.0,taiwanese,2.0,4.0,4.0,4.0,5.0,4.0,3.0,4.0,4.0,4.0,2.0,4.0,4.0,4.0,4.0,4.0,female,False,taichung_city,en,0,1,1,0,0,1,0,0,0,0,train
98,570eb73383a73509d0e02263,23,5.0,0.0,1.0,taiwanese,2.0,4.0,4.0,4.0,5.0,4.0,4.0,2.0,4.0,4.0,4.0,4.0,1.0,4.0,2.0,4.0,male,True,taipei_city,en,0,1,0,0,0,0,0,0,0,0,train
99,570eb72683a73509d0e01e15,20,4.0,0.0,4.0,taiwanese,2.0,4.0,4.0,4.0,3.0,4.0,4.0,5.0,2.0,5.0,4.0,5.0,1.0,5.0,5.0,5.0,male,False,taipei_city,zh_TW,0,1,0,0,0,1,0,0,0,0,train
100,570eb78d83a73509d0e03f78,9,3.0,0.0,2.0,chinese,3.0,4.0,4.0,4.0,3.0,2.0,3.0,4.0,4.0,2.0,4.0,2.0,4.0,5.0,5.0,3.0,male,False,taipei_city,zh_TW,0,0,1,0,0,0,0,0,0,0,train
101,570eb74483a73509d0e027df,18,2.0,0.0,1.0,taiwanese,3.0,3.0,2.0,4.0,3.0,1.0,4.0,2.0,2.0,2.0,2.0,2.0,1.0,3.0,4.0,3.0,female,False,taipei_city,en,0,0,0,0,0,0,1,0,0,0,eval
102,570eb7b783a73509d0e04cb8,34,5.0,0.0,1.0,taiwanese,3.0,1.0,3.0,2.0,3.0,1.0,4.0,2.0,4.0,5.0,3.0,2.0,1.0,3.0,3.0,4.0,female,False,taipei_city,en,0,0,0,0,0,1,0,0,0,0,eval
103,570eb7b183a73509d0e04a93,5,2.0,0.0,1.0,taiwanese,3.0,4.0,4.0,3.0,4.0,4.0,2.0,3.0,3.0,4.0,3.0,3.0,1.0,2.0,3.0,4.0,female,False,taipei_city,en,1,0,0,0,0,0,0,0,0,0,train
104,570eb73083a73509d0e0214b,10,3.0,0.0,3.0,taiwanese,3.0,2.0,3.0,2.0,4.0,4.0,2.0,3.0,3.0,3.0,3.0,3.0,1.0,3.0,3.0,4.0,female,False,taipei_city,en,0,0,0,0,0,1,0,0,0,0,train
105,570eb7bf83a73509d0e04f0c,11,3.0,0.0,3.0,taiwanese,3.0,4.0,4.0,3.0,3.0,4.0,3.0,4.0,3.0,4.0,4.0,3.0,3.0,3.0,3.0,3.0,female,True,taichung_city,en,0,0,0,0,0,0,1,0,0,0,train
106,570eb71e83a73509d0e01ba1,34,4.0,0.0,2.0,taiwanese,3.0,2.0,2.0,2.0,3.0,4.0,3.0,4.0,3.0,4.0,3.0,3.0,1.0,3.0,3.0,3.0,female,False,taipei_city,zh_TW,0,0,0,0,0,1,0,0,0,0,train
107,570eb78c83a73509d0e03f6e,11,5.0,0.0,4.0,taiwanese,3.0,3.0,5.0,2.0,1.0,4.0,3.0,2.0,5.0,1.0,4.0,3.0,1.0,3.0,3.0,3.0,male,False,taipei_city,en,0,0,0,0,0,1,0,0,0,0,train
108,570eb74683a73509d0e0289b,12,3.0,0.0,1.0,taiwanese,3.0,3.0,3.0,5.0,4.0,2.0,5.0,2.0,2.0,5.0,3.0,3.0,1.0,4.0,4.0,4.0,male,False,taipei_city,zh_TW,0,0,0,0,0,1,0,0,0,0,train
109,570eb79983a73509d0e04371,12,5.0,0.0,3.0,taiwanese,3.0,3.0,5.0,1.0,4.0,5.0,1.0,4.0,4.0,4.0,3.0,4.0,1.0,4.0,4.0,4.0,female,False,taipei_city,zh_TW,0,0,0,0,0,1,0,0,0,0,train
110,570eb79483a73509d0e0419b,23,4.0,0.0,2.0,taiwanese,3.0,4.0,5.0,4.0,5.0,5.0,2.0,2.0,3.0,4.0,1.0,4.0,1.0,3.0,3.0,4.0,female,False,taichung_city,en,0,0,0,0,0,1,0,0,0,0,train
111,570eb79083a73509d0e040a7,21,4.0,0.0,3.0,taiwanese,3.0,5.0,4.0,4.0,5.0,5.0,2.0,2.0,4.0,4.0,1.0,4.0,1.0,5.0,4.0,5.0,female,True,taichung_city,zh_TW,0,0,0,0,0,0,1,0,0,0,train
112,570eb77383a73509d0e0379f,16,3.0,0.0,3.0,taiwanese,3.0,3.0,4.0,4.0,4.0,4.0,2.0,5.0,2.0,2.0,3.0,4.0,3.0,4.0,4.0,4.0,female,False,taichung_city,en,0,0,0,0,0,1,0,0,0,0,train
113,570eb75583a73509d0e02d98,41,3.0,0.0,1.0,taiwanese,3.0,2.0,2.0,4.0,3.0,4.0,2.0,4.0,3.0,4.0,4.0,4.0,3.0,4.0,4.0,5.0,female,False,taipei_city,zh_TW,0,0,0,0,0,1,0,0,1,0,train
114,570eb7a183a73509d0e045d2,7,3.0,0.0,2.0,taiwanese,3.0,2.0,4.0,4.0,3.0,4.0,3.0,3.0,3.0,4.0,4.0,4.0,1.0,3.0,3.0,3.0,male,False,taipei_city,en,0,0,0,0,0,0,1,0,0,0,eval
115,570eb77083a73509d0e03694,40,4.0,0.0,1.0,taiwanese,3.0,2.0,4.0,4.0,4.0,4.0,3.0,2.0,2.0,4.0,4.0,4.0,4.0,5.0,4.0,4.0,male,True,taichung_city,en,0,0,0,0,0,1,0,0,0,0,eval
116,570eb73683a73509d0e0235a,48,3.0,0.0,1.0,taiwanese,3.0,4.0,4.0,4.0,4.0,2.0,3.0,2.0,3.0,2.0,4.0,4.0,2.0,4.0,4.0,3.0,male,True,taipei_city,en,0,0,0,0,0,1,0,1,0,0,train
117,570eb79583a73509d0e0421c,13,3.0,0.0,2.0,taiwanese,3.0,4.0,3.0,5.0,3.0,3.0,3.0,3.0,2.0,4.0,4.0,4.0,4.0,5.0,5.0,5.0,female,False,taipei_city,en,0,0,0,0,0,1,0,0,0,0,train
118,570eb74783a73509d0e028c9,14,2.0,0.0,1.0,taiwanese,3.0,3.0,3.0,3.0,3.0,3.0,3.0,3.0,3.0,3.0,3.0,4.0,3.0,4.0,4.0,4.0,female,True,taipei_city,en,0,0,0,0,0,1,0,0,0,0,train
119,570eb72883a73509d0e01e8d,5,2.0,0.0,3.0,algerian,3.0,3.0,3.0,3.0,3.0,3.0,3.0,3.0,3.0,3.0,3.0,4.0,1.0,3.0,4.0,3.0,male,False,taipei_city,zh_TW,0,0,0,0,0,1,1,1,0,0,eval
120,570eb75c83a73509d0e02ff2,12,4.0,0.0,3.0,taiwanese,3.0,4.0,5.0,4.0,4.0,3.0,4.0,3.0,2.0,4.0,4.0,4.0,5.0,5.0,5.0,5.0,male,False,taipei_city,en,0,0,0,0,0,1,1,0,0,0,train
121,570eb78583a73509d0e03d32,43,2.0,0.0,1.0,taiwanese,3.0,3.0,4.0,4.0,4.0,4.0,4.0,4.0,4.0,5.0,3.0,4.0,2.0,4.0,4.0,5.0,female,False,taipei_city,en,0,0,0,0,0,0,0,0,1,0,train
122,570eb74483a73509d0e027e3,22,4.0,0.0,2.0,taiwanese,3.0,2.0,2.0,5.0,4.0,2.0,4.0,2.0,4.0,5.0,3.0,4.0,2.0,3.0,4.0,3.0,female,False,taichung_city,en,0,0,0,0,0,1,0,0,0,0,train
123,570eb78f83a73509d0e04050,41,4.0,0.0,2.0,taiwanese,3.0,4.0,2.0,3.0,5.0,2.0,4.0,1.0,4.0,2.0,3.0,4.0,2.0,4.0,5.0,5.0,male,False,taichung_city,zh_TW,0,0,0,1,0,1,1,0,0,0,train
124,570eb73283a73509d0e021e7,25,3.0,0.0,1.0,taiwanese,3.0,4.0,2.0,4.0,4.0,2.0,4.0,2.0,3.0,4.0,3.0,4.0,3.0,3.0,2.0,4.0,male,True,taichung_city,en,0,0,0,0,0,1,0,0,0,0,train
125,570eb74983a73509d0e02992,15,5.0,0.0,5.0,british,3.0,4.0,3.0,4.0,5.0,4.0,5.0,5.0,5.0,4.0,4.0,4.0,1.0,5.0,4.0,5.0,male,False,taipei_city,en,0,0,0,1,0,0,1,1,1,0,train
126,570eb75a83a73509d0e02f39,14,4.0,0.0,3.0,taiwanese,3.0,4.0,3.0,4.0,3.0,4.0,2.0,3.0,2.0,2.0,4.0,5.0,4.0,5.0,5.0,4.0,female,True,taipei_city,en,0,0,1,0,0,1,0,0,0,0,train
127,570eb79983a73509d0e0434d,9,5.0,0.0,2.0,taiwanese,3.0,3.0,3.0,3.0,3.0,3.0,3.0,3.0,3.0,3.0,5.0,5.0,1.0,5.0,5.0,5.0,male,False,taipei_city,zh_TW,0,0,0,0,0,1,0,0,0,0,train
128,570eb76283a73509d0e03220,13,5.0,0.0,3.0,taiwanese,3.0,3.0,3.0,3.0,3.0,3.0,3.0,3.0,3.0,3.0,5.0,5.0,5.0,5.0,5.0,5.0,male,False,taipei_city,zh_TW,0,0,0,0,0,0,0,0,1,0,train
129,570eb76d83a73509d0e035bd,40,4.0,0.0,1.0,taiwanese,3.0,2.0,2.0,2.0,4.0,1.0,3.0,1.0,2.0,3.0,1.0,5.0,1.0,5.0,5.0,5.0,female,False,taipei_city,en,0,0,0,0,0,0,1,0,0,0,train
130,570eb79c83a73509d0e04453,25,3.0,0.0,2.0,taiwanese,3.0,3.0,5.0,4.0,4.0,4.0,3.0,3.0,5.0,4.0,4.0,5.0,4.0,5.0,5.0,5.0,male,True,taipei_city,en,0,0,0,0,0,1,0,0,0,0,train
131,570eb74283a73509d0e02716,17,5.0,0.0,4.0,taiwanese,3.0,3.0,4.0,4.0,4.0,3.0,3.0,3.0,3.0,5.0,5.0,5.0,3.0,5.0,5.0,5.0,female,False,taipei_city,en,0,0,0,0,0,1,0,0,0,0,train
132,570eb7b683a73509d0e04c1f,12,4.0,0.0,3.0,taiwanese,3.0,3.0,5.0,2.0,4.0,5.0,4.0,1.0,4.0,3.0,3.0,5.0,1.0,1.0,5.0,5.0,male,False,taipei_city,en,0,0,0,0,0,0,1,0,0,0,train
133,570eb78a83a73509d0e03ea6,13,5.0,0.0,3.0,taiwanese,3.0,4.0,5.0,4.0,5.0,4.0,5.0,5.0,1.0,4.0,1.0,5.0,5.0,5.0,5.0,5.0,female,False,taipei_city,en,0,0,0,0,0,1,1,0,0,0,train
134,570eb74883a73509d0e02928,25,4.0,0.0,1.0,taiwanese,3.0,2.0,5.0,4.0,3.0,3.0,2.0,3.0,5.0,4.0,4.0,5.0,5.0,5.0,5.0,5.0,male,True,taipei_city,en,0,1,0,0,0,1,1,1,0,0,eval
135,570eb73383a73509d0e0222e,16,4.0,0.0,1.0,taiwanese,4.0,5.0,4.0,5.0,5.0,5.0,1.0,2.0,2.0,5.0,3.0,4.0,4.0,4.0,4.0,4.0,female,False,taichung_city,en,0,0,0,0,0,1,0,0,0,0,train
136,570eb76a83a73509d0e0349c,18,4.0,0.0,3.0,taiwanese,4.0,2.0,2.0,4.0,4.0,2.0,2.0,2.0,4.0,4.0,4.0,4.0,1.0,3.0,4.0,4.0,female,False,taipei_city,en,0,0,0,1,0,1,0,0,0,0,train
137,570eb73883a73509d0e023f7,21,4.0,0.0,2.0,taiwanese,4.0,3.0,4.0,2.0,2.0,4.0,2.0,4.0,4.0,4.0,3.0,4.0,2.0,4.0,3.0,4.0,female,False,taipei_city,en,0,0,0,1,0,1,0,0,0,0,eval
138,570eb7b883a73509d0e04d1d,13,3.0,1.0,4.0,taiwanese,4.0,3.0,3.0,3.0,3.0,3.0,3.0,3.0,2.0,3.0,4.0,4.0,1.0,1.0,2.0,2.0,female,False,taipei_city,en,0,0,0,0,0,0,1,0,0,0,train
139,570eb76f83a73509d0e0361a,27,2.0,0.0,2.0,taiwanese,4.0,5.0,3.0,4.0,4.0,1.0,4.0,2.0,4.0,4.0,3.0,4.0,1.0,4.0,4.0,4.0,female,False,taichung_city,en,0,0,0,0,0,1,0,0,1,0,eval
140,570eb77b83a73509d0e03a1b,27,3.0,0.0,1.0,taiwanese,4.0,3.0,4.0,3.0,4.0,2.0,4.0,2.0,2.0,4.0,3.0,4.0,1.0,4.0,4.0,3.0,male,True,taipei_city,en,0,0,0,0,0,1,0,0,0,0,train
141,570eb73f83a73509d0e0262f,17,5.0,0.0,4.0,taiwanese,4.0,4.0,2.0,4.0,4.0,4.0,4.0,3.0,4.0,4.0,4.0,4.0,1.0,4.0,4.0,4.0,male,False,taichung_city,en,0,0,0,0,0,1,0,0,0,0,eval
142,570eb74b83a73509d0e02a36,26,4.0,0.0,1.0,taiwanese,4.0,5.0,3.0,2.0,3.0,2.0,4.0,3.0,4.0,5.0,3.0,4.0,1.0,4.0,5.0,4.0,male,True,taipei_city,en,0,0,0,0,0,1,0,0,0,0,train
143,570eb72b83a73509d0e01f84,17,3.0,0.0,1.0,taiwanese,4.0,3.0,2.0,5.0,5.0,2.0,4.0,3.0,2.0,4.0,3.0,4.0,4.0,4.0,4.0,3.0,male,False,taipei_city,en,0,0,0,0,0,1,0,0,0,0,train
144,570eb76183a73509d0e031bc,22,5.0,0.0,2.0,taiwanese,4.0,2.0,3.0,4.0,5.0,4.0,4.0,3.0,4.0,5.0,3.0,4.0,1.0,4.0,4.0,5.0,female,False,taipei_city,en,0,0,0,0,0,1,0,0,0,0,eval
145,570eb7be83a73509d0e04f07,45,2.0,0.0,1.0,singaporean,4.0,4.0,4.0,5.0,4.0,4.0,5.0,4.0,4.0,5.0,4.0,4.0,1.0,4.0,4.0,4.0,male,True,taipei_city,en,0,0,0,0,0,1,0,0,0,0,eval
146,570eb75c83a73509d0e03009,7,4.0,0.0,1.0,taiwanese,4.0,1.0,5.0,4.0,2.0,5.0,1.0,4.0,1.0,5.0,4.0,5.0,1.0,3.0,2.0,5.0,male,False,taipei_city,en,0,0,0,0,0,0,0,0,1,0,train
147,570eb76c83a73509d0e03568,32,5.0,0.0,5.0,taiwanese,4.0,4.0,4.0,4.0,4.0,4.0,4.0,4.0,4.0,4.0,5.0,5.0,5.0,5.0,5.0,5.0,male,False,taipei_city,en,0,0,1,0,0,0,0,0,0,0,train
148,570eb74683a73509d0e02897,12,5.0,0.0,5.0,taiwanese,4.0,4.0,4.0,4.0,4.0,4.0,4.0,4.0,4.0,4.0,5.0,5.0,5.0,5.0,5.0,5.0,male,False,taipei_city,zh_TW,0,0,0,0,0,0,1,0,0,0,train
149,570eb78d83a73509d0e03f96,13,4.0,0.0,1.0,taiwanese,4.0,3.0,4.0,4.0,5.0,3.0,4.0,3.0,4.0,4.0,4.0,5.0,3.0,4.0,3.0,5.0,male,True,taipei_city,en,0,0,0,0,0,1,0,0,0,0,train
150,570eb73283a73509d0e02206,13,5.0,0.0,3.0,taiwanese,4.0,2.0,4.0,5.0,1.0,4.0,4.0,5.0,2.0,4.0,4.0,5.0,4.0,5.0,4.0,5.0,male,False,taipei_city,en,0,0,0,0,0,1,0,0,0,0,train
151,570eb7b483a73509d0e04b97,40,5.0,0.0,3.0,taiwanese,4.0,4.0,1.0,4.0,5.0,4.0,4.0,2.0,4.0,4.0,3.0,5.0,3.0,5.0,5.0,4.0,female,False,taipei_city,en,0,0,0,0,0,1,0,0,0,0,eval
152,570eb78883a73509d0e03e08,19,5.0,0.0,3.0,taiwanese,4.0,4.0,4.0,4.0,3.0,5.0,2.0,3.0,3.0,4.0,5.0,5.0,3.0,5.0,5.0,5.0,female,False,taipei_city,en,0,1,0,0,0,1,0,0,0,0,train
153,570eb7b383a73509d0e04b3c,10,4.0,0.0,4.0,singaporean,5.0,3.0,3.0,2.0,4.0,4.0,3.0,2.0,4.0,4.0,3.0,2.0,1.0,2.0,3.0,3.0,male,False,taipei_city,en,0,0,0,0,0,0,1,0,0,0,train
154,570eb73183a73509d0e021c7,30,5.0,0.0,1.0,taiwanese,5.0,4.0,5.0,5.0,3.0,5.0,4.0,5.0,4.0,5.0,1.0,2.0,1.0,3.0,3.0,4.0,female,False,taipei_city,en,0,0,0,1,0,1,0,0,0,0,train
155,570eb72e83a73509d0e02095,17,3.0,0.0,2.0,taiwanese,5.0,5.0,5.0,5.0,5.0,5.0,5.0,5.0,5.0,5.0,1.0,3.0,1.0,4.0,3.0,4.0,male,False,taichung_city,en,0,0,0,0,0,1,0,0,0,0,train
156,570eb7aa83a73509d0e04895,14,5.0,0.0,3.0,taiwanese,5.0,3.0,4.0,2.0,5.0,4.0,3.0,4.0,3.0,4.0,3.0,4.0,1.0,4.0,4.0,3.0,male,False,taichung_city,en,0,0,0,1,0,0,0,0,0,0,train
157,570eb79f83a73509d0e0454a,38,5.0,0.0,1.0,taiwanese,5.0,2.0,4.0,4.0,4.0,2.0,4.0,2.0,2.0,4.0,2.0,4.0,4.0,4.0,4.0,4.0,male,False,taipei_city,en,0,0,0,1,0,0,0,0,1,0,train
158,570eb77483a73509d0e037e9,22,3.0,0.0,3.0,taiwanese,5.0,4.0,4.0,5.0,4.0,1.0,4.0,2.0,4.0,4.0,2.0,4.0,5.0,4.0,4.0,5.0,male,True,taipei_city,en,0,0,0,0,0,1,0,0,0,0,train
159,570eb73b83a73509d0e024e1,8,5.0,0.0,1.0,taiwanese,5.0,5.0,5.0,3.0,1.0,5.0,2.0,3.0,5.0,3.0,5.0,5.0,5.0,5.0,5.0,5.0,female,False,taipei_city,en,0,0,1,0,0,0,0,0,0,0,train
160,570eb75b83a73509d0e02f73,17,4.0,0.0,1.0,taiwanese,5.0,4.0,4.0,3.0,4.0,5.0,2.0,4.0,3.0,4.0,5.0,5.0,5.0,5.0,5.0,5.0,male,False,taichung_city,en,0,0,0,0,0,1,0,0,0,0,train
161,570eb74683a73509d0e028a1,9,4.0,0.0,1.0,taiwanese,5.0,1.0,4.0,5.0,5.0,3.0,2.0,3.0,1.0,5.0,5.0,5.0,1.0,5.0,5.0,5.0,male,False,taipei_city,en,0,0,0,0,0,1,0,0,0,0,train
162,570eb78c83a73509d0e03f66,8,5.0,0.0,2.0,taiwanese,5.0,,,5.0,,,2.0,1.0,,2.0,5.0,5.0,5.0,5.0,5.0,5.0,male,True,taipei_city,zh_TW,0,0,0,0,0,0,1,0,0,0,train
163,570eb77083a73509d0e0368e,14,5.0,0.0,5.0,taiwanese,5.0,3.0,5.0,5.0,4.0,5.0,3.0,3.0,3.0,5.0,1.0,5.0,3.0,5.0,5.0,5.0,female,True,taichung_city,zh_TW,0,0,0,0,0,1,0,0,0,0,train
164,570eb7ab83a73509d0e048f8,38,5.0,0.0,1.0,taiwanese,5.0,4.0,5.0,5.0,4.0,4.0,5.0,5.0,2.0,5.0,2.0,5.0,3.0,5.0,3.0,5.0,female,False,taipei_city,en,0,0,0,0,0,1,0,0,0,0,train
165,570eb76d83a73509d0e0359e,1,5.0,1.0,5.0,taiwanese,5.0,5.0,5.0,5.0,5.0,5.0,5.0,5.0,5.0,5.0,5.0,5.0,5.0,5.0,5.0,5.0,female,False,taipei_city,en,0,0,0,0,0,1,0,1,0,0,train
166,570eb7a283a73509d0e0462b,22,4.0,1.0,4.0,japanese,5.0,3.0,5.0,4.0,1.0,2.0,5.0,1.0,4.0,1.0,2.0,1.0,2.0,2.0,3.0,4.0,female,True,taipei_city,en,0,1,1,0,0,0,0,1,0,0,train
167,570eb74683a73509d0e0284d,22,4.0,0.0,5.0,taiwanese,1.0,2.0,5.0,5.0,4.0,4.0,2.0,4.0,4.0,4.0,4.0,2.0,2.0,5.0,4.0,5.0,female,False,taipei_city,en,0,0,0,0,0,1,1,1,0,0,train
168,570eb7a083a73509d0e045b0,18,2.0,0.0,4.0,taiwanese,1.0,4.0,5.0,2.0,2.0,3.0,4.0,4.0,4.0,4.0,2.0,2.0,5.0,2.0,4.0,2.0,female,False,taipei_city,en,0,0,1,0,0,1,1,0,0,0,eval
169,570eb76a83a73509d0e03493,17,2.0,0.0,1.0,taiwanese,1.0,1.0,1.0,1.0,1.0,1.0,1.0,1.0,1.0,1.0,3.0,3.0,3.0,3.0,3.0,3.0,male,False,taichung_city,en,0,0,0,1,0,0,0,0,0,0,train
170,570eb78283a73509d0e03c78,5,3.0,0.0,1.0,american,1.0,1.0,1.0,1.0,1.0,1.0,1.0,1.0,1.0,1.0,1.0,3.0,1.0,3.0,3.0,3.0,male,False,taipei_city,en,0,0,0,0,0,0,0,0,1,0,train
171,570eb7be83a73509d0e04ef8,18,2.0,0.0,4.0,taiwanese,1.0,2.0,2.0,4.0,4.0,2.0,2.0,2.0,1.0,4.0,2.0,3.0,3.0,3.0,3.0,3.0,female,False,taipei_city,en,0,0,0,1,0,1,1,0,1,0,train
172,570eb7aa83a73509d0e048af,18,3.0,0.0,4.0,taiwanese,1.0,4.0,4.0,4.0,3.0,3.0,2.0,5.0,4.0,4.0,3.0,3.0,1.0,3.0,4.0,4.0,male,True,taipei_city,en,0,0,0,0,0,1,1,0,0,0,eval
173,570eb78183a73509d0e03c04,11,2.0,0.0,2.0,taiwanese,1.0,3.0,5.0,3.0,3.0,3.0,3.0,4.0,3.0,4.0,4.0,3.0,2.0,3.0,3.0,5.0,male,True,taipei_city,en,0,0,0,0,0,0,1,0,0,0,train
174,570eb75383a73509d0e02cf9,24,5.0,0.0,1.0,taiwanese,1.0,3.0,4.0,4.0,5.0,1.0,4.0,1.0,3.0,3.0,1.0,3.0,1.0,1.0,3.0,4.0,male,True,taichung_city,en,0,0,0,1,0,1,1,0,0,0,train
175,570eb72f83a73509d0e02101,19,5.0,0.0,1.0,taiwanese,1.0,4.0,4.0,3.0,2.0,3.0,4.0,4.0,4.0,4.0,2.0,3.0,4.0,2.0,4.0,2.0,female,False,taichung_city,en,0,0,0,0,0,1,0,0,0,0,train
176,570eb77583a73509d0e0383f,17,5.0,0.0,2.0,taiwanese,1.0,4.0,3.0,5.0,3.0,1.0,1.0,2.0,2.0,2.0,3.0,4.0,4.0,3.0,4.0,4.0,female,False,taichung_city,en,0,0,0,0,0,1,1,0,1,0,train
177,570eb7a883a73509d0e047fa,10,4.0,0.0,2.0,taiwanese,1.0,1.0,1.0,2.0,5.0,3.0,1.0,3.0,2.0,4.0,5.0,4.0,1.0,5.0,3.0,5.0,female,False,taichung_city,en,0,0,0,0,0,0,1,0,0,0,train
178,570eb74683a73509d0e0287d,19,4.0,0.0,4.0,taiwanese,1.0,4.0,4.0,5.0,2.0,4.0,2.0,4.0,1.0,4.0,5.0,4.0,4.0,5.0,4.0,5.0,female,False,taipei_city,en,0,0,1,0,0,1,1,0,1,0,train
179,570eb77f83a73509d0e03b63,21,4.0,0.0,3.0,taiwanese,1.0,3.0,4.0,4.0,4.0,4.0,2.0,4.0,3.0,2.0,4.0,4.0,4.0,4.0,2.0,3.0,female,False,taichung_city,en,0,0,0,0,0,1,0,0,0,0,eval
180,570eb73483a73509d0e02292,21,2.0,0.0,1.0,taiwanese,1.0,5.0,5.0,4.0,4.0,3.0,2.0,3.0,2.0,4.0,2.0,4.0,1.0,4.0,5.0,4.0,female,False,taipei_city,en,0,0,0,0,0,1,1,0,0,0,train
181,570eb78583a73509d0e03d2c,21,5.0,0.0,4.0,taiwanese,1.0,1.0,4.0,5.0,3.0,3.0,3.0,3.0,1.0,4.0,2.0,4.0,4.0,5.0,4.0,4.0,female,False,taipei_city,en,0,0,0,0,0,1,1,1,0,0,train
182,570eb7aa83a73509d0e0489f,34,3.0,0.0,3.0,taiwanese,1.0,4.0,4.0,5.0,4.0,2.0,4.0,2.0,2.0,5.0,4.0,4.0,1.0,4.0,4.0,4.0,female,False,taipei_city,en,0,0,0,0,0,1,1,0,0,0,train
183,570eb7b483a73509d0e04b6c,10,4.0,0.0,2.0,taiwanese,1.0,4.0,5.0,3.0,2.0,5.0,4.0,5.0,2.0,5.0,2.0,4.0,3.0,4.0,4.0,5.0,female,False,taipei_city,zh_TW,0,0,1,1,0,1,0,1,0,0,train
184,570eb79783a73509d0e042a0,28,3.0,0.0,5.0,taiwanese,1.0,2.0,2.0,4.0,4.0,2.0,4.0,5.0,3.0,4.0,3.0,4.0,3.0,4.0,5.0,4.0,female,False,taipei_city,zh_TW,0,0,0,0,0,1,1,0,0,0,train
185,570eb78d83a73509d0e03f81,34,4.0,0.0,2.0,taiwanese,1.0,4.0,4.0,4.0,4.0,4.0,4.0,4.0,4.0,2.0,4.0,4.0,1.0,5.0,5.0,5.0,male,False,taipei_city,en,0,0,0,0,0,1,1,1,0,0,train
186,570eb79383a73509d0e04177,16,5.0,0.0,3.0,taiwanese,1.0,3.0,5.0,4.0,4.0,3.0,4.0,2.0,5.0,5.0,4.0,4.0,4.0,5.0,5.0,4.0,female,False,taichung_city,en,0,0,0,0,0,1,0,0,0,0,train
187,570eb75283a73509d0e02c77,10,5.0,1.0,5.0,taiwanese,1.0,1.0,5.0,1.0,1.0,5.0,1.0,5.0,5.0,5.0,5.0,5.0,4.0,5.0,5.0,5.0,female,False,taichung_city,en,0,0,0,0,0,1,0,0,0,0,train
188,570eb71e83a73509d0e01b94,19,5.0,0.0,3.0,taiwanese,1.0,2.0,5.0,4.0,5.0,5.0,1.0,2.0,2.0,5.0,4.0,5.0,4.0,5.0,5.0,5.0,female,False,taipei_city,en,0,0,0,0,0,1,0,0,0,0,train
189,570eb76883a73509d0e033c5,10,5.0,0.0,5.0,taiwanese,1.0,1.0,5.0,1.0,1.0,5.0,1.0,5.0,5.0,5.0,5.0,5.0,4.0,5.0,5.0,5.0,female,False,taichung_city,zh_TW,0,0,0,0,0,1,0,0,0,0,train
190,570eb75f83a73509d0e03115,12,5.0,0.0,4.0,taiwanese,1.0,5.0,5.0,5.0,5.0,3.0,1.0,1.0,5.0,3.0,1.0,5.0,1.0,5.0,2.0,5.0,female,True,taipei_city,en,0,0,0,0,0,0,1,0,0,0,train
191,570eb75d83a73509d0e03063,10,3.0,0.0,1.0,taiwanese,1.0,1.0,5.0,5.0,4.0,5.0,1.0,4.0,1.0,4.0,3.0,5.0,1.0,5.0,3.0,5.0,male,False,taipei_city,en,0,0,0,0,0,1,0,0,0,0,train
192,570eb75983a73509d0e02ecb,40,5.0,0.0,3.0,taiwanese,1.0,4.0,5.0,4.0,2.0,5.0,1.0,4.0,4.0,4.0,4.0,5.0,1.0,5.0,5.0,5.0,female,False,taipei_city,en,0,0,0,0,0,0,0,1,0,0,eval
193,570eb75b83a73509d0e02f7a,13,4.0,0.0,3.0,taiwanese,1.0,4.0,5.0,4.0,4.0,4.0,2.0,2.0,2.0,4.0,3.0,5.0,5.0,4.0,4.0,4.0,female,False,taipei_city,en,0,0,0,1,0,1,1,0,0,0,eval
194,570eb7af83a73509d0e04a1d,22,4.0,0.0,3.0,taiwanese,1.0,3.0,5.0,4.0,3.0,5.0,2.0,3.0,3.0,4.0,4.0,5.0,4.0,4.0,4.0,4.0,female,False,taipei_city,en,0,0,0,0,0,1,0,0,0,0,train
195,570eb72983a73509d0e01ee3,22,4.0,0.0,3.0,taiwanese,1.0,2.0,4.0,4.0,4.0,3.0,2.0,4.0,3.0,5.0,4.0,5.0,2.0,4.0,3.0,3.0,female,False,taipei_city,en,0,0,0,0,0,1,0,0,1,0,train
196,570eb74e83a73509d0e02b4f,17,4.0,0.0,3.0,taiwanese,1.0,4.0,5.0,4.0,3.0,4.0,3.0,4.0,2.0,4.0,4.0,5.0,5.0,5.0,5.0,4.0,female,False,taichung_city,en,0,0,0,0,0,1,1,0,0,0,train
197,570eb73983a73509d0e02466,9,4.0,0.0,2.0,taiwanese,1.0,4.0,3.0,1.0,5.0,5.0,3.0,5.0,3.0,4.0,4.0,5.0,4.0,5.0,5.0,4.0,male,False,taichung_city,en,0,0,0,0,0,0,0,1,0,0,eval
198,570eb78a83a73509d0e03e96,9,5.0,0.0,5.0,thai,1.0,2.0,5.0,2.0,4.0,5.0,3.0,5.0,5.0,4.0,5.0,5.0,1.0,5.0,5.0,5.0,male,True,taipei_city,zh_TW,0,0,0,0,0,1,0,0,0,0,train
199,570eb71e83a73509d0e01b7e,6,5.0,0.0,3.0,taiwanese,1.0,1.0,4.0,1.0,4.0,4.0,4.0,2.0,4.0,4.0,5.0,5.0,2.0,5.0,5.0,5.0,female,False,taipei_city,en,0,0,0,0,0,0,0,0,1,0,train
200,570eb73883a73509d0e023f2,9,5.0,0.0,1.0,taiwanese,1.0,2.0,5.0,1.0,4.0,1.0,4.0,2.0,3.0,4.0,5.0,5.0,1.0,5.0,4.0,5.0,male,False,taipei_city,zh_TW,0,0,0,0,0,1,0,0,0,0,train
201,570eb7b683a73509d0e04c45,22,4.0,0.0,4.0,taiwanese,1.0,2.0,4.0,4.0,4.0,2.0,4.0,2.0,4.0,2.0,4.0,5.0,5.0,5.0,2.0,4.0,female,True,taipei_city,en,0,0,0,0,0,1,0,0,0,0,train
202,570eb75a83a73509d0e02f2d,14,5.0,0.0,3.0,taiwanese,1.0,1.0,5.0,3.0,4.0,2.0,5.0,2.0,3.0,4.0,5.0,5.0,4.0,5.0,5.0,5.0,male,False,taipei_city,en,0,0,0,1,0,1,1,0,0,0,train
203,570eb77583a73509d0e0383c,6,5.0,1.0,1.0,taiwanese,1.0,1.0,5.0,5.0,5.0,1.0,5.0,5.0,5.0,4.0,1.0,5.0,1.0,5.0,5.0,5.0,female,False,taipei_city,en,0,0,0,0,0,1,0,0,0,0,train
204,570eb7bc83a73509d0e04e43,7,5.0,0.0,3.0,taiwanese,1.0,1.0,2.0,1.0,1.0,4.0,4.0,4.0,2.0,4.0,1.0,1.0,1.0,1.0,1.0,1.0,female,False,taichung_city,en,0,0,0,0,0,0,1,0,0,0,eval
205,570eb73383a73509d0e02231,20,4.0,0.0,2.0,taiwanese,1.0,4.0,4.0,4.0,5.0,2.0,4.0,2.0,4.0,4.0,3.0,4.0,1.0,4.0,4.0,4.0,female,True,taipei_city,en,0,1,0,0,0,1,0,0,0,0,train
206,570eb7af83a73509d0e049f1,32,5.0,0.0,3.0,taiwanese,1.0,4.0,4.0,4.0,4.0,4.0,2.0,4.0,4.0,4.0,4.0,5.0,4.0,5.0,4.0,5.0,male,False,taipei_city,en,0,1,1,0,0,0,1,1,0,0,train
207,570eb75483a73509d0e02d40,14,4.0,0.0,3.0,american,1.0,2.0,5.0,5.0,4.0,2.0,3.0,4.0,3.0,4.0,4.0,5.0,4.0,4.0,5.0,5.0,female,False,taipei_city,en,0,1,0,0,0,1,0,0,0,0,train
208,5410fba308ad6ee3090e4ba2,29,,0.0,,irish,,,,,,,,,,,2.0,2.0,4.0,2.0,2.0,2.0,male,True,dublin,,0,0,1,1,1,1,1,1,0,0,train
209,5410ff7208ad6ee3090e5a53,26,,0.0,,irish,,,,,,,,,,,4.0,2.0,5.0,1.0,2.0,3.0,male,False,dublin,,0,0,1,0,1,1,1,0,0,0,train
210,5410f88308ad6ee3090e408d,23,,0.0,,irish,,,,,,,,,,,4.0,2.0,4.0,2.0,3.0,5.0,male,False,dublin,,0,0,0,0,1,1,1,1,0,0,train
211,541104c208ad6ee3090e6df3,16,,0.0,4.0,irish,,,,,,,,,,,4.0,2.0,4.0,3.0,2.0,4.0,female,False,dublin,,0,0,0,0,1,1,1,0,0,0,eval
212,5411041108ad6ee3090e6b69,31,,0.0,,irish,,,,,,,,,,,3.0,2.0,1.0,3.0,2.0,4.0,male,False,dublin,,0,0,0,0,1,1,0,0,0,0,eval
213,5411059908ad6ee3090e70ee,51,,0.0,,irish,,,,,,,,,,,4.0,2.0,3.0,2.0,2.0,5.0,male,False,dublin,,0,0,0,0,1,1,0,0,0,0,train
214,541102af08ad6ee3090e6651,41,,0.0,,other,,,,,,,,,,,1.0,2.0,4.0,1.0,1.0,4.0,female,False,dublin,,0,0,0,1,1,0,0,0,0,0,train
215,5410f7fd08ad6ee3090e3e60,25,,0.0,,other,,,,,,,,,,,2.0,2.0,4.0,2.0,2.0,3.0,male,False,dublin,,0,0,0,1,1,1,0,0,0,0,train
216,5410f76508ad6ee3090e3c03,16,,0.0,,british,,,,,,,,,,,4.0,2.0,5.0,2.0,2.0,5.0,male,False,dublin,,0,0,0,0,1,0,0,0,0,0,train
217,5410f91208ad6ee3090e41cf,21,,0.0,,irish,,,,,,,,,,,3.0,2.0,5.0,1.0,2.0,2.0,female,False,dublin,,0,0,0,0,1,0,0,0,0,0,train
218,5411036108ad6ee3090e68e1,11,,0.0,,irish,,,,,,,,,,,2.0,2.0,5.0,2.0,3.0,3.0,male,False,dublin,,0,0,0,0,1,0,0,0,0,0,train
219,5410f76608ad6ee3090e3c09,26,,0.0,,irish,,,,,,,,,,,2.0,2.0,4.0,4.0,4.0,2.0,male,False,dublin,,0,0,1,0,1,1,1,0,0,0,train
220,5411061f08ad6ee3090e7305,41,,0.0,,irish,,,,,,,,,,,3.0,2.0,4.0,2.0,2.0,3.0,female,False,dublin,,0,0,0,0,1,1,0,1,0,0,train
221,5411015508ad6ee3090e6160,33,,0.0,1.0,other,,,,,,,,,,,3.0,2.0,4.0,2.0,3.0,4.0,male,False,dublin,,0,0,0,0,1,1,1,0,0,0,eval
222,5410f91208ad6ee3090e41d9,41,,0.0,,irish,,,,,,,,,,,4.0,2.0,5.0,1.0,1.0,5.0,male,False,dublin,,0,0,0,0,1,0,0,0,0,0,train
223,5410fba308ad6ee3090e4ba3,24,,0.0,,irish,,,,,,,,,,,3.0,2.0,4.0,2.0,2.0,4.0,male,False,dublin,,0,0,0,1,1,1,0,0,0,1,train
224,5411077108ad6ee3090e77b3,21,,0.0,,irish,,,,,,,,,,,2.0,2.0,5.0,1.0,1.0,2.0,female,False,dublin,,0,0,0,1,1,1,1,1,0,0,train
225,541101b908ad6ee3090e6304,29,,0.0,3.0,irish,,,,,,,,,,,4.0,2.0,4.0,2.0,3.0,4.0,female,False,dublin,,0,0,0,1,1,1,0,0,0,0,train
226,5410fc0508ad6ee3090e4cef,21,,0.0,,irish,,,,,,,,,,,5.0,2.0,3.0,2.0,2.0,5.0,male,True,dublin,,0,0,0,0,1,0,0,0,0,0,train
227,5410f7fd08ad6ee3090e3e67,23,,0.0,,irish,,,,,,,,,,,3.0,2.0,5.0,2.0,1.0,5.0,male,False,dublin,,0,0,1,1,1,1,1,1,0,0,train
228,5411076f08ad6ee3090e7798,31,,0.0,,irish,,,,,,,,,,,4.0,2.0,4.0,1.0,2.0,4.0,male,False,dublin,,0,0,0,0,1,0,0,1,0,0,train
229,5411031208ad6ee3090e67fb,29,,0.0,4.0,irish,,,,,,,,,,,2.0,2.0,5.0,1.0,4.0,4.0,male,False,dublin,,0,0,1,1,1,0,0,1,0,0,eval
230,5410f6d008ad6ee3090e3998,21,,0.0,,irish,,,,,,,,,,,2.0,2.0,4.0,2.0,1.0,4.0,female,True,dublin,,0,0,1,0,1,1,0,0,0,0,train
231,5411054d08ad6ee3090e6fe3,34,,0.0,2.0,irish,,,,,,,,,,,4.0,3.0,4.0,1.0,2.0,3.0,female,False,dublin,,0,0,0,0,1,1,1,0,0,0,train
232,5411047508ad6ee3090e6cbe,48,,0.0,2.0,irish,,,,,,,,,,,4.0,3.0,1.0,3.0,3.0,3.0,female,False,dublin,,0,0,0,1,1,0,0,0,0,0,train
233,5411059a08ad6ee3090e70f8,21,,0.0,,other,,,,,,,,,,,3.0,3.0,2.0,4.0,4.0,2.0,female,False,dublin,,0,0,0,0,1,0,0,0,0,0,train
234,5410f9f808ad6ee3090e4547,41,,0.0,,irish,,,,,,,,,,,4.0,3.0,4.0,2.0,4.0,5.0,male,False,dublin,,0,0,0,0,1,0,0,0,0,0,train
235,5410ffdb08ad6ee3090e5bb8,21,,0.0,1.0,irish,,,,,,,,,,,3.0,3.0,4.0,2.0,3.0,4.0,male,False,dublin,,0,0,1,0,1,0,0,0,0,0,train
236,5411036108ad6ee3090e68e5,41,,0.0,,irish,,,,,,,,,,,3.0,3.0,4.0,2.0,2.0,4.0,male,False,dublin,,0,0,1,0,1,1,0,0,0,0,train
237,5411047808ad6ee3090e6ce1,54,,0.0,3.0,irish,,,,,,,,,,,4.0,3.0,3.0,2.0,3.0,3.0,male,True,dublin,,0,0,0,0,1,0,1,0,0,1,train
238,5410f82f08ad6ee3090e3f2f,31,,0.0,,other,,,,,,,,,,,4.0,3.0,3.0,2.0,4.0,4.0,male,False,dublin,,0,0,0,0,1,0,0,0,0,0,train
239,5410fb2e08ad6ee3090e49ce,33,,0.0,,british,,,,,,,,,,,3.0,3.0,4.0,2.0,2.0,4.0,male,False,dublin,,0,0,1,1,1,0,0,0,0,0,train
240,5411018808ad6ee3090e6244,24,,0.0,,irish,,,,,,,,,,,5.0,3.0,4.0,1.0,4.0,4.0,female,False,dublin,,0,0,0,0,1,1,1,1,0,0,train
241,5410fb2f08ad6ee3090e49da,42,,0.0,,other,,,,,,,,,,,5.0,3.0,2.0,2.0,3.0,4.0,female,True,dublin,,0,0,1,0,1,1,1,0,0,0,train
242,541101b908ad6ee3090e62f8,36,,0.0,4.0,other,,,,,,,,,,,4.0,3.0,1.0,4.0,2.0,4.0,male,False,dublin,,0,0,1,0,1,1,1,0,0,0,train
243,541106b708ad6ee3090e7536,31,,0.0,,irish,,,,,,,,,,,3.0,4.0,3.0,2.0,3.0,3.0,female,False,dublin,,0,0,0,0,1,1,0,0,0,0,train
244,541102b008ad6ee3090e6671,41,,0.0,,irish,,,,,,,,,,,3.0,4.0,4.0,3.0,3.0,4.0,female,True,dublin,,0,0,0,0,1,0,0,0,0,0,train
245,5410f69508ad6ee3090e3892,41,,0.0,,irish,,,,,,,,,,,4.0,4.0,4.0,5.0,4.0,1.0,male,False,dublin,,0,0,1,0,1,1,0,0,0,0,train
246,5411061f08ad6ee3090e72fc,31,,0.0,,other,,,,,,,,,,,4.0,4.0,4.0,3.0,3.0,4.0,male,False,dublin,,0,0,0,0,1,0,0,0,0,0,train
247,541101e408ad6ee3090e63b2,39,,0.0,,british,,,,,,,,,,,4.0,4.0,4.0,5.0,4.0,4.0,male,False,dublin,,0,0,0,0,1,0,0,0,0,0,eval
248,5410fa6508ad6ee3090e46f4,21,,0.0,,irish,,,,,,,,,,,5.0,4.0,3.0,2.0,3.0,4.0,male,False,dublin,,0,0,1,0,1,0,1,0,0,0,train
249,5410f6d008ad6ee3090e399c,20,,0.0,,irish,,,,,,,,,,,5.0,4.0,2.0,3.0,4.0,3.0,male,False,dublin,,0,0,1,0,1,1,0,1,0,1,train
250,5410f76708ad6ee3090e3c1f,59,,0.0,,irish,,,,,,,,,,,3.0,5.0,3.0,3.0,3.0,3.0,male,False,dublin,,0,0,0,0,1,0,1,0,0,1,train
251,5410fda608ad6ee3090e5348,21,,0.0,,irish,,,,,,,,,,,3.0,5.0,3.0,4.0,3.0,3.0,male,True,dublin,,0,0,0,0,1,0,0,0,0,0,eval
252,541105e008ad6ee3090e7216,16,,0.0,3.0,irish,,,,,,,,,,,4.0,5.0,3.0,4.0,3.0,2.0,male,False,dublin,,0,0,0,0,1,0,0,0,0,0,train
253,5410f7fc08ad6ee3090e3e4e,25,,0.0,,british,,,,,,,,,,,5.0,1.0,4.0,2.0,3.0,4.0,male,False,dublin,,0,0,0,0,1,1,0,0,0,0,train
254,5410f6d008ad6ee3090e3994,25,,0.0,,other,,,,,,,,,,,4.0,1.0,5.0,1.0,2.0,5.0,male,False,dublin,,0,0,0,1,1,1,0,0,0,0,train
255,5411076d08ad6ee3090e7774,41,,0.0,,irish,,,,,,,,,,,2.0,1.0,4.0,3.0,1.0,4.0,male,True,dublin,,0,0,1,0,1,1,0,1,0,0,train
256,5411031108ad6ee3090e67ed,19,,0.0,5.0,irish,,,,,,,,,,,2.0,1.0,5.0,1.0,4.0,1.0,male,False,dublin,,0,0,0,0,1,0,0,0,0,0,train
257,541106b708ad6ee3090e752c,21,,0.0,,other,,,,,,,,,,,2.0,1.0,5.0,1.0,1.0,4.0,male,False,dublin,,0,0,0,0,1,1,0,0,0,1,train
258,5410fc0708ad6ee3090e4d18,51,,0.0,,other,,,,,,,,,,,4.0,1.0,4.0,1.0,1.0,4.0,male,False,dublin,,0,0,0,0,1,1,0,0,0,0,train
259,5410f88108ad6ee3090e406f,21,,0.0,,british,,,,,,,,,,,3.0,1.0,4.0,2.0,3.0,5.0,female,True,dublin,,0,0,1,1,1,1,0,1,0,0,eval
260,5410fcba08ad6ee3090e4fdc,31,,0.0,,irish,,,,,,,,,,,2.0,1.0,5.0,1.0,1.0,5.0,female,False,dublin,,0,0,0,0,1,0,0,0,0,0,eval
261,5410fc6508ad6ee3090e4e9a,20,,0.0,,british,,,,,,,,,,,3.0,1.0,3.0,2.0,4.0,1.0,male,False,dublin,,0,0,0,0,1,0,0,0,0,0,train
262,5410f7b508ad6ee3090e3d2a,41,,0.0,,irish,,,,,,,,,,,4.0,1.0,5.0,1.0,2.0,5.0,male,True,dublin,,0,0,0,0,1,0,0,0,0,0,train
263,5410fc0708ad6ee3090e4d0f,21,,0.0,,other,,,,,,,,,,,4.0,1.0,5.0,1.0,3.0,2.0,female,True,dublin,,0,0,0,0,1,1,1,0,0,0,eval
264,5410fc0908ad6ee3090e4d43,71,,0.0,,other,,,,,,,,,,,3.0,1.0,4.0,1.0,1.0,4.0,female,True,dublin,,0,0,0,0,1,0,1,0,0,1,train
265,5410fda608ad6ee3090e534e,61,,0.0,,irish,,,,,,,,,,,4.0,1.0,3.0,4.0,1.0,4.0,female,False,dublin,,0,0,0,0,1,1,1,1,0,0,train
266,5411031008ad6ee3090e67e0,34,,1.0,4.0,irish,,,,,,,,,,,2.0,1.0,5.0,1.0,1.0,5.0,female,False,dublin,,0,0,0,0,1,1,0,0,0,0,train
267,5410fa6408ad6ee3090e46ee,11,,1.0,,irish,,,,,,,,,,,1.0,1.0,4.0,1.0,1.0,5.0,male,True,dublin,,0,0,0,0,1,0,0,0,0,0,train
268,5410f7b408ad6ee3090e3d16,31,,0.0,,irish,,,,,,,,,,,1.0,1.0,4.0,1.0,1.0,3.0,male,False,dublin,,0,0,1,0,1,0,0,0,0,0,train
269,5411018808ad6ee3090e623b,23,,0.0,,irish,,,,,,,,,,,3.0,1.0,5.0,1.0,3.0,4.0,female,False,dublin,,0,0,1,0,1,1,1,0,0,0,train
270,5410fcb908ad6ee3090e4fcd,21,,0.0,,other,,,,,,,,,,,4.0,1.0,2.0,4.0,3.0,4.0,male,False,dublin,,0,0,0,0,1,0,0,0,0,0,eval
271,541106b708ad6ee3090e752e,41,,0.0,,irish,,,,,,,,,,,4.0,1.0,5.0,1.0,1.0,5.0,male,False,dublin,,0,0,0,0,1,0,0,0,0,0,train
272,5410f9f708ad6ee3090e4533,41,,0.0,,irish,,,,,,,,,,,3.0,1.0,5.0,1.0,1.0,5.0,male,False,dublin,,0,0,1,1,1,1,0,1,0,1,eval
273,5411047608ad6ee3090e6ccd,56,,0.0,4.0,irish,,,,,,,,,,,1.0,1.0,5.0,1.0,1.0,4.0,female,False,dublin,,0,0,0,1,1,0,1,0,0,1,eval
274,5410fc0808ad6ee3090e4d23,21,,1.0,,other,,,,,,,,,,,3.0,1.0,5.0,1.0,1.0,5.0,female,False,dublin,,0,0,0,1,1,1,0,0,0,0,eval
275,541106b808ad6ee3090e753f,51,,0.0,,other,,,,,,,,,,,3.0,1.0,5.0,1.0,1.0,4.0,male,False,dublin,,0,0,0,0,1,0,0,0,0,0,train
276,5411008708ad6ee3090e5e6a,25,,0.0,,irish,,,,,,,,,,,3.0,1.0,4.0,1.0,3.0,3.0,male,False,dublin,,0,0,0,0,1,1,1,0,0,0,train
277,5410f88208ad6ee3090e407b,27,,1.0,,irish,,,,,,,,,,,4.0,1.0,5.0,1.0,3.0,4.0,female,False,dublin,,0,0,0,0,1,1,0,0,0,1,train
278,5410fe3c08ad6ee3090e55a2,41,,0.0,,irish,,,,,,,,,,,4.0,1.0,5.0,1.0,3.0,3.0,male,False,dublin,,0,0,0,0,1,1,0,0,0,0,train
279,5411031108ad6ee3090e67f0,23,,0.0,4.0,other,,,,,,,,,,,3.0,2.0,5.0,1.0,2.0,3.0,female,False,dublin,,0,1,0,0,1,1,1,1,0,1,train
280,5410fa6308ad6ee3090e46dd,22,,0.0,,irish,,,,,,,,,,,5.0,2.0,4.0,2.0,2.0,5.0,male,False,dublin,,0,1,1,0,1,0,0,0,0,1,train
281,5410fc6708ad6ee3090e4eb4,27,,0.0,,british,,,,,,,,,,,4.0,2.0,3.0,1.0,2.0,4.0,female,False,dublin,,0,1,1,0,1,1,0,0,0,0,train
282,541102af08ad6ee3090e6655,31,,0.0,,irish,,,,,,,,,,,2.0,2.0,4.0,2.0,2.0,4.0,male,False,dublin,,0,1,1,0,1,1,0,0,0,0,train
283,5410fda708ad6ee3090e5362,31,,0.0,,irish,,,,,,,,,,,3.0,2.0,3.0,3.0,4.0,4.0,male,False,dublin,,0,1,1,0,1,1,1,1,0,1,train
284,5411051608ad6ee3090e6f03,31,,0.0,,other,,,,,,,,,,,4.0,2.0,3.0,2.0,3.0,5.0,female,False,dublin,,0,1,1,1,1,1,1,1,0,0,train
285,541105e008ad6ee3090e720c,20,,0.0,3.0,irish,,,,,,,,,,,3.0,2.0,3.0,3.0,2.0,3.0,female,False,dublin,,0,1,0,1,1,1,0,1,0,0,train
286,5411051708ad6ee3090e6f1c,21,,0.0,,other,,,,,,,,,,,2.0,2.0,4.0,2.0,2.0,3.0,male,False,dublin,,0,1,0,1,1,0,1,0,0,1,train
287,5411036108ad6ee3090e68eb,21,,0.0,,irish,,,,,,,,,,,4.0,3.0,4.0,2.0,2.0,4.0,male,False,dublin,,0,1,1,0,1,1,0,1,0,1,train
288,541106b808ad6ee3090e7546,21,,0.0,,irish,,,,,,,,,,,4.0,3.0,4.0,3.0,3.0,4.0,female,False,dublin,,0,1,1,0,1,1,0,0,0,0,train
289,5410fe0208ad6ee3090e54c4,12,,0.0,,other,,,,,,,,,,,4.0,3.0,4.0,2.0,2.0,4.0,female,True,dublin,,0,1,0,0,1,1,0,0,0,0,eval
290,5410f76608ad6ee3090e3c0d,32,,1.0,,other,,,,,,,,,,,3.0,4.0,4.0,2.0,2.0,4.0,male,False,dublin,,0,1,1,1,1,1,0,1,0,0,train
291,5410fa6408ad6ee3090e46e0,23,,0.0,,irish,,,,,,,,,,,2.0,5.0,4.0,5.0,5.0,2.0,female,True,dublin,,0,1,0,0,1,1,0,0,0,0,train
292,5410fd5c08ad6ee3090e5223,32,,0.0,,irish,,,,,,,,,,,3.0,1.0,4.0,1.0,3.0,3.0,male,True,dublin,,0,1,0,1,1,1,1,1,0,1,train
293,5410fc6508ad6ee3090e4e96,24,,0.0,,irish,,,,,,,,,,,3.0,1.0,3.0,2.0,2.0,2.0,male,True,dublin,,0,1,0,0,1,0,0,0,0,0,train
294,5410f7b408ad6ee3090e3d1c,21,,0.0,,irish,,,,,,,,,,,4.0,1.0,4.0,3.0,3.0,4.0,male,True,dublin,,0,1,0,0,1,1,0,0,0,0,train
295,5410f88208ad6ee3090e4076,25,,0.0,,irish,,,,,,,,,,,4.0,1.0,5.0,1.0,4.0,4.0,female,True,dublin,,0,1,1,0,1,1,0,0,0,0,train
296,5410fa6408ad6ee3090e46e4,25,,0.0,,irish,,,,,,,,,,,3.0,1.0,4.0,1.0,2.0,4.0,female,True,dublin,,0,1,1,1,1,1,1,1,0,1,train
297,5410f9d008ad6ee3090e44a5,19,,0.0,,irish,,,,,,,,,,,4.0,1.0,1.0,1.0,2.0,5.0,female,False,dublin,,0,1,1,0,1,1,0,0,0,0,eval
298,5410fb3008ad6ee3090e49e7,28,,0.0,,other,,,,,,,,,,,4.0,1.0,4.0,1.0,4.0,4.0,female,False,dublin,,0,1,1,1,1,1,1,1,0,0,train
299,5410fe8808ad6ee3090e56ad,21,,0.0,,other,,,,,,,,,,,2.0,1.0,4.0,1.0,3.0,3.0,male,True,dublin,,0,1,1,0,1,1,1,1,0,0,eval
300,5411059c08ad6ee3090e7112,41,,0.0,,irish,,,,,,,,,,,4.0,1.0,4.0,2.0,2.0,4.0,male,False,dublin,,0,1,1,0,1,1,1,1,0,0,train
301,5410fd1808ad6ee3090e5150,32,,1.0,,other,,,,,,,,,,,3.0,1.0,5.0,1.0,2.0,4.0,male,False,dublin,,0,1,0,0,1,1,1,0,0,0,train
302,5410f9cf08ad6ee3090e4499,15,,0.0,,other,,,,,,,,,,,3.0,1.0,3.0,2.0,2.0,4.0,male,False,dublin,,0,1,0,0,1,1,0,0,0,0,train
303,5410f9d108ad6ee3090e44b6,22,,0.0,,other,,,,,,,,,,,3.0,1.0,5.0,1.0,1.0,5.0,female,True,dublin,,0,1,0,1,1,1,1,1,0,1,train
304,570eb74583a73509d0e02811,26,4.0,0.0,2.0,taiwanese,2.0,4.0,5.0,2.0,2.0,4.0,2.0,4.0,2.0,4.0,2.0,2.0,1.0,3.0,4.0,2.0,female,False,taipei_city,en,0,0,1,0,1,1,0,0,0,0,train
305,570eb7a183a73509d0e045e0,16,2.0,0.0,3.0,taiwanese,2.0,2.0,4.0,4.0,3.0,4.0,2.0,3.0,3.0,4.0,3.0,3.0,1.0,3.0,4.0,4.0,female,True,taichung_city,en,0,0,0,0,1,1,0,0,0,0,train
306,570eb74f83a73509d0e02b62,27,3.0,0.0,3.0,taiwanese,2.0,4.0,4.0,4.0,4.0,3.0,3.0,4.0,2.0,2.0,3.0,3.0,1.0,3.0,4.0,3.0,male,True,taichung_city,zh_TW,0,0,0,0,1,1,0,1,0,0,train
307,570eb72683a73509d0e01df4,17,2.0,0.0,2.0,taiwanese,2.0,4.0,4.0,4.0,4.0,3.0,4.0,4.0,3.0,2.0,3.0,3.0,1.0,3.0,5.0,4.0,male,True,taichung_city,en,0,0,0,0,1,1,0,0,0,0,train
308,570eb77a83a73509d0e03a11,21,5.0,0.0,2.0,taiwanese,2.0,2.0,2.0,4.0,4.0,4.0,2.0,2.0,4.0,4.0,3.0,4.0,4.0,5.0,4.0,5.0,female,False,taichung_city,en,0,0,0,0,1,1,1,0,0,0,train
309,570eb76d83a73509d0e035a0,44,4.0,0.0,4.0,taiwanese,2.0,2.0,5.0,4.0,3.0,3.0,3.0,4.0,3.0,4.0,4.0,4.0,1.0,4.0,5.0,4.0,male,True,taipei_city,en,0,0,0,0,1,1,0,0,0,0,train
310,570eb77883a73509d0e0394c,18,4.0,0.0,2.0,taiwanese,2.0,4.0,4.0,4.0,4.0,2.0,4.0,4.0,4.0,4.0,2.0,4.0,3.0,4.0,4.0,5.0,male,False,taipei_city,en,0,0,0,0,1,1,0,0,0,0,train
311,570eb78483a73509d0e03cfa,20,5.0,0.0,1.0,taiwanese,2.0,3.0,2.0,3.0,5.0,2.0,5.0,3.0,2.0,5.0,3.0,4.0,1.0,3.0,4.0,4.0,female,True,taipei_city,en,0,0,0,0,1,1,0,0,0,0,train
312,570eb79083a73509d0e0407e,33,5.0,0.0,2.0,taiwanese,2.0,1.0,5.0,5.0,2.0,4.0,2.0,5.0,1.0,5.0,4.0,5.0,4.0,5.0,5.0,5.0,male,False,taipei_city,en,0,0,1,0,1,0,0,0,0,0,eval
313,570eb76983a73509d0e03430,22,5.0,0.0,4.0,taiwanese,2.0,4.0,4.0,4.0,3.0,3.0,2.0,3.0,4.0,3.0,4.0,5.0,1.0,5.0,4.0,5.0,male,False,taipei_city,zh_TW,0,0,0,0,1,1,1,1,0,0,train
314,570eb7a883a73509d0e047f3,20,5.0,0.0,3.0,taiwanese,2.0,4.0,4.0,4.0,4.0,3.0,3.0,3.0,3.0,4.0,3.0,5.0,1.0,4.0,4.0,5.0,female,True,taipei_city,en,0,0,0,0,1,1,0,0,0,0,train
315,570eb78d83a73509d0e03fa5,20,5.0,0.0,2.0,taiwanese,2.0,3.0,3.0,4.0,4.0,2.0,4.0,2.0,4.0,4.0,2.0,5.0,4.0,5.0,4.0,5.0,male,True,taipei_city,en,0,0,0,0,1,1,0,0,0,0,train
316,570eb74783a73509d0e028a8,14,5.0,0.0,3.0,taiwanese,2.0,2.0,3.0,2.0,2.0,3.0,4.0,5.0,3.0,3.0,5.0,5.0,1.0,4.0,5.0,5.0,male,True,taipei_city,en,0,0,0,0,1,1,0,0,0,0,eval
317,570eb78183a73509d0e03c14,24,4.0,0.0,1.0,taiwanese,2.0,2.0,2.0,5.0,3.0,1.0,4.0,3.0,2.0,2.0,1.0,5.0,4.0,5.0,5.0,5.0,female,False,taichung_city,en,0,0,0,0,1,1,0,0,0,0,train
318,570eb72583a73509d0e01db8,121,5.0,1.0,1.0,american,2.0,4.0,5.0,5.0,4.0,2.0,5.0,5.0,4.0,5.0,3.0,5.0,5.0,5.0,5.0,4.0,male,False,taipei_city,en,0,0,0,1,1,1,1,1,1,0,train
319,570eb74183a73509d0e026db,26,3.0,0.0,5.0,taiwanese,2.0,3.0,5.0,5.0,4.0,4.0,2.0,4.0,4.0,4.0,3.0,3.0,3.0,3.0,4.0,4.0,male,False,taipei_city,en,0,1,1,0,1,1,0,1,1,0,eval
320,570eb72983a73509d0e01f07,18,3.0,0.0,3.0,taiwanese,2.0,4.0,4.0,4.0,4.0,3.0,3.0,4.0,2.0,4.0,4.0,3.0,3.0,4.0,4.0,4.0,male,True,taichung_city,en,0,1,1,1,1,1,1,1,1,0,train
321,570eb75b83a73509d0e02f6a,25,4.0,0.0,1.0,taiwanese,2.0,2.0,2.0,5.0,4.0,2.0,4.0,2.0,2.0,4.0,2.0,4.0,1.0,4.0,3.0,5.0,female,True,taipei_city,en,0,1,1,0,1,1,0,0,1,0,train
322,570eb7b683a73509d0e04c65,26,4.0,0.0,3.0,taiwanese,2.0,4.0,4.0,4.0,5.0,2.0,4.0,2.0,4.0,2.0,4.0,4.0,4.0,4.0,4.0,4.0,male,False,taipei_city,en,0,1,1,0,1,1,0,0,1,0,eval
323,570eb7b983a73509d0e04d41,21,4.0,0.0,3.0,taiwanese,3.0,4.0,4.0,4.0,4.0,3.0,3.0,2.0,4.0,4.0,4.0,2.0,1.0,3.0,4.0,5.0,male,False,taipei_city,en,0,0,0,0,1,1,0,1,0,0,train
324,570eb79883a73509d0e04314,11,2.0,0.0,2.0,taiwanese,3.0,5.0,2.0,5.0,4.0,3.0,1.0,2.0,1.0,2.0,1.0,4.0,1.0,5.0,5.0,2.0,male,True,taipei_city,zh_TW,0,0,0,0,1,0,0,0,0,0,train
325,570eb72a83a73509d0e01f30,21,4.0,0.0,3.0,taiwanese,3.0,5.0,3.0,4.0,5.0,4.0,2.0,2.0,2.0,4.0,4.0,5.0,1.0,4.0,5.0,4.0,female,False,taichung_city,zh_TW,0,0,0,0,1,1,0,0,0,0,train
326,570eb75383a73509d0e02d07,13,5.0,0.0,3.0,taiwanese,3.0,3.0,3.0,3.0,3.0,3.0,3.0,3.0,3.0,3.0,5.0,5.0,1.0,5.0,5.0,5.0,male,True,taipei_city,zh_TW,0,0,0,0,1,0,0,0,0,0,train
327,570eb76383a73509d0e0325f,24,3.0,0.0,4.0,taiwanese,3.0,3.0,3.0,3.0,3.0,3.0,3.0,3.0,3.0,3.0,3.0,5.0,5.0,5.0,5.0,5.0,female,True,taichung_city,zh_TW,0,0,0,0,1,0,0,0,0,0,eval
328,570eb7a983a73509d0e04875,13,5.0,0.0,4.0,taiwanese,3.0,3.0,3.0,3.0,3.0,3.0,3.0,3.0,3.0,3.0,4.0,5.0,1.0,5.0,5.0,4.0,male,False,taipei_city,en,0,0,0,0,1,1,1,1,0,0,train
329,570eb75383a73509d0e02cbf,12,5.0,0.0,2.0,taiwanese,3.0,1.0,3.0,1.0,1.0,3.0,3.0,3.0,3.0,3.0,4.0,5.0,4.0,5.0,5.0,5.0,male,False,taipei_city,zh_TW,0,0,0,0,1,0,0,0,0,0,train
330,570eb7b383a73509d0e04b39,16,5.0,0.0,1.0,taiwanese,3.0,3.0,1.0,3.0,4.0,2.0,4.0,3.0,3.0,5.0,4.0,5.0,1.0,5.0,5.0,5.0,female,False,taipei_city,en,0,0,0,0,1,1,0,0,0,0,eval
331,570eb79083a73509d0e040bc,31,4.0,0.0,4.0,taiwanese,4.0,1.0,5.0,2.0,4.0,2.0,4.0,1.0,4.0,1.0,4.0,3.0,4.0,2.0,4.0,3.0,female,True,taichung_city,zh_TW,0,0,0,0,1,1,1,0,0,0,train
332,570eb77983a73509d0e03971,11,5.0,0.0,4.0,taiwanese,4.0,1.0,5.0,1.0,3.0,5.0,1.0,4.0,3.0,5.0,4.0,4.0,1.0,3.0,4.0,5.0,male,False,taipei_city,zh_TW,0,0,0,0,1,1,0,0,0,0,eval
333,570eb75083a73509d0e02bf1,10,4.0,0.0,1.0,taiwanese,4.0,2.0,4.0,4.0,5.0,4.0,2.0,2.0,2.0,4.0,2.0,4.0,2.0,4.0,4.0,4.0,female,False,taipei_city,en,0,0,0,0,1,1,1,0,0,0,eval
334,570eb73283a73509d0e02202,16,4.0,0.0,2.0,taiwanese,4.0,4.0,4.0,5.0,2.0,2.0,4.0,4.0,2.0,4.0,3.0,4.0,1.0,4.0,4.0,4.0,female,False,taipei_city,en,0,0,0,0,1,1,0,0,0,0,train
335,570eb7b383a73509d0e04b54,10,5.0,0.0,1.0,taiwanese,4.0,3.0,3.0,5.0,3.0,3.0,3.0,3.0,3.0,4.0,4.0,5.0,1.0,5.0,4.0,5.0,male,False,taipei_city,zh_TW,0,0,0,0,1,0,0,0,0,0,train
336,570eb72c83a73509d0e01ff0,8,3.0,0.0,2.0,taiwanese,4.0,5.0,4.0,4.0,4.0,2.0,4.0,2.0,3.0,5.0,3.0,5.0,1.0,5.0,4.0,5.0,male,True,taipei_city,zh_TW,0,0,0,0,1,1,0,0,0,0,train
337,570eb73e83a73509d0e025f2,16,5.0,1.0,1.0,taiwanese,5.0,5.0,5.0,4.0,5.0,3.0,5.0,5.0,4.0,2.0,5.0,4.0,3.0,5.0,4.0,5.0,female,True,taipei_city,zh_TW,0,0,1,0,1,1,0,0,0,0,train
338,570eb72383a73509d0e01cf8,11,5.0,0.0,1.0,taiwanese,5.0,4.0,5.0,5.0,2.0,5.0,3.0,4.0,3.0,1.0,3.0,5.0,3.0,5.0,5.0,5.0,male,False,taipei_city,en,0,0,0,0,1,0,0,0,0,0,train
339,570eb7af83a73509d0e049f2,10,5.0,0.0,2.0,taiwanese,5.0,2.0,4.0,3.0,2.0,5.0,3.0,3.0,3.0,5.0,3.0,5.0,1.0,5.0,5.0,5.0,male,False,taipei_city,en,0,1,0,0,1,1,0,0,0,0,train
340,570eb7b883a73509d0e04cd2,16,5.0,0.0,5.0,taiwanese,5.0,5.0,5.0,5.0,5.0,5.0,5.0,5.0,5.0,5.0,5.0,5.0,5.0,5.0,5.0,5.0,male,False,taichung_city,en,0,1,1,1,1,1,1,1,1,0,train
341,570eb7b483a73509d0e04b9e,33,2.0,0.0,4.0,taiwanese,1.0,5.0,3.0,4.0,2.0,3.0,4.0,4.0,4.0,3.0,2.0,2.0,4.0,2.0,3.0,4.0,male,False,taipei_city,en,0,0,1,1,1,0,1,1,1,0,train
342,570eb72c83a73509d0e01ffb,22,4.0,0.0,2.0,taiwanese,1.0,4.0,5.0,2.0,4.0,1.0,5.0,3.0,5.0,5.0,4.0,2.0,1.0,1.0,2.0,2.0,female,True,taichung_city,en,0,0,0,0,1,0,0,0,0,0,train
343,570eb76683a73509d0e03340,29,3.0,0.0,2.0,taiwanese,1.0,4.0,5.0,4.0,4.0,4.0,4.0,2.0,4.0,4.0,3.0,3.0,4.0,4.0,4.0,4.0,male,False,taichung_city,en,0,0,0,0,1,1,1,1,0,0,train
344,570eb77983a73509d0e0399e,21,5.0,0.0,2.0,taiwanese,1.0,2.0,4.0,4.0,2.0,4.0,2.0,3.0,2.0,2.0,3.0,4.0,4.0,5.0,4.0,5.0,female,True,taipei_city,en,0,0,1,0,1,1,0,1,0,0,eval
345,570eb76a83a73509d0e034b7,19,5.0,0.0,4.0,taiwanese,1.0,2.0,3.0,5.0,3.0,3.0,3.0,2.0,2.0,2.0,4.0,4.0,2.0,4.0,5.0,5.0,female,True,taichung_city,en,0,0,0,0,1,1,1,0,0,0,train
346,570eb72783a73509d0e01e60,23,4.0,0.0,3.0,taiwanese,1.0,4.0,4.0,4.0,4.0,4.0,3.0,3.0,4.0,4.0,3.0,4.0,5.0,5.0,5.0,4.0,female,False,taipei_city,en,0,0,0,0,1,1,0,0,1,0,train
347,570eb79983a73509d0e0436b,30,4.0,1.0,3.0,taiwanese,1.0,2.0,4.0,4.0,3.0,3.0,3.0,3.0,3.0,4.0,3.0,4.0,1.0,4.0,4.0,4.0,female,True,taipei_city,en,0,0,0,0,1,1,1,1,0,0,train
348,570eb76583a73509d0e032c2,19,4.0,0.0,3.0,taiwanese,1.0,3.0,3.0,4.0,4.0,1.0,4.0,2.0,2.0,3.0,4.0,4.0,3.0,3.0,3.0,3.0,female,False,taipei_city,en,0,0,0,0,1,0,0,0,0,0,train
349,570eb73483a73509d0e0227d,20,4.0,0.0,3.0,taiwanese,1.0,3.0,4.0,5.0,5.0,2.0,4.0,4.0,2.0,4.0,4.0,4.0,1.0,5.0,5.0,4.0,male,False,taipei_city,en,0,0,0,0,1,0,0,1,0,0,train
350,570eb76783a73509d0e03372,8,1.0,0.0,3.0,taiwanese,1.0,3.0,5.0,2.0,2.0,5.0,4.0,1.0,3.0,4.0,1.0,4.0,1.0,5.0,1.0,5.0,male,False,taipei_city,zh_TW,0,0,0,0,1,0,0,0,0,0,train
351,570eb7aa83a73509d0e048ae,28,5.0,0.0,3.0,taiwanese,1.0,4.0,2.0,4.0,2.0,2.0,4.0,4.0,4.0,4.0,3.0,4.0,4.0,5.0,5.0,5.0,female,True,taipei_city,zh_TW,0,0,0,0,1,1,0,1,0,0,train
352,570eb75283a73509d0e02ca9,22,5.0,0.0,5.0,taiwanese,1.0,4.0,5.0,4.0,4.0,4.0,2.0,4.0,2.0,4.0,5.0,5.0,1.0,5.0,5.0,5.0,male,False,taipei_city,en,0,0,1,0,1,1,0,0,0,0,train
353,570eb75683a73509d0e02de1,20,5.0,0.0,5.0,taiwanese,1.0,4.0,4.0,4.0,3.0,4.0,2.0,4.0,4.0,5.0,5.0,5.0,1.0,5.0,5.0,5.0,male,True,taipei_city,en,0,0,0,0,1,1,1,0,1,0,train
354,570eb73483a73509d0e02274,18,4.0,0.0,3.0,taiwanese,1.0,4.0,4.0,4.0,5.0,3.0,3.0,2.0,3.0,2.0,4.0,5.0,1.0,5.0,4.0,5.0,female,False,taichung_city,en,0,0,0,0,1,0,0,0,0,0,train
355,570eb76883a73509d0e033ec,17,3.0,0.0,3.0,taiwanese,1.0,3.0,4.0,2.0,4.0,4.0,4.0,4.0,4.0,4.0,4.0,5.0,1.0,5.0,4.0,4.0,male,False,taipei_city,en,0,0,0,0,1,1,0,0,0,0,train
356,570eb7b283a73509d0e04b08,29,4.0,0.0,3.0,taiwanese,1.0,4.0,5.0,5.0,5.0,3.0,4.0,2.0,2.0,5.0,3.0,5.0,4.0,5.0,5.0,5.0,female,True,taipei_city,en,0,0,0,0,1,1,1,1,0,0,train
357,570eb7b983a73509d0e04d3d,19,1.0,0.0,5.0,taiwanese,1.0,1.0,1.0,1.0,1.0,1.0,1.0,1.0,1.0,1.0,1.0,1.0,5.0,1.0,1.0,1.0,male,False,taipei_city,en,0,0,0,0,1,0,0,0,0,0,train
358,570eb72b83a73509d0e01f76,40,5.0,0.0,5.0,indonesian,1.0,5.0,5.0,1.0,1.0,5.0,5.0,5.0,3.0,5.0,1.0,1.0,1.0,1.0,1.0,1.0,male,False,taipei_city,en,0,0,0,0,1,0,0,0,0,0,train
359,570eb75a83a73509d0e02f25,28,3.0,0.0,2.0,taiwanese,1.0,3.0,5.0,5.0,5.0,2.0,4.0,1.0,2.0,2.0,3.0,4.0,1.0,4.0,4.0,4.0,female,False,taichung_city,en,0,1,0,0,1,1,0,0,0,0,train
360,570eb79383a73509d0e0418a,21,4.0,0.0,3.0,taiwanese,1.0,4.0,5.0,5.0,4.0,2.0,5.0,1.0,4.0,4.0,5.0,4.0,4.0,5.0,5.0,4.0,female,False,taichung_city,en,0,1,0,0,1,1,0,0,0,0,train
361,570eb7b083a73509d0e04a56,13,5.0,0.0,4.0,taiwanese,1.0,1.0,5.0,1.0,5.0,5.0,1.0,5.0,5.0,5.0,5.0,5.0,5.0,5.0,5.0,5.0,male,False,taichung_city,en,0,1,0,0,1,1,0,0,1,0,train
362,570eb77a83a73509d0e039fc,16,4.0,0.0,2.0,taiwanese,1.0,4.0,5.0,4.0,2.0,4.0,2.0,3.0,4.0,2.0,3.0,5.0,4.0,5.0,4.0,5.0,female,True,taipei_city,zh_TW,0,1,0,0,1,1,1,1,0,0,train
363,570eb77083a73509d0e03679,20,5.0,0.0,5.0,taiwanese,1.0,4.0,5.0,5.0,2.0,1.0,4.0,4.0,3.0,3.0,3.0,5.0,5.0,5.0,4.0,4.0,female,False,taipei_city,en,0,1,0,1,1,1,1,1,0,0,train
