,id,age,concentration,hearing_impairments,musical_expertise,nationality,artistic,fault,imagination,lazy,nervous,outgoing,reserved,stress,thorough,trusting,activity,engagement,familiarity,like_dislike,positivity,tension,sex,hallelujah_reaction,location,language,music_pref_none,music_pref_hiphop,music_pref_dance,music_pref_world,music_pref_rock,music_pref_pop,music_pref_classical,music_pref_jazz,music_pref_folk,music_pref_traditional_irish
0,5410fba308ad6ee3090e4ba2,29,,0.0,,irish,,,,,,,,,,,2.0,2.0,4.0,2.0,2.0,2.0,male,True,dublin,,0,0,1,1,1,1,1,1,0,0
1,5410fda608ad6ee3090e5354,41,,0.0,,other,,,,,,,,,,,4.0,2.0,4.0,2.0,4.0,4.0,male,False,dublin,,0,0,0,0,0,1,0,0,0,0
2,5410ff7208ad6ee3090e5a53,26,,0.0,,irish,,,,,,,,,,,4.0,2.0,5.0,1.0,2.0,3.0,male,False,dublin,,0,0,1,0,1,1,1,0,0,0
3,5410fba208ad6ee3090e4b9c,18,,0.0,,irish,,,,,,,,,,,4.0,2.0,3.0,2.0,4.0,2.0,female,False,dublin,,0,0,0,0,0,1,0,0,0,0
4,5410f88308ad6ee3090e408d,23,,0.0,,irish,,,,,,,,,,,4.0,2.0,4.0,2.0,3.0,5.0,male,False,dublin,,0,0,0,0,1,1,1,1,0,0
5,5411059908ad6ee3090e70ee,51,,0.0,,irish,,,,,,,,,,,4.0,2.0,3.0,2.0,2.0,5.0,male,False,dublin,,0,0,0,0,1,1,0,0,0,0
6,541102af08ad6ee3090e6651,41,,0.0,,other,,,,,,,,,,,1.0,2.0,4.0,1.0,1.0,4.0,female,False,dublin,,0,0,0,1,1,0,0,0,0,0
7,5410f7fd08ad6ee3090e3e60,25,,0.0,,other,,,,,,,,,,,2.0,2.0,4.0,2.0,2.0,3.0,male,False,dublin,,0,0,0,1,1,1,0,0,0,0
8,5410f76508ad6ee3090e3c03,16,,0.0,,british,,,,,,,,,,,4.0,2.0,5.0,2.0,2.0,5.0,male,False,dublin,,0,0,0,0,1,0,0,0,0,0
9,5410f91208ad6ee3090e41cf,21,,0.0,,irish,,,,,,,,,,,3.0,2.0,5.0,1.0,2.0,2.0,female,False,dublin,,0,0,0,0,1,0,0,0,0,0
10,541104c108ad6ee3090e6ddd,23,,0.0,3.0,other,,,,,,,,,,,4.0,2.0,4.0,2.0,4.0,4.0,male,False,dublin,,0,0,1,0,0,0,0,0,0,0
11,5411051808ad6ee3090e6f2b,21,,0.0,,other,,,,,,,,,,,5.0,2.0,4.0,2.0,4.0,4.0,male,False,dublin,,0,0,1,0,0,0,0,0,0,0
12,5410fd5c08ad6ee3090e522d,21,,0.0,,other,,,,,,,,,,,3.0,2.0,4.0,2.0,2.0,3.0,female,False,dublin,,0,0,0,0,0,1,0,0,0,0
13,5411036108ad6ee3090e68e1,11,,0.0,,irish,,,,,,,,,,,2.0,2.0,5.0,2.0,3.0,3.0,male,False,dublin,,0,0,0,0,1,0,0,0,0,0
14,5410f76608ad6ee3090e3c09,26,,0.0,,irish,,,,,,,,,,,2.0,2.0,4.0,4.0,4.0,2.0,male,False,dublin,,0,0,1,0,1,1,1,0,0,0
15,5411061f08ad6ee3090e7305,41,,0.0,,irish,,,,,,,,,,,3.0,2.0,4.0,2.0,2.0,3.0,female,False,dublin,,0,0,0,0,1,1,0,1,0,0
16,5410fa6308ad6ee3090e46d5,17,,0.0,,irish,,,,,,,,,,,4.0,2.0,5.0,2.0,2.0,4.0,female,False,dublin,,0,0,0,0,0,1,0,0,0,0
17,5410f91208ad6ee3090e41d9,41,,0.0,,irish,,,,,,,,,,,4.0,2.0,5.0,1.0,1.0,5.0,male,False,dublin,,0,0,0,0,1,0,0,0,0,0
18,5410f69308ad6ee3090e387a,41,,0.0,,other,,,,,,,,,,,4.0,2.0,4.0,2.0,4.0,4.0,female,False,dublin,,0,0,0,0,0,0,0,1,0,0
19,5410fba308ad6ee3090e4ba3,24,,0.0,,irish,,,,,,,,,,,3.0,2.0,4.0,2.0,2.0,4.0,male,False,dublin,,0,0,0,1,1,1,0,0,0,1
20,5411036108ad6ee3090e68dc,31,,1.0,,other,,,,,,,,,,,5.0,2.0,4.0,2.0,4.0,3.0,female,False,dublin,,0,0,1,0,0,0,0,0,0,0
21,5411077108ad6ee3090e77b3,21,,0.0,,irish,,,,,,,,,,,2.0,2.0,5.0,1.0,1.0,2.0,female,False,dublin,,0,0,0,1,1,1,1,1,0,0
22,5411076e08ad6ee3090e7781,41,,0.0,,irish,,,,,,,,,,,2.0,2.0,5.0,1.0,2.0,4.0,female,False,dublin,,1,0,0,0,0,0,0,0,0,0
23,541101b908ad6ee3090e6304,29,,0.0,3.0,irish,,,,,,,,,,,4.0,2.0,4.0,2.0,3.0,4.0,female,False,dublin,,0,0,0,1,1,1,0,0,0,0
24,5411018908ad6ee3090e6256,64,,0.0,,irish,,,,,,,,,,,3.0,2.0,3.0,3.0,2.0,3.0,male,False,dublin,,0,0,0,0,0,0,0,1,0,0
25,5410fc0508ad6ee3090e4cef,21,,0.0,,irish,,,,,,,,,,,5.0,2.0,3.0,2.0,2.0,5.0,male,True,dublin,,0,0,0,0,1,0,0,0,0,0
26,5410f7fd08ad6ee3090e3e67,23,,0.0,,irish,,,,,,,,,,,3.0,2.0,5.0,2.0,1.0,5.0,male,False,dublin,,0,0,1,1,1,1,1,1,0,0
27,5411008808ad6ee3090e5e73,12,,1.0,,irish,,,,,,,,,,,3.0,2.0,3.0,3.0,2.0,5.0,male,False,dublin,,0,0,0,0,0,1,0,0,0,0
28,5411076f08ad6ee3090e7798,31,,0.0,,irish,,,,,,,,,,,4.0,2.0,4.0,1.0,2.0,4.0,male,False,dublin,,0,0,0,0,1,0,0,1,0,0
29,5410f6d008ad6ee3090e3998,21,,0.0,,irish,,,,,,,,,,,2.0,2.0,4.0,2.0,1.0,4.0,female,True,dublin,,0,0,1,0,1,1,0,0,0,0
30,5411054d08ad6ee3090e6fe3,34,,0.0,2.0,irish,,,,,,,,,,,4.0,3.0,4.0,1.0,2.0,3.0,female,False,dublin,,0,0,0,0,1,1,1,0,0,0
31,5411047508ad6ee3090e6cbe,48,,0.0,2.0,irish,,,,,,,,,,,4.0,3.0,1.0,3.0,3.0,3.0,female,False,dublin,,0,0,0,1,1,0,0,0,0,0
32,5411059a08ad6ee3090e70f8,21,,0.0,,other,,,,,,,,,,,3.0,3.0,2.0,4.0,4.0,2.0,female,False,dublin,,0,0,0,0,1,0,0,0,0,0
33,5410fd1708ad6ee3090e514b,45,,0.0,,irish,,,,,,,,,,,4.0,3.0,4.0,3.0,3.0,5.0,female,False,dublin,,0,0,0,1,0,0,1,1,0,0
34,5411015608ad6ee3090e6171,12,,0.0,2.0,irish,,,,,,,,,,,3.0,3.0,3.0,4.0,3.0,4.0,male,False,dublin,,0,0,0,0,0,1,0,0,0,0
35,5410f9f808ad6ee3090e4547,41,,0.0,,irish,,,,,,,,,,,4.0,3.0,4.0,2.0,4.0,5.0,male,False,dublin,,0,0,0,0,1,0,0,0,0,0
36,5410ffdb08ad6ee3090e5bb8,21,,0.0,1.0,irish,,,,,,,,,,,3.0,3.0,4.0,2.0,3.0,4.0,male,False,dublin,,0,0,1,0,1,0,0,0,0,0
37,5411036108ad6ee3090e68e5,41,,0.0,,irish,,,,,,,,,,,3.0,3.0,4.0,2.0,2.0,4.0,male,False,dublin,,0,0,1,0,1,1,0,0,0,0
38,5411047808ad6ee3090e6ce1,54,,0.0,3.0,irish,,,,,,,,,,,4.0,3.0,3.0,2.0,3.0,3.0,male,True,dublin,,0,0,0,0,1,0,1,0,0,1
39,5410f82f08ad6ee3090e3f2f,31,,0.0,,other,,,,,,,,,,,4.0,3.0,3.0,2.0,4.0,4.0,male,False,dublin,,0,0,0,0,1,0,0,0,0,0
40,5410fb2e08ad6ee3090e49ce,33,,0.0,,british,,,,,,,,,,,3.0,3.0,4.0,2.0,2.0,4.0,male,False,dublin,,0,0,1,1,1,0,0,0,0,0
41,5411018808ad6ee3090e6244,24,,0.0,,irish,,,,,,,,,,,5.0,3.0,4.0,1.0,4.0,4.0,female,False,dublin,,0,0,0,0,1,1,1,1,0,0
42,5410fb2f08ad6ee3090e49da,42,,0.0,,other,,,,,,,,,,,5.0,3.0,2.0,2.0,3.0,4.0,female,True,dublin,,0,0,1,0,1,1,1,0,0,0
43,541101b908ad6ee3090e62f8,36,,0.0,4.0,other,,,,,,,,,,,4.0,3.0,1.0,4.0,2.0,4.0,male,False,dublin,,0,0,1,0,1,1,1,0,0,0
44,5410fab008ad6ee3090e47f0,18,,0.0,,irish,,,,,,,,,,,4.0,3.0,3.0,3.0,2.0,4.0,female,False,dublin,,0,0,0,0,0,1,0,0,0,0
45,5411047808ad6ee3090e6ce6,18,,0.0,4.0,irish,,,,,,,,,,,4.0,3.0,4.0,3.0,2.0,4.0,female,False,dublin,,0,0,1,0,0,0,0,0,0,0
46,5410ffda08ad6ee3090e5baa,21,,0.0,3.0,other,,,,,,,,,,,4.0,4.0,2.0,2.0,3.0,3.0,male,False,dublin,,0,0,0,1,0,0,0,0,0,0
47,541106b708ad6ee3090e7536,31,,0.0,,irish,,,,,,,,,,,3.0,4.0,3.0,2.0,3.0,3.0,female,False,dublin,,0,0,0,0,1,1,0,0,0,0
48,541102b008ad6ee3090e6671,41,,0.0,,irish,,,,,,,,,,,3.0,4.0,4.0,3.0,3.0,4.0,female,True,dublin,,0,0,0,0,1,0,0,0,0,0
49,5410f69508ad6ee3090e3892,41,,0.0,,irish,,,,,,,,,,,4.0,4.0,4.0,5.0,4.0,1.0,male,False,dublin,,0,0,1,0,1,1,0,0,0,0
50,5411061f08ad6ee3090e72fc,31,,0.0,,other,,,,,,,,,,,4.0,4.0,4.0,3.0,3.0,4.0,male,False,dublin,,0,0,0,0,1,0,0,0,0,0
51,541105e108ad6ee3090e7221,58,,0.0,2.0,irish,,,,,,,,,,,2.0,4.0,4.0,3.0,2.0,4.0,female,False,dublin,,0,0,0,0,0,0,0,0,0,1
52,5410f76708ad6ee3090e3c1a,33,,1.0,,irish,,,,,,,,,,,4.0,4.0,3.0,4.0,4.0,3.0,male,False,dublin,,0,0,1,0,0,0,0,0,0,0
53,5410fa6508ad6ee3090e46f4,21,,0.0,,irish,,,,,,,,,,,5.0,4.0,3.0,2.0,3.0,4.0,male,False,dublin,,0,0,1,0,1,0,1,0,0,0
54,5410f6d008ad6ee3090e399c,20,,0.0,,irish,,,,,,,,,,,5.0,4.0,2.0,3.0,4.0,3.0,male,False,dublin,,0,0,1,0,1,1,0,1,0,1
55,5410fab108ad6ee3090e47f8,21,,1.0,,other,,,,,,,,,,,4.0,4.0,1.0,3.0,3.0,4.0,female,False,dublin,,0,0,0,1,0,0,0,0,0,0
56,541104c108ad6ee3090e6dd7,13,,0.0,3.0,irish,,,,,,,,,,,3.0,4.0,3.0,3.0,2.0,4.0,male,False,dublin,,0,0,0,0,0,1,0,0,0,0
57,5411076f08ad6ee3090e779a,21,,0.0,,other,,,,,,,,,,,4.0,4.0,2.0,4.0,3.0,4.0,male,False,dublin,,0,0,1,0,0,1,0,0,0,0
58,5410f7fc08ad6ee3090e3e51,29,,0.0,,other,,,,,,,,,,,5.0,5.0,2.0,5.0,4.0,3.0,male,False,dublin,,0,0,1,1,0,1,0,0,0,0
59,5410fe3d08ad6ee3090e55b0,41,,0.0,,other,,,,,,,,,,,3.0,5.0,3.0,3.0,3.0,2.0,female,False,dublin,,0,0,0,0,0,1,0,0,0,0
60,541102b108ad6ee3090e6683,21,,0.0,,irish,,,,,,,,,,,4.0,5.0,2.0,4.0,3.0,4.0,female,True,dublin,,0,0,0,0,0,1,0,0,0,0
61,5410f76708ad6ee3090e3c1f,59,,0.0,,irish,,,,,,,,,,,3.0,5.0,3.0,3.0,3.0,3.0,male,False,dublin,,0,0,0,0,1,0,1,0,0,1
62,5411059808ad6ee3090e70dc,11,,0.0,,irish,,,,,,,,,,,3.0,5.0,3.0,3.0,2.0,5.0,female,False,dublin,,0,0,0,0,0,1,0,0,0,0
63,541105e008ad6ee3090e7216,16,,0.0,3.0,irish,,,,,,,,,,,4.0,5.0,3.0,4.0,3.0,2.0,male,False,dublin,,0,0,0,0,1,0,0,0,0,0
64,5410f7fc08ad6ee3090e3e4e,25,,0.0,,british,,,,,,,,,,,5.0,1.0,4.0,2.0,3.0,4.0,male,False,dublin,,0,0,0,0,1,1,0,0,0,0
65,5410f6d008ad6ee3090e3994,25,,0.0,,other,,,,,,,,,,,4.0,1.0,5.0,1.0,2.0,5.0,male,False,dublin,,0,0,0,1,1,1,0,0,0,0
66,5410fb2f08ad6ee3090e49d7,28,,0.0,,other,,,,,,,,,,,1.0,1.0,5.0,1.0,1.0,5.0,female,True,dublin,,0,0,1,1,0,1,0,0,0,0
67,5411076d08ad6ee3090e7774,41,,0.0,,irish,,,,,,,,,,,2.0,1.0,4.0,3.0,1.0,4.0,male,True,dublin,,0,0,1,0,1,1,0,1,0,0
68,5411031108ad6ee3090e67ed,19,,0.0,5.0,irish,,,,,,,,,,,2.0,1.0,5.0,1.0,4.0,1.0,male,False,dublin,,0,0,0,0,1,0,0,0,0,0
69,541106b708ad6ee3090e752c,21,,0.0,,other,,,,,,,,,,,2.0,1.0,5.0,1.0,1.0,4.0,male,False,dublin,,0,0,0,0,1,1,0,0,0,1
70,5410f76608ad6ee3090e3c16,27,,0.0,,irish,,,,,,,,,,,3.0,1.0,5.0,1.0,1.0,4.0,male,True,dublin,,0,0,1,0,0,0,0,0,0,0
71,5410fc0708ad6ee3090e4d18,51,,0.0,,other,,,,,,,,,,,4.0,1.0,4.0,1.0,1.0,4.0,male,False,dublin,,0,0,0,0,1,1,0,0,0,0
72,5410fc6508ad6ee3090e4e9a,20,,0.0,,british,,,,,,,,,,,3.0,1.0,3.0,2.0,4.0,1.0,male,False,dublin,,0,0,0,0,1,0,0,0,0,0
73,5410f7b508ad6ee3090e3d2a,41,,0.0,,irish,,,,,,,,,,,4.0,1.0,5.0,1.0,2.0,5.0,male,True,dublin,,0,0,0,0,1,0,0,0,0,0
74,5410fba308ad6ee3090e4baa,43,,0.0,,irish,,,,,,,,,,,5.0,1.0,5.0,1.0,4.0,5.0,female,False,dublin,,0,0,0,0,0,1,0,0,0,0
75,5411061e08ad6ee3090e72f7,81,,0.0,,irish,,,,,,,,,,,1.0,1.0,4.0,2.0,1.0,5.0,female,False,dublin,,0,0,0,0,0,0,1,0,0,1
76,5410fc0908ad6ee3090e4d43,71,,0.0,,other,,,,,,,,,,,3.0,1.0,4.0,1.0,1.0,4.0,female,True,dublin,,0,0,0,0,1,0,1,0,0,1
77,5410fda608ad6ee3090e534e,61,,0.0,,irish,,,,,,,,,,,4.0,1.0,3.0,4.0,1.0,4.0,female,False,dublin,,0,0,0,0,1,1,1,1,0,0
78,5411031008ad6ee3090e67e0,34,,1.0,4.0,irish,,,,,,,,,,,2.0,1.0,5.0,1.0,1.0,5.0,female,False,dublin,,0,0,0,0,1,1,0,0,0,0
79,5410fa6408ad6ee3090e46ee,11,,1.0,,irish,,,,,,,,,,,1.0,1.0,4.0,1.0,1.0,5.0,male,True,dublin,,0,0,0,0,1,0,0,0,0,0
80,5410f7b408ad6ee3090e3d16,31,,0.0,,irish,,,,,,,,,,,1.0,1.0,4.0,1.0,1.0,3.0,male,False,dublin,,0,0,1,0,1,0,0,0,0,0
81,5411018808ad6ee3090e623b,23,,0.0,,irish,,,,,,,,,,,3.0,1.0,5.0,1.0,3.0,4.0,female,False,dublin,,0,0,1,0,1,1,1,0,0,0
82,541106b708ad6ee3090e752e,41,,0.0,,irish,,,,,,,,,,,4.0,1.0,5.0,1.0,1.0,5.0,male,False,dublin,,0,0,0,0,1,0,0,0,0,0
83,541106b808ad6ee3090e753f,51,,0.0,,other,,,,,,,,,,,3.0,1.0,5.0,1.0,1.0,4.0,male,False,dublin,,0,0,0,0,1,0,0,0,0,0
84,5411008708ad6ee3090e5e6a,25,,0.0,,irish,,,,,,,,,,,3.0,1.0,4.0,1.0,3.0,3.0,male,False,dublin,,0,0,0,0,1,1,1,0,0,0
85,5410f88208ad6ee3090e407b,27,,1.0,,irish,,,,,,,,,,,4.0,1.0,5.0,1.0,3.0,4.0,female,False,dublin,,0,0,0,0,1,1,0,0,0,1
86,5410fe3c08ad6ee3090e55a2,41,,0.0,,irish,,,,,,,,,,,4.0,1.0,5.0,1.0,3.0,3.0,male,False,dublin,,0,0,0,0,1,1,0,0,0,0
87,5411031108ad6ee3090e67f0,23,,0.0,4.0,other,,,,,,,,,,,3.0,2.0,5.0,1.0,2.0,3.0,female,False,dublin,,0,1,0,0,1,1,1,1,0,1
88,5410fa6308ad6ee3090e46dd,22,,0.0,,irish,,,,,,,,,,,5.0,2.0,4.0,2.0,2.0,5.0,male,False,dublin,,0,1,1,0,1,0,0,0,0,1
89,5410fc6708ad6ee3090e4eb4,27,,0.0,,british,,,,,,,,,,,4.0,2.0,3.0,1.0,2.0,4.0,female,False,dublin,,0,1,1,0,1,1,0,0,0,0
90,541102af08ad6ee3090e6655,31,,0.0,,irish,,,,,,,,,,,2.0,2.0,4.0,2.0,2.0,4.0,male,False,dublin,,0,1,1,0,1,1,0,0,0,0
91,5410fda708ad6ee3090e5362,31,,0.0,,irish,,,,,,,,,,,3.0,2.0,3.0,3.0,4.0,4.0,male,False,dublin,,0,1,1,0,1,1,1,1,0,1
92,5411051608ad6ee3090e6f03,31,,0.0,,other,,,,,,,,,,,4.0,2.0,3.0,2.0,3.0,5.0,female,False,dublin,,0,1,1,1,1,1,1,1,0,0
93,541105e008ad6ee3090e720c,20,,0.0,3.0,irish,,,,,,,,,,,3.0,2.0,3.0,3.0,2.0,3.0,female,False,dublin,,0,1,0,1,1,1,0,1,0,0
94,5411051708ad6ee3090e6f1c,21,,0.0,,other,,,,,,,,,,,2.0,2.0,4.0,2.0,2.0,3.0,male,False,dublin,,0,1,0,1,1,0,1,0,0,1
95,5411036108ad6ee3090e68eb,21,,0.0,,irish,,,,,,,,,,,4.0,3.0,4.0,2.0,2.0,4.0,male,False,dublin,,0,1,1,0,1,1,0,1,0,1
96,5411041208ad6ee3090e6b71,21,,1.0,,other,,,,,,,,,,,3.0,3.0,2.0,3.0,3.0,3.0,male,True,dublin,,0,1,0,0,0,1,0,0,0,0
97,541106b808ad6ee3090e7546,21,,0.0,,irish,,,,,,,,,,,4.0,3.0,4.0,3.0,3.0,4.0,female,False,dublin,,0,1,1,0,1,1,0,0,0,0
98,5410f76608ad6ee3090e3c0d,32,,1.0,,other,,,,,,,,,,,3.0,4.0,4.0,2.0,2.0,4.0,male,False,dublin,,0,1,1,1,1,1,0,1,0,0
99,5410fa6408ad6ee3090e46e0,23,,0.0,,irish,,,,,,,,,,,2.0,5.0,4.0,5.0,5.0,2.0,female,True,dublin,,0,1,0,0,1,1,0,0,0,0
100,5410f95308ad6ee3090e42c1,21,,0.0,,irish,,,,,,,,,,,4.0,1.0,5.0,2.0,1.0,5.0,male,False,dublin,,0,1,0,0,0,1,0,0,0,1
101,5410fd5c08ad6ee3090e5223,32,,0.0,,irish,,,,,,,,,,,3.0,1.0,4.0,1.0,3.0,3.0,male,True,dublin,,0,1,0,1,1,1,1,1,0,1
102,5410fc6508ad6ee3090e4e96,24,,0.0,,irish,,,,,,,,,,,3.0,1.0,3.0,2.0,2.0,2.0,male,True,dublin,,0,1,0,0,1,0,0,0,0,0
103,5410f7b408ad6ee3090e3d1c,21,,0.0,,irish,,,,,,,,,,,4.0,1.0,4.0,3.0,3.0,4.0,male,True,dublin,,0,1,0,0,1,1,0,0,0,0
104,5410f88208ad6ee3090e4076,25,,0.0,,irish,,,,,,,,,,,4.0,1.0,5.0,1.0,4.0,4.0,female,True,dublin,,0,1,1,0,1,1,0,0,0,0
105,5410fa6408ad6ee3090e46e4,25,,0.0,,irish,,,,,,,,,,,3.0,1.0,4.0,1.0,2.0,4.0,female,True,dublin,,0,1,1,1,1,1,1,1,0,1
106,5410fb3008ad6ee3090e49e7,28,,0.0,,other,,,,,,,,,,,4.0,1.0,4.0,1.0,4.0,4.0,female,False,dublin,,0,1,1,1,1,1,1,1,0,0
107,5411059c08ad6ee3090e7112,41,,0.0,,irish,,,,,,,,,,,4.0,1.0,4.0,2.0,2.0,4.0,male,False,dublin,,0,1,1,0,1,1,1,1,0,0
108,5410fd1808ad6ee3090e5150,32,,1.0,,other,,,,,,,,,,,3.0,1.0,5.0,1.0,2.0,4.0,male,False,dublin,,0,1,0,0,1,1,1,0,0,0
109,5410f9cf08ad6ee3090e4499,15,,0.0,,other,,,,,,,,,,,3.0,1.0,3.0,2.0,2.0,4.0,male,False,dublin,,0,1,0,0,1,1,0,0,0,0
110,5410f9d108ad6ee3090e44b6,22,,0.0,,other,,,,,,,,,,,3.0,1.0,5.0,1.0,1.0,5.0,female,True,dublin,,0,1,0,1,1,1,1,1,0,1
111,570eb78c83a73509d0e03f66,8,5.0,0.0,2.0,taiwanese,5.0,,,5.0,,,2.0,1.0,,2.0,5.0,5.0,5.0,5.0,5.0,5.0,male,True,taipei_city,zh_TW,0,0,0,0,0,0,1,0,0,0
112,570eb7a183a73509d0e045e0,16,2.0,0.0,3.0,taiwanese,2.0,2.0,4.0,4.0,3.0,4.0,2.0,3.0,3.0,4.0,3.0,3.0,1.0,3.0,4.0,4.0,female,True,taichung_city,en,0,0,0,0,1,1,0,0,0,0
113,570eb73d83a73509d0e02597,19,3.0,1.0,1.0,taiwanese,2.0,2.0,3.0,3.0,4.0,4.0,2.0,2.0,3.0,5.0,4.0,3.0,1.0,4.0,4.0,5.0,female,True,taichung_city,en,0,0,0,0,0,1,0,0,0,0
114,570eb74283a73509d0e0275a,37,4.0,0.0,2.0,taiwanese,2.0,2.0,3.0,3.0,3.0,4.0,2.0,4.0,2.0,4.0,2.0,4.0,3.0,4.0,4.0,4.0,female,False,taichung_city,zh_TW,0,0,0,0,0,1,0,1,0,0
115,570eb73183a73509d0e021ba,20,4.0,0.0,3.0,taiwanese,2.0,2.0,4.0,4.0,5.0,5.0,2.0,2.0,4.0,4.0,4.0,4.0,1.0,4.0,5.0,5.0,female,False,taichung_city,en,0,0,0,0,0,1,0,0,0,0
116,570eb77a83a73509d0e03a11,21,5.0,0.0,2.0,taiwanese,2.0,2.0,2.0,4.0,4.0,4.0,2.0,2.0,4.0,4.0,3.0,4.0,4.0,5.0,4.0,5.0,female,False,taichung_city,en,0,0,0,0,1,1,1,0,0,0
117,570eb76583a73509d0e032db,38,3.0,0.0,2.0,taiwanese,2.0,2.0,2.0,2.0,4.0,2.0,3.0,2.0,2.0,2.0,4.0,4.0,3.0,4.0,4.0,4.0,female,False,taipei_city,en,0,0,0,0,0,1,0,0,0,0
118,570eb76d83a73509d0e035a0,44,4.0,0.0,4.0,taiwanese,2.0,2.0,5.0,4.0,3.0,3.0,3.0,4.0,3.0,4.0,4.0,4.0,1.0,4.0,5.0,4.0,male,True,taipei_city,en,0,0,0,0,1,1,0,0,0,0
119,570eb76e83a73509d0e035d9,1,5.0,0.0,1.0,taiwanese,2.0,2.0,4.0,2.0,5.0,3.0,4.0,5.0,3.0,2.0,5.0,4.0,1.0,4.0,4.0,5.0,female,False,taipei_city,en,0,0,0,0,0,0,1,0,0,0
120,570eb78a83a73509d0e03e98,25,4.0,0.0,1.0,taiwanese,2.0,2.0,2.0,3.0,4.0,1.0,4.0,2.0,4.0,4.0,3.0,4.0,1.0,3.0,4.0,4.0,female,True,taipei_city,en,0,0,0,0,0,1,0,0,0,0
121,570eb74d83a73509d0e02adb,40,4.0,0.0,1.0,taiwanese,2.0,2.0,4.0,4.0,4.0,2.0,4.0,4.0,4.0,4.0,4.0,4.0,4.0,4.0,4.0,4.0,female,False,taichung_city,en,0,0,0,0,0,1,1,0,0,0
122,570eb75283a73509d0e02cad,31,5.0,0.0,2.0,taiwanese,2.0,2.0,4.0,4.0,2.0,5.0,2.0,5.0,3.0,5.0,4.0,5.0,1.0,5.0,5.0,5.0,female,False,taipei_city,en,0,0,0,1,0,1,1,1,0,0
123,570eb73183a73509d0e021c9,17,4.0,0.0,1.0,taiwanese,2.0,2.0,4.0,5.0,2.0,4.0,2.0,4.0,2.0,2.0,2.0,5.0,4.0,5.0,5.0,5.0,female,True,taipei_city,en,0,0,0,0,0,0,0,0,1,0
124,570eb7a583a73509d0e0471d,41,4.0,0.0,2.0,taiwanese,2.0,2.0,4.0,4.0,2.0,4.0,2.0,3.0,3.0,4.0,3.0,5.0,1.0,4.0,4.0,4.0,male,False,taipei_city,en,0,0,0,0,0,1,1,0,0,0
125,570eb79b83a73509d0e04409,17,4.0,0.0,4.0,taiwanese,2.0,2.0,4.0,5.0,4.0,1.0,4.0,4.0,2.0,4.0,4.0,5.0,1.0,4.0,4.0,5.0,female,False,taipei_city,en,0,0,0,0,0,1,0,1,0,0
126,570eb72183a73509d0e01c55,35,5.0,0.0,3.0,taiwanese,2.0,2.0,2.0,2.0,4.0,2.0,4.0,4.0,4.0,4.0,3.0,5.0,1.0,3.0,3.0,4.0,female,False,taipei_city,en,0,0,0,0,0,1,1,0,0,0
127,570eb78d83a73509d0e03fb8,55,4.0,0.0,3.0,taiwanese,2.0,2.0,4.0,4.0,4.0,4.0,4.0,2.0,4.0,4.0,2.0,5.0,4.0,5.0,5.0,5.0,female,True,taipei_city,en,0,0,1,0,0,1,1,0,1,0
128,570eb78183a73509d0e03c14,24,4.0,0.0,1.0,taiwanese,2.0,2.0,2.0,5.0,3.0,1.0,4.0,3.0,2.0,2.0,1.0,5.0,4.0,5.0,5.0,5.0,female,False,taichung_city,en,0,0,0,0,1,1,0,0,0,0
129,570eb75b83a73509d0e02f6a,25,4.0,0.0,1.0,taiwanese,2.0,2.0,2.0,5.0,4.0,2.0,4.0,2.0,2.0,4.0,2.0,4.0,1.0,4.0,3.0,5.0,female,True,taipei_city,en,0,1,1,0,1,1,0,0,1,0
130,570eb73083a73509d0e0214b,10,3.0,0.0,3.0,taiwanese,3.0,2.0,3.0,2.0,4.0,4.0,2.0,3.0,3.0,3.0,3.0,3.0,1.0,3.0,3.0,4.0,female,False,taipei_city,en,0,0,0,0,0,1,0,0,0,0
131,570eb71e83a73509d0e01ba1,34,4.0,0.0,2.0,taiwanese,3.0,2.0,2.0,2.0,3.0,4.0,3.0,4.0,3.0,4.0,3.0,3.0,1.0,3.0,3.0,3.0,female,False,taipei_city,zh_TW,0,0,0,0,0,1,0,0,0,0
132,570eb75583a73509d0e02d98,41,3.0,0.0,1.0,taiwanese,3.0,2.0,2.0,4.0,3.0,4.0,2.0,4.0,3.0,4.0,4.0,4.0,3.0,4.0,4.0,5.0,female,False,taipei_city,zh_TW,0,0,0,0,0,1,0,0,1,0
133,570eb74483a73509d0e027e3,22,4.0,0.0,2.0,taiwanese,3.0,2.0,2.0,5.0,4.0,2.0,4.0,2.0,4.0,5.0,3.0,4.0,2.0,3.0,4.0,3.0,female,False,taichung_city,en,0,0,0,0,0,1,0,0,0,0
134,570eb76d83a73509d0e035bd,40,4.0,0.0,1.0,taiwanese,3.0,2.0,2.0,2.0,4.0,1.0,3.0,1.0,2.0,3.0,1.0,5.0,1.0,5.0,5.0,5.0,female,False,taipei_city,en,0,0,0,0,0,0,1,0,0,0
135,570eb76a83a73509d0e0349c,18,4.0,0.0,3.0,taiwanese,4.0,2.0,2.0,4.0,4.0,2.0,2.0,2.0,4.0,4.0,4.0,4.0,1.0,3.0,4.0,4.0,female,False,taipei_city,en,0,0,0,1,0,1,0,0,0,0
136,570eb73283a73509d0e02206,13,5.0,0.0,3.0,taiwanese,4.0,2.0,4.0,5.0,1.0,4.0,4.0,5.0,2.0,4.0,4.0,5.0,4.0,5.0,4.0,5.0,male,False,taipei_city,en,0,0,0,0,0,1,0,0,0,0
137,570eb79f83a73509d0e0454a,38,5.0,0.0,1.0,taiwanese,5.0,2.0,4.0,4.0,4.0,2.0,4.0,2.0,2.0,4.0,2.0,4.0,4.0,4.0,4.0,4.0,male,False,taipei_city,en,0,0,0,1,0,0,0,0,1,0
138,570eb7af83a73509d0e049f2,10,5.0,0.0,2.0,taiwanese,5.0,2.0,4.0,3.0,2.0,5.0,3.0,3.0,3.0,5.0,3.0,5.0,1.0,5.0,5.0,5.0,male,False,taipei_city,en,0,1,0,0,1,1,0,0,0,0
139,570eb74683a73509d0e0284d,22,4.0,0.0,5.0,taiwanese,1.0,2.0,5.0,5.0,4.0,4.0,2.0,4.0,4.0,4.0,4.0,2.0,2.0,5.0,4.0,5.0,female,False,taipei_city,en,0,0,0,0,0,1,1,1,0,0
140,570eb7be83a73509d0e04ef8,18,2.0,0.0,4.0,taiwanese,1.0,2.0,2.0,4.0,4.0,2.0,2.0,2.0,1.0,4.0,2.0,3.0,3.0,3.0,3.0,3.0,female,False,taipei_city,en,0,0,0,1,0,1,1,0,1,0
141,570eb76a83a73509d0e034b7,19,5.0,0.0,4.0,taiwanese,1.0,2.0,3.0,5.0,3.0,3.0,3.0,2.0,2.0,2.0,4.0,4.0,2.0,4.0,5.0,5.0,female,True,taichung_city,en,0,0,0,0,1,1,1,0,0,0
142,570eb79983a73509d0e0436b,30,4.0,1.0,3.0,taiwanese,1.0,2.0,4.0,4.0,3.0,3.0,3.0,3.0,3.0,4.0,3.0,4.0,1.0,4.0,4.0,4.0,female,True,taipei_city,en,0,0,0,0,1,1,1,1,0,0
143,570eb79783a73509d0e042a0,28,3.0,0.0,5.0,taiwanese,1.0,2.0,2.0,4.0,4.0,2.0,4.0,5.0,3.0,4.0,3.0,4.0,3.0,4.0,5.0,4.0,female,False,taipei_city,zh_TW,0,0,0,0,0,1,1,0,0,0
144,570eb71e83a73509d0e01b94,19,5.0,0.0,3.0,taiwanese,1.0,2.0,5.0,4.0,5.0,5.0,1.0,2.0,2.0,5.0,4.0,5.0,4.0,5.0,5.0,5.0,female,False,taipei_city,en,0,0,0,0,0,1,0,0,0,0
145,570eb72983a73509d0e01ee3,22,4.0,0.0,3.0,taiwanese,1.0,2.0,4.0,4.0,4.0,3.0,2.0,4.0,3.0,5.0,4.0,5.0,2.0,4.0,3.0,3.0,female,False,taipei_city,en,0,0,0,0,0,1,0,0,1,0
146,570eb78a83a73509d0e03e96,9,5.0,0.0,5.0,thai,1.0,2.0,5.0,2.0,4.0,5.0,3.0,5.0,5.0,4.0,5.0,5.0,1.0,5.0,5.0,5.0,male,True,taipei_city,zh_TW,0,0,0,0,0,1,0,0,0,0
147,570eb73883a73509d0e023f2,9,5.0,0.0,1.0,taiwanese,1.0,2.0,5.0,1.0,4.0,1.0,4.0,2.0,3.0,4.0,5.0,5.0,1.0,5.0,4.0,5.0,male,False,taipei_city,zh_TW,0,0,0,0,0,1,0,0,0,0
148,570eb7b683a73509d0e04c45,22,4.0,0.0,4.0,taiwanese,1.0,2.0,4.0,4.0,4.0,2.0,4.0,2.0,4.0,2.0,4.0,5.0,5.0,5.0,2.0,4.0,female,True,taipei_city,en,0,0,0,0,0,1,0,0,0,0
149,570eb75483a73509d0e02d40,14,4.0,0.0,3.0,american,1.0,2.0,5.0,5.0,4.0,2.0,3.0,4.0,3.0,4.0,4.0,5.0,4.0,4.0,5.0,5.0,female,False,taipei_city,en,0,1,0,0,0,1,0,0,0,0
150,570eb78d83a73509d0e03fa9,18,4.0,0.0,2.0,taiwanese,2.0,3.0,4.0,5.0,2.0,5.0,1.0,2.0,2.0,5.0,3.0,2.0,1.0,5.0,5.0,5.0,female,False,taipei_city,en,0,0,0,0,0,1,1,0,0,0
151,570eb76883a73509d0e033fc,15,4.0,0.0,2.0,taiwanese,2.0,3.0,4.0,4.0,5.0,5.0,2.0,4.0,4.0,2.0,4.0,4.0,3.0,5.0,5.0,5.0,female,False,taipei_city,zh_TW,0,0,0,0,0,1,0,0,0,0
152,570eb7b083a73509d0e04a3c,47,4.0,0.0,2.0,taiwanese,2.0,3.0,4.0,3.0,3.0,3.0,3.0,3.0,3.0,4.0,3.0,4.0,4.0,4.0,4.0,4.0,female,False,taipei_city,zh_TW,0,0,0,0,0,1,1,0,0,0
153,570eb78483a73509d0e03cfa,20,5.0,0.0,1.0,taiwanese,2.0,3.0,2.0,3.0,5.0,2.0,5.0,3.0,2.0,5.0,3.0,4.0,1.0,3.0,4.0,4.0,female,True,taipei_city,en,0,0,0,0,1,1,0,0,0,0
154,570eb78783a73509d0e03ddb,12,5.0,0.0,4.0,taiwanese,2.0,3.0,5.0,3.0,4.0,3.0,2.0,2.0,3.0,4.0,4.0,5.0,1.0,5.0,5.0,5.0,male,False,taipei_city,en,0,0,0,0,0,0,1,0,0,0
155,570eb7ac83a73509d0e04918,54,5.0,0.0,2.0,japanese,2.0,3.0,4.0,4.0,4.0,2.0,2.0,2.0,1.0,4.0,4.0,5.0,1.0,4.0,5.0,5.0,female,True,taipei_city,en,0,0,0,0,0,0,1,0,0,0
156,570eb72583a73509d0e01d8a,60,4.0,0.0,2.0,taiwanese,2.0,3.0,5.0,4.0,3.0,3.0,3.0,3.0,4.0,2.0,2.0,5.0,5.0,5.0,5.0,5.0,female,False,taipei_city,en,0,0,0,0,0,1,0,0,0,0
157,570eb78d83a73509d0e03fa5,20,5.0,0.0,2.0,taiwanese,2.0,3.0,3.0,4.0,4.0,2.0,4.0,2.0,4.0,4.0,2.0,5.0,4.0,5.0,4.0,5.0,male,True,taipei_city,en,0,0,0,0,1,1,0,0,0,0
158,570eb72b83a73509d0e01f7c,5,3.0,0.0,1.0,taiwanese,2.0,3.0,5.0,3.0,4.0,2.0,4.0,3.0,4.0,5.0,5.0,5.0,1.0,5.0,5.0,5.0,male,True,taipei_city,zh_TW,0,0,0,0,0,0,1,0,0,0
159,570eb7a183a73509d0e045c2,46,5.0,0.0,1.0,taiwanese,2.0,3.0,5.0,4.0,5.0,2.0,5.0,2.0,4.0,4.0,4.0,5.0,4.0,4.0,5.0,5.0,male,True,taipei_city,zh_TW,0,0,0,0,0,1,0,0,0,0
160,570eb75583a73509d0e02daf,11,1.0,0.0,4.0,taiwanese,2.0,3.0,5.0,3.0,2.0,4.0,3.0,4.0,4.0,4.0,2.0,1.0,1.0,1.0,1.0,3.0,male,False,taipei_city,zh_TW,0,0,0,0,0,1,0,0,0,0
161,570eb73c83a73509d0e02565,20,4.0,0.0,1.0,taiwanese,2.0,3.0,5.0,5.0,3.0,4.0,3.0,2.0,3.0,4.0,1.0,3.0,1.0,3.0,3.0,3.0,female,False,taichung_city,en,0,1,0,0,0,0,0,0,0,0
162,570eb78c83a73509d0e03f6e,11,5.0,0.0,4.0,taiwanese,3.0,3.0,5.0,2.0,1.0,4.0,3.0,2.0,5.0,1.0,4.0,3.0,1.0,3.0,3.0,3.0,male,False,taipei_city,en,0,0,0,0,0,1,0,0,0,0
163,570eb74683a73509d0e0289b,12,3.0,0.0,1.0,taiwanese,3.0,3.0,3.0,5.0,4.0,2.0,5.0,2.0,2.0,5.0,3.0,3.0,1.0,4.0,4.0,4.0,male,False,taipei_city,zh_TW,0,0,0,0,0,1,0,0,0,0
164,570eb79983a73509d0e04371,12,5.0,0.0,3.0,taiwanese,3.0,3.0,5.0,1.0,4.0,5.0,1.0,4.0,4.0,4.0,3.0,4.0,1.0,4.0,4.0,4.0,female,False,taipei_city,zh_TW,0,0,0,0,0,1,0,0,0,0
165,570eb77383a73509d0e0379f,16,3.0,0.0,3.0,taiwanese,3.0,3.0,4.0,4.0,4.0,4.0,2.0,5.0,2.0,2.0,3.0,4.0,3.0,4.0,4.0,4.0,female,False,taichung_city,en,0,0,0,0,0,1,0,0,0,0
166,570eb74783a73509d0e028c9,14,2.0,0.0,1.0,taiwanese,3.0,3.0,3.0,3.0,3.0,3.0,3.0,3.0,3.0,3.0,3.0,4.0,3.0,4.0,4.0,4.0,female,True,taipei_city,en,0,0,0,0,0,1,0,0,0,0
167,570eb78583a73509d0e03d32,43,2.0,0.0,1.0,taiwanese,3.0,3.0,4.0,4.0,4.0,4.0,4.0,4.0,4.0,5.0,3.0,4.0,2.0,4.0,4.0,5.0,female,False,taipei_city,en,0,0,0,0,0,0,0,0,1,0
168,570eb79983a73509d0e0434d,9,5.0,0.0,2.0,taiwanese,3.0,3.0,3.0,3.0,3.0,3.0,3.0,3.0,3.0,3.0,5.0,5.0,1.0,5.0,5.0,5.0,male,False,taipei_city,zh_TW,0,0,0,0,0,1,0,0,0,0
169,570eb76283a73509d0e03220,13,5.0,0.0,3.0,taiwanese,3.0,3.0,3.0,3.0,3.0,3.0,3.0,3.0,3.0,3.0,5.0,5.0,5.0,5.0,5.0,5.0,male,False,taipei_city,zh_TW,0,0,0,0,0,0,0,0,1,0
170,570eb79c83a73509d0e04453,25,3.0,0.0,2.0,taiwanese,3.0,3.0,5.0,4.0,4.0,4.0,3.0,3.0,5.0,4.0,4.0,5.0,4.0,5.0,5.0,5.0,male,True,taipei_city,en,0,0,0,0,0,1,0,0,0,0
171,570eb75383a73509d0e02d07,13,5.0,0.0,3.0,taiwanese,3.0,3.0,3.0,3.0,3.0,3.0,3.0,3.0,3.0,3.0,5.0,5.0,1.0,5.0,5.0,5.0,male,True,taipei_city,zh_TW,0,0,0,0,1,0,0,0,0,0
172,570eb7a983a73509d0e04875,13,5.0,0.0,4.0,taiwanese,3.0,3.0,3.0,3.0,3.0,3.0,3.0,3.0,3.0,3.0,4.0,5.0,1.0,5.0,5.0,4.0,male,False,taipei_city,en,0,0,0,0,1,1,1,1,0,0
173,570eb74283a73509d0e02716,17,5.0,0.0,4.0,taiwanese,3.0,3.0,4.0,4.0,4.0,3.0,3.0,3.0,3.0,5.0,5.0,5.0,3.0,5.0,5.0,5.0,female,False,taipei_city,en,0,0,0,0,0,1,0,0,0,0
174,570eb7b683a73509d0e04c1f,12,4.0,0.0,3.0,taiwanese,3.0,3.0,5.0,2.0,4.0,5.0,4.0,1.0,4.0,3.0,3.0,5.0,1.0,1.0,5.0,5.0,male,False,taipei_city,en,0,0,0,0,0,0,1,0,0,0
175,570eb7b883a73509d0e04d1d,13,3.0,1.0,4.0,taiwanese,4.0,3.0,3.0,3.0,3.0,3.0,3.0,3.0,2.0,3.0,4.0,4.0,1.0,1.0,2.0,2.0,female,False,taipei_city,en,0,0,0,0,0,0,1,0,0,0
176,570eb77b83a73509d0e03a1b,27,3.0,0.0,1.0,taiwanese,4.0,3.0,4.0,3.0,4.0,2.0,4.0,2.0,2.0,4.0,3.0,4.0,1.0,4.0,4.0,3.0,male,True,taipei_city,en,0,0,0,0,0,1,0,0,0,0
177,570eb72b83a73509d0e01f84,17,3.0,0.0,1.0,taiwanese,4.0,3.0,2.0,5.0,5.0,2.0,4.0,3.0,2.0,4.0,3.0,4.0,4.0,4.0,4.0,3.0,male,False,taipei_city,en,0,0,0,0,0,1,0,0,0,0
178,570eb7b383a73509d0e04b54,10,5.0,0.0,1.0,taiwanese,4.0,3.0,3.0,5.0,3.0,3.0,3.0,3.0,3.0,4.0,4.0,5.0,1.0,5.0,4.0,5.0,male,False,taipei_city,zh_TW,0,0,0,0,1,0,0,0,0,0
179,570eb78d83a73509d0e03f96,13,4.0,0.0,1.0,taiwanese,4.0,3.0,4.0,4.0,5.0,3.0,4.0,3.0,4.0,4.0,4.0,5.0,3.0,4.0,3.0,5.0,male,True,taipei_city,en,0,0,0,0,0,1,0,0,0,0
180,570eb7b383a73509d0e04b3c,10,4.0,0.0,4.0,singaporean,5.0,3.0,3.0,2.0,4.0,4.0,3.0,2.0,4.0,4.0,3.0,2.0,1.0,2.0,3.0,3.0,male,False,taipei_city,en,0,0,0,0,0,0,1,0,0,0
181,570eb7aa83a73509d0e04895,14,5.0,0.0,3.0,taiwanese,5.0,3.0,4.0,2.0,5.0,4.0,3.0,4.0,3.0,4.0,3.0,4.0,1.0,4.0,4.0,3.0,male,False,taichung_city,en,0,0,0,1,0,0,0,0,0,0
182,570eb77083a73509d0e0368e,14,5.0,0.0,5.0,taiwanese,5.0,3.0,5.0,5.0,4.0,5.0,3.0,3.0,3.0,5.0,1.0,5.0,3.0,5.0,5.0,5.0,female,True,taichung_city,zh_TW,0,0,0,0,0,1,0,0,0,0
183,570eb7a283a73509d0e0462b,22,4.0,1.0,4.0,japanese,5.0,3.0,5.0,4.0,1.0,2.0,5.0,1.0,4.0,1.0,2.0,1.0,2.0,2.0,3.0,4.0,female,True,taipei_city,en,0,1,1,0,0,0,0,1,0,0
184,570eb78183a73509d0e03c04,11,2.0,0.0,2.0,taiwanese,1.0,3.0,5.0,3.0,3.0,3.0,3.0,4.0,3.0,4.0,4.0,3.0,2.0,3.0,3.0,5.0,male,True,taipei_city,en,0,0,0,0,0,0,1,0,0,0
185,570eb75383a73509d0e02cf9,24,5.0,0.0,1.0,taiwanese,1.0,3.0,4.0,4.0,5.0,1.0,4.0,1.0,3.0,3.0,1.0,3.0,1.0,1.0,3.0,4.0,male,True,taichung_city,en,0,0,0,1,0,1,1,0,0,0
186,570eb76583a73509d0e032c2,19,4.0,0.0,3.0,taiwanese,1.0,3.0,3.0,4.0,4.0,1.0,4.0,2.0,2.0,3.0,4.0,4.0,3.0,3.0,3.0,3.0,female,False,taipei_city,en,0,0,0,0,1,0,0,0,0,0
187,570eb73483a73509d0e0227d,20,4.0,0.0,3.0,taiwanese,1.0,3.0,4.0,5.0,5.0,2.0,4.0,4.0,2.0,4.0,4.0,4.0,1.0,5.0,5.0,4.0,male,False,taipei_city,en,0,0,0,0,1,0,0,1,0,0
188,570eb76783a73509d0e03372,8,1.0,0.0,3.0,taiwanese,1.0,3.0,5.0,2.0,2.0,5.0,4.0,1.0,3.0,4.0,1.0,4.0,1.0,5.0,1.0,5.0,male,False,taipei_city,zh_TW,0,0,0,0,1,0,0,0,0,0
189,570eb79383a73509d0e04177,16,5.0,0.0,3.0,taiwanese,1.0,3.0,5.0,4.0,4.0,3.0,4.0,2.0,5.0,5.0,4.0,4.0,4.0,5.0,5.0,4.0,female,False,taichung_city,en,0,0,0,0,0,1,0,0,0,0
190,570eb7af83a73509d0e04a1d,22,4.0,0.0,3.0,taiwanese,1.0,3.0,5.0,4.0,3.0,5.0,2.0,3.0,3.0,4.0,4.0,5.0,4.0,4.0,4.0,4.0,female,False,taipei_city,en,0,0,0,0,0,1,0,0,0,0
191,570eb76883a73509d0e033ec,17,3.0,0.0,3.0,taiwanese,1.0,3.0,4.0,2.0,4.0,4.0,4.0,4.0,4.0,4.0,4.0,5.0,1.0,5.0,4.0,4.0,male,False,taipei_city,en,0,0,0,0,1,1,0,0,0,0
192,570eb75a83a73509d0e02f25,28,3.0,0.0,2.0,taiwanese,1.0,3.0,5.0,5.0,5.0,2.0,4.0,1.0,2.0,2.0,3.0,4.0,1.0,4.0,4.0,4.0,female,False,taichung_city,en,0,1,0,0,1,1,0,0,0,0
193,570eb74583a73509d0e02811,26,4.0,0.0,2.0,taiwanese,2.0,4.0,5.0,2.0,2.0,4.0,2.0,4.0,2.0,4.0,2.0,2.0,1.0,3.0,4.0,2.0,female,False,taipei_city,en,0,0,1,0,1,1,0,0,0,0
194,570eb73383a73509d0e0224f,36,3.0,0.0,2.0,taiwanese,2.0,4.0,4.0,5.0,5.0,2.0,2.0,3.0,3.0,4.0,3.0,3.0,3.0,3.0,3.0,3.0,female,False,taipei_city,en,0,0,0,0,0,1,0,0,0,0
195,570eb75283a73509d0e02c68,50,5.0,0.0,3.0,taiwanese,2.0,4.0,3.0,3.0,4.0,2.0,3.0,3.0,4.0,3.0,2.0,3.0,1.0,3.0,3.0,3.0,male,False,taipei_city,zh_TW,0,0,0,0,0,0,1,0,0,0
196,570eb74f83a73509d0e02b62,27,3.0,0.0,3.0,taiwanese,2.0,4.0,4.0,4.0,4.0,3.0,3.0,4.0,2.0,2.0,3.0,3.0,1.0,3.0,4.0,3.0,male,True,taichung_city,zh_TW,0,0,0,0,1,1,0,1,0,0
197,570eb72683a73509d0e01df4,17,2.0,0.0,2.0,taiwanese,2.0,4.0,4.0,4.0,4.0,3.0,4.0,4.0,3.0,2.0,3.0,3.0,1.0,3.0,5.0,4.0,male,True,taichung_city,en,0,0,0,0,1,1,0,0,0,0
198,570eb78483a73509d0e03cf3,43,3.0,0.0,2.0,taiwanese,2.0,4.0,5.0,4.0,4.0,2.0,4.0,2.0,4.0,4.0,3.0,3.0,3.0,3.0,3.0,4.0,male,False,taipei_city,en,0,0,0,0,0,0,1,0,0,0
199,570eb76183a73509d0e031b5,12,2.0,0.0,3.0,taiwanese,2.0,4.0,3.0,4.0,4.0,3.0,4.0,2.0,4.0,4.0,4.0,3.0,3.0,3.0,4.0,3.0,female,False,taipei_city,en,0,0,0,0,0,0,0,0,1,0
200,570eb7a683a73509d0e04771,31,2.0,0.0,1.0,taiwanese,2.0,4.0,2.0,4.0,4.0,4.0,2.0,4.0,4.0,5.0,4.0,4.0,1.0,4.0,4.0,4.0,female,True,taipei_city,zh_TW,0,0,0,0,0,0,0,0,1,0
201,570eb76283a73509d0e031f8,26,4.0,0.0,1.0,taiwanese,2.0,4.0,4.0,4.0,4.0,4.0,3.0,4.0,2.0,2.0,3.0,4.0,5.0,5.0,5.0,5.0,male,True,taipei_city,en,0,0,0,0,0,1,0,0,0,0
202,570eb74b83a73509d0e02a0b,6,3.0,0.0,3.0,taiwanese,2.0,4.0,4.0,4.0,3.0,4.0,4.0,3.0,2.0,3.0,5.0,4.0,1.0,1.0,3.0,4.0,male,False,taipei_city,en,0,0,0,0,0,0,1,0,0,0
203,570eb77883a73509d0e0394c,18,4.0,0.0,2.0,taiwanese,2.0,4.0,4.0,4.0,4.0,2.0,4.0,4.0,4.0,4.0,2.0,4.0,3.0,4.0,4.0,5.0,male,False,taipei_city,en,0,0,0,0,1,1,0,0,0,0
204,570eb72683a73509d0e01df0,21,3.0,0.0,1.0,taiwanese,2.0,4.0,4.0,5.0,4.0,3.0,4.0,5.0,5.0,5.0,4.0,4.0,5.0,5.0,4.0,5.0,female,False,taipei_city,en,0,0,0,0,0,1,0,0,0,0
205,570eb75883a73509d0e02e8b,15,3.0,0.0,3.0,taiwanese,2.0,4.0,3.0,5.0,5.0,2.0,4.0,2.0,2.0,5.0,4.0,4.0,5.0,5.0,2.0,5.0,female,False,taipei_city,en,0,0,0,0,0,1,1,1,1,0
206,570eb74f83a73509d0e02ba7,25,3.0,0.0,2.0,taiwanese,2.0,4.0,4.0,4.0,5.0,4.0,4.0,1.0,2.0,5.0,5.0,4.0,4.0,4.0,4.0,3.0,male,False,taichung_city,zh_TW,0,0,0,0,0,1,1,0,0,0
207,570eb79383a73509d0e04155,40,3.0,0.0,2.0,taiwanese,2.0,4.0,4.0,2.0,4.0,2.0,4.0,2.0,4.0,2.0,3.0,4.0,1.0,4.0,3.0,5.0,female,False,taipei_city,zh_TW,0,0,0,0,0,0,1,0,0,0
208,570eb79583a73509d0e04206,16,5.0,0.0,4.0,taiwanese,2.0,4.0,5.0,3.0,4.0,4.0,4.0,4.0,3.0,5.0,4.0,4.0,1.0,4.0,4.0,4.0,male,False,taipei_city,en,0,0,0,0,0,1,0,0,0,0
209,570eb74b83a73509d0e02a09,51,4.0,0.0,3.0,taiwanese,2.0,4.0,4.0,4.0,4.0,2.0,4.0,2.0,4.0,2.0,4.0,4.0,1.0,4.0,4.0,4.0,male,False,taipei_city,zh_TW,0,0,0,0,0,1,0,0,0,0
210,570eb7bc83a73509d0e04e30,21,5.0,0.0,2.0,chinese,2.0,4.0,4.0,4.0,5.0,5.0,4.0,4.0,2.0,5.0,3.0,4.0,1.0,4.0,3.0,4.0,female,True,taipei_city,zh_TW,0,0,0,0,0,1,1,0,0,0
211,570eb76983a73509d0e03430,22,5.0,0.0,4.0,taiwanese,2.0,4.0,4.0,4.0,3.0,3.0,2.0,3.0,4.0,3.0,4.0,5.0,1.0,5.0,4.0,5.0,male,False,taipei_city,zh_TW,0,0,0,0,1,1,1,1,0,0
212,570eb72783a73509d0e01e26,48,5.0,0.0,2.0,taiwanese,2.0,4.0,4.0,4.0,5.0,3.0,2.0,4.0,2.0,4.0,3.0,5.0,3.0,4.0,5.0,5.0,female,False,taipei_city,zh_TW,0,0,0,0,0,1,0,0,0,0
213,570eb72483a73509d0e01d55,19,5.0,0.0,2.0,taiwanese,2.0,4.0,4.0,5.0,3.0,4.0,2.0,3.0,2.0,4.0,2.0,5.0,2.0,4.0,4.0,5.0,male,False,taipei_city,en,0,0,1,0,0,1,1,0,0,0
214,570eb75183a73509d0e02c09,20,5.0,0.0,2.0,taiwanese,2.0,4.0,3.0,3.0,3.0,3.0,2.0,1.0,4.0,2.0,2.0,5.0,3.0,5.0,5.0,5.0,male,True,taipei_city,en,0,0,1,0,0,1,0,0,1,0
215,570eb74583a73509d0e0281a,28,4.0,0.0,4.0,taiwanese,2.0,4.0,3.0,4.0,5.0,5.0,3.0,5.0,4.0,4.0,4.0,5.0,3.0,5.0,5.0,4.0,male,True,taipei_city,en,0,0,0,0,0,1,0,0,0,0
216,570eb7a883a73509d0e047f3,20,5.0,0.0,3.0,taiwanese,2.0,4.0,4.0,4.0,4.0,3.0,3.0,3.0,3.0,4.0,3.0,5.0,1.0,4.0,4.0,5.0,female,True,taipei_city,en,0,0,0,0,1,1,0,0,0,0
217,570eb7ba83a73509d0e04d91,18,2.0,0.0,2.0,taiwanese,2.0,4.0,2.0,4.0,4.0,2.0,4.0,3.0,4.0,2.0,4.0,5.0,1.0,5.0,5.0,5.0,female,False,taichung_city,en,0,0,0,0,0,1,0,0,0,0
218,570eb75983a73509d0e02f0b,12,5.0,0.0,2.0,taiwanese,2.0,4.0,4.0,4.0,5.0,3.0,4.0,4.0,4.0,5.0,3.0,5.0,1.0,3.0,4.0,4.0,female,True,taipei_city,en,0,0,0,0,0,1,0,0,0,0
219,570eb75683a73509d0e02dc5,21,5.0,0.0,3.0,taiwanese,2.0,4.0,3.0,5.0,3.0,2.0,4.0,2.0,1.0,2.0,3.0,5.0,2.0,5.0,3.0,4.0,male,True,taichung_city,en,0,0,1,0,0,1,0,0,0,0
220,570eb72283a73509d0e01cb0,20,4.0,0.0,1.0,taiwanese,2.0,4.0,4.0,5.0,5.0,3.0,4.0,3.0,2.0,5.0,2.0,5.0,5.0,5.0,5.0,5.0,female,False,taipei_city,en,0,0,0,0,0,1,0,0,0,0
221,570eb73b83a73509d0e024f1,11,4.0,0.0,3.0,taiwanese,2.0,4.0,4.0,4.0,4.0,4.0,4.0,3.0,3.0,4.0,4.0,5.0,2.0,5.0,5.0,5.0,male,True,taipei_city,en,0,0,0,0,0,0,1,0,0,0
222,570eb78b83a73509d0e03f1b,9,4.0,0.0,1.0,taiwanese,2.0,4.0,4.0,2.0,2.0,2.0,4.0,4.0,4.0,2.0,5.0,5.0,2.0,5.0,4.0,4.0,male,False,taipei_city,en,0,0,0,0,0,0,1,0,0,0
223,570eb72583a73509d0e01db8,121,5.0,1.0,1.0,american,2.0,4.0,5.0,5.0,4.0,2.0,5.0,5.0,4.0,5.0,3.0,5.0,5.0,5.0,5.0,4.0,male,False,taipei_city,en,0,0,0,1,1,1,1,1,1,0
224,570eb72983a73509d0e01f07,18,3.0,0.0,3.0,taiwanese,2.0,4.0,4.0,4.0,4.0,3.0,3.0,4.0,2.0,4.0,4.0,3.0,3.0,4.0,4.0,4.0,male,True,taichung_city,en,0,1,1,1,1,1,1,1,1,0
225,570eb7a983a73509d0e0483c,20,3.0,0.0,3.0,taiwanese,2.0,4.0,4.0,4.0,5.0,4.0,3.0,4.0,4.0,4.0,2.0,4.0,4.0,4.0,4.0,4.0,female,False,taichung_city,en,0,1,1,0,0,1,0,0,0,0
226,570eb73383a73509d0e02263,23,5.0,0.0,1.0,taiwanese,2.0,4.0,4.0,4.0,5.0,4.0,4.0,2.0,4.0,4.0,4.0,4.0,1.0,4.0,2.0,4.0,male,True,taipei_city,en,0,1,0,0,0,0,0,0,0,0
227,570eb72683a73509d0e01e15,20,4.0,0.0,4.0,taiwanese,2.0,4.0,4.0,4.0,3.0,4.0,4.0,5.0,2.0,5.0,4.0,5.0,1.0,5.0,5.0,5.0,male,False,taipei_city,zh_TW,0,1,0,0,0,1,0,0,0,0
228,570eb78d83a73509d0e03f78,9,3.0,0.0,2.0,chinese,3.0,4.0,4.0,4.0,3.0,2.0,3.0,4.0,4.0,2.0,4.0,2.0,4.0,5.0,5.0,3.0,male,False,taipei_city,zh_TW,0,0,1,0,0,0,0,0,0,0
229,570eb7b983a73509d0e04d41,21,4.0,0.0,3.0,taiwanese,3.0,4.0,4.0,4.0,4.0,3.0,3.0,2.0,4.0,4.0,4.0,2.0,1.0,3.0,4.0,5.0,male,False,taipei_city,en,0,0,0,0,1,1,0,1,0,0
230,570eb7b183a73509d0e04a93,5,2.0,0.0,1.0,taiwanese,3.0,4.0,4.0,3.0,4.0,4.0,2.0,3.0,3.0,4.0,3.0,3.0,1.0,2.0,3.0,4.0,female,False,taipei_city,en,1,0,0,0,0,0,0,0,0,0
231,570eb7bf83a73509d0e04f0c,11,3.0,0.0,3.0,taiwanese,3.0,4.0,4.0,3.0,3.0,4.0,3.0,4.0,3.0,4.0,4.0,3.0,3.0,3.0,3.0,3.0,female,True,taichung_city,en,0,0,0,0,0,0,1,0,0,0
232,570eb79483a73509d0e0419b,23,4.0,0.0,2.0,taiwanese,3.0,4.0,5.0,4.0,5.0,5.0,2.0,2.0,3.0,4.0,1.0,4.0,1.0,3.0,3.0,4.0,female,False,taichung_city,en,0,0,0,0,0,1,0,0,0,0
233,570eb73683a73509d0e0235a,48,3.0,0.0,1.0,taiwanese,3.0,4.0,4.0,4.0,4.0,2.0,3.0,2.0,3.0,2.0,4.0,4.0,2.0,4.0,4.0,3.0,male,True,taipei_city,en,0,0,0,0,0,1,0,1,0,0
234,570eb79583a73509d0e0421c,13,3.0,0.0,2.0,taiwanese,3.0,4.0,3.0,5.0,3.0,3.0,3.0,3.0,2.0,4.0,4.0,4.0,4.0,5.0,5.0,5.0,female,False,taipei_city,en,0,0,0,0,0,1,0,0,0,0
235,570eb75c83a73509d0e02ff2,12,4.0,0.0,3.0,taiwanese,3.0,4.0,5.0,4.0,4.0,3.0,4.0,3.0,2.0,4.0,4.0,4.0,5.0,5.0,5.0,5.0,male,False,taipei_city,en,0,0,0,0,0,1,1,0,0,0
236,570eb78f83a73509d0e04050,41,4.0,0.0,2.0,taiwanese,3.0,4.0,2.0,3.0,5.0,2.0,4.0,1.0,4.0,2.0,3.0,4.0,2.0,4.0,5.0,5.0,male,False,taichung_city,zh_TW,0,0,0,1,0,1,1,0,0,0
237,570eb73283a73509d0e021e7,25,3.0,0.0,1.0,taiwanese,3.0,4.0,2.0,4.0,4.0,2.0,4.0,2.0,3.0,4.0,3.0,4.0,3.0,3.0,2.0,4.0,male,True,taichung_city,en,0,0,0,0,0,1,0,0,0,0
238,570eb74983a73509d0e02992,15,5.0,0.0,5.0,british,3.0,4.0,3.0,4.0,5.0,4.0,5.0,5.0,5.0,4.0,4.0,4.0,1.0,5.0,4.0,5.0,male,False,taipei_city,en,0,0,0,1,0,0,1,1,1,0
239,570eb75a83a73509d0e02f39,14,4.0,0.0,3.0,taiwanese,3.0,4.0,3.0,4.0,3.0,4.0,2.0,3.0,2.0,2.0,4.0,5.0,4.0,5.0,5.0,4.0,female,True,taipei_city,en,0,0,1,0,0,1,0,0,0,0
240,570eb78a83a73509d0e03ea6,13,5.0,0.0,3.0,taiwanese,3.0,4.0,5.0,4.0,5.0,4.0,5.0,5.0,1.0,4.0,1.0,5.0,5.0,5.0,5.0,5.0,female,False,taipei_city,en,0,0,0,0,0,1,1,0,0,0
241,570eb73283a73509d0e02202,16,4.0,0.0,2.0,taiwanese,4.0,4.0,4.0,5.0,2.0,2.0,4.0,4.0,2.0,4.0,3.0,4.0,1.0,4.0,4.0,4.0,female,False,taipei_city,en,0,0,0,0,1,1,0,0,0,0
242,570eb76c83a73509d0e03568,32,5.0,0.0,5.0,taiwanese,4.0,4.0,4.0,4.0,4.0,4.0,4.0,4.0,4.0,4.0,5.0,5.0,5.0,5.0,5.0,5.0,male,False,taipei_city,en,0,0,1,0,0,0,0,0,0,0
243,570eb74683a73509d0e02897,12,5.0,0.0,5.0,taiwanese,4.0,4.0,4.0,4.0,4.0,4.0,4.0,4.0,4.0,4.0,5.0,5.0,5.0,5.0,5.0,5.0,male,False,taipei_city,zh_TW,0,0,0,0,0,0,1,0,0,0
244,570eb78883a73509d0e03e08,19,5.0,0.0,3.0,taiwanese,4.0,4.0,4.0,4.0,3.0,5.0,2.0,3.0,3.0,4.0,5.0,5.0,3.0,5.0,5.0,5.0,female,False,taipei_city,en,0,1,0,0,0,1,0,0,0,0
245,570eb73183a73509d0e021c7,30,5.0,0.0,1.0,taiwanese,5.0,4.0,5.0,5.0,3.0,5.0,4.0,5.0,4.0,5.0,1.0,2.0,1.0,3.0,3.0,4.0,female,False,taipei_city,en,0,0,0,1,0,1,0,0,0,0
246,570eb77483a73509d0e037e9,22,3.0,0.0,3.0,taiwanese,5.0,4.0,4.0,5.0,4.0,1.0,4.0,2.0,4.0,4.0,2.0,4.0,5.0,4.0,4.0,5.0,male,True,taipei_city,en,0,0,0,0,0,1,0,0,0,0
247,570eb75b83a73509d0e02f73,17,4.0,0.0,1.0,taiwanese,5.0,4.0,4.0,3.0,4.0,5.0,2.0,4.0,3.0,4.0,5.0,5.0,5.0,5.0,5.0,5.0,male,False,taichung_city,en,0,0,0,0,0,1,0,0,0,0
248,570eb72383a73509d0e01cf8,11,5.0,0.0,1.0,taiwanese,5.0,4.0,5.0,5.0,2.0,5.0,3.0,4.0,3.0,1.0,3.0,5.0,3.0,5.0,5.0,5.0,male,False,taipei_city,en,0,0,0,0,1,0,0,0,0,0
249,570eb7ab83a73509d0e048f8,38,5.0,0.0,1.0,taiwanese,5.0,4.0,5.0,5.0,4.0,4.0,5.0,5.0,2.0,5.0,2.0,5.0,3.0,5.0,3.0,5.0,female,False,taipei_city,en,0,0,0,0,0,1,0,0,0,0
250,570eb72c83a73509d0e01ffb,22,4.0,0.0,2.0,taiwanese,1.0,4.0,5.0,2.0,4.0,1.0,5.0,3.0,5.0,5.0,4.0,2.0,1.0,1.0,2.0,2.0,female,True,taichung_city,en,0,0,0,0,1,0,0,0,0,0
251,570eb72f83a73509d0e02101,19,5.0,0.0,1.0,taiwanese,1.0,4.0,4.0,3.0,2.0,3.0,4.0,4.0,4.0,4.0,2.0,3.0,4.0,2.0,4.0,2.0,female,False,taichung_city,en,0,0,0,0,0,1,0,0,0,0
252,570eb76683a73509d0e03340,29,3.0,0.0,2.0,taiwanese,1.0,4.0,5.0,4.0,4.0,4.0,4.0,2.0,4.0,4.0,3.0,3.0,4.0,4.0,4.0,4.0,male,False,taichung_city,en,0,0,0,0,1,1,1,1,0,0
253,570eb77583a73509d0e0383f,17,5.0,0.0,2.0,taiwanese,1.0,4.0,3.0,5.0,3.0,1.0,1.0,2.0,2.0,2.0,3.0,4.0,4.0,3.0,4.0,4.0,female,False,taichung_city,en,0,0,0,0,0,1,1,0,1,0
254,570eb74683a73509d0e0287d,19,4.0,0.0,4.0,taiwanese,1.0,4.0,4.0,5.0,2.0,4.0,2.0,4.0,1.0,4.0,5.0,4.0,4.0,5.0,4.0,5.0,female,False,taipei_city,en,0,0,1,0,0,1,1,0,1,0
255,570eb72783a73509d0e01e60,23,4.0,0.0,3.0,taiwanese,1.0,4.0,4.0,4.0,4.0,4.0,3.0,3.0,4.0,4.0,3.0,4.0,5.0,5.0,5.0,4.0,female,False,taipei_city,en,0,0,0,0,1,1,0,0,1,0
256,570eb7aa83a73509d0e0489f,34,3.0,0.0,3.0,taiwanese,1.0,4.0,4.0,5.0,4.0,2.0,4.0,2.0,2.0,5.0,4.0,4.0,1.0,4.0,4.0,4.0,female,False,taipei_city,en,0,0,0,0,0,1,1,0,0,0
257,570eb7b483a73509d0e04b6c,10,4.0,0.0,2.0,taiwanese,1.0,4.0,5.0,3.0,2.0,5.0,4.0,5.0,2.0,5.0,2.0,4.0,3.0,4.0,4.0,5.0,female,False,taipei_city,zh_TW,0,0,1,1,0,1,0,1,0,0
258,570eb78d83a73509d0e03f81,34,4.0,0.0,2.0,taiwanese,1.0,4.0,4.0,4.0,4.0,4.0,4.0,4.0,4.0,2.0,4.0,4.0,1.0,5.0,5.0,5.0,male,False,taipei_city,en,0,0,0,0,0,1,1,1,0,0
259,570eb7aa83a73509d0e048ae,28,5.0,0.0,3.0,taiwanese,1.0,4.0,2.0,4.0,2.0,2.0,4.0,4.0,4.0,4.0,3.0,4.0,4.0,5.0,5.0,5.0,female,True,taipei_city,zh_TW,0,0,0,0,1,1,0,1,0,0
260,570eb75283a73509d0e02ca9,22,5.0,0.0,5.0,taiwanese,1.0,4.0,5.0,4.0,4.0,4.0,2.0,4.0,2.0,4.0,5.0,5.0,1.0,5.0,5.0,5.0,male,False,taipei_city,en,0,0,1,0,1,1,0,0,0,0
261,570eb75683a73509d0e02de1,20,5.0,0.0,5.0,taiwanese,1.0,4.0,4.0,4.0,3.0,4.0,2.0,4.0,4.0,5.0,5.0,5.0,1.0,5.0,5.0,5.0,male,True,taipei_city,en,0,0,0,0,1,1,1,0,1,0
262,570eb74e83a73509d0e02b4f,17,4.0,0.0,3.0,taiwanese,1.0,4.0,5.0,4.0,3.0,4.0,3.0,4.0,2.0,4.0,4.0,5.0,5.0,5.0,5.0,4.0,female,False,taichung_city,en,0,0,0,0,0,1,1,0,0,0
263,570eb73483a73509d0e02274,18,4.0,0.0,3.0,taiwanese,1.0,4.0,4.0,4.0,5.0,3.0,3.0,2.0,3.0,2.0,4.0,5.0,1.0,5.0,4.0,5.0,female,False,taichung_city,en,0,0,0,0,1,0,0,0,0,0
264,570eb7b283a73509d0e04b08,29,4.0,0.0,3.0,taiwanese,1.0,4.0,5.0,5.0,5.0,3.0,4.0,2.0,2.0,5.0,3.0,5.0,4.0,5.0,5.0,5.0,female,True,taipei_city,en,0,0,0,0,1,1,1,1,0,0
265,570eb73383a73509d0e02231,20,4.0,0.0,2.0,taiwanese,1.0,4.0,4.0,4.0,5.0,2.0,4.0,2.0,4.0,4.0,3.0,4.0,1.0,4.0,4.0,4.0,female,True,taipei_city,en,0,1,0,0,0,1,0,0,0,0
266,570eb79383a73509d0e0418a,21,4.0,0.0,3.0,taiwanese,1.0,4.0,5.0,5.0,4.0,2.0,5.0,1.0,4.0,4.0,5.0,4.0,4.0,5.0,5.0,4.0,female,False,taichung_city,en,0,1,0,0,1,1,0,0,0,0
267,570eb77a83a73509d0e039fc,16,4.0,0.0,2.0,taiwanese,1.0,4.0,5.0,4.0,2.0,4.0,2.0,3.0,4.0,2.0,3.0,5.0,4.0,5.0,4.0,5.0,female,True,taipei_city,zh_TW,0,1,0,0,1,1,1,1,0,0
268,570eb7af83a73509d0e049f1,32,5.0,0.0,3.0,taiwanese,1.0,4.0,4.0,4.0,4.0,4.0,2.0,4.0,4.0,4.0,4.0,5.0,4.0,5.0,4.0,5.0,male,False,taipei_city,en,0,1,1,0,0,0,1,1,0,0
269,570eb77083a73509d0e03679,20,5.0,0.0,5.0,taiwanese,1.0,4.0,5.0,5.0,2.0,1.0,4.0,4.0,3.0,3.0,3.0,5.0,5.0,5.0,4.0,4.0,female,False,taipei_city,en,0,1,0,1,1,1,1,1,0,0
270,570eb75e83a73509d0e03083,10,5.0,0.0,2.0,taiwanese,2.0,5.0,4.0,5.0,5.0,2.0,3.0,1.0,1.0,4.0,2.0,5.0,3.0,5.0,5.0,5.0,female,False,taipei_city,en,0,0,0,0,0,1,0,0,0,0
271,570eb79883a73509d0e04314,11,2.0,0.0,2.0,taiwanese,3.0,5.0,2.0,5.0,4.0,3.0,1.0,2.0,1.0,2.0,1.0,4.0,1.0,5.0,5.0,2.0,male,True,taipei_city,zh_TW,0,0,0,0,1,0,0,0,0,0
272,570eb79083a73509d0e040a7,21,4.0,0.0,3.0,taiwanese,3.0,5.0,4.0,4.0,5.0,5.0,2.0,2.0,4.0,4.0,1.0,4.0,1.0,5.0,4.0,5.0,female,True,taichung_city,zh_TW,0,0,0,0,0,0,1,0,0,0
273,570eb72a83a73509d0e01f30,21,4.0,0.0,3.0,taiwanese,3.0,5.0,3.0,4.0,5.0,4.0,2.0,2.0,2.0,4.0,4.0,5.0,1.0,4.0,5.0,4.0,female,False,taichung_city,zh_TW,0,0,0,0,1,1,0,0,0,0
274,570eb73383a73509d0e0222e,16,4.0,0.0,1.0,taiwanese,4.0,5.0,4.0,5.0,5.0,5.0,1.0,2.0,2.0,5.0,3.0,4.0,4.0,4.0,4.0,4.0,female,False,taichung_city,en,0,0,0,0,0,1,0,0,0,0
275,570eb74b83a73509d0e02a36,26,4.0,0.0,1.0,taiwanese,4.0,5.0,3.0,2.0,3.0,2.0,4.0,3.0,4.0,5.0,3.0,4.0,1.0,4.0,5.0,4.0,male,True,taipei_city,en,0,0,0,0,0,1,0,0,0,0
276,570eb72c83a73509d0e01ff0,8,3.0,0.0,2.0,taiwanese,4.0,5.0,4.0,4.0,4.0,2.0,4.0,2.0,3.0,5.0,3.0,5.0,1.0,5.0,4.0,5.0,male,True,taipei_city,zh_TW,0,0,0,0,1,1,0,0,0,0
277,570eb72e83a73509d0e02095,17,3.0,0.0,2.0,taiwanese,5.0,5.0,5.0,5.0,5.0,5.0,5.0,5.0,5.0,5.0,1.0,3.0,1.0,4.0,3.0,4.0,male,False,taichung_city,en,0,0,0,0,0,1,0,0,0,0
278,570eb73e83a73509d0e025f2,16,5.0,1.0,1.0,taiwanese,5.0,5.0,5.0,4.0,5.0,3.0,5.0,5.0,4.0,2.0,5.0,4.0,3.0,5.0,4.0,5.0,female,True,taipei_city,zh_TW,0,0,1,0,1,1,0,0,0,0
279,570eb73b83a73509d0e024e1,8,5.0,0.0,1.0,taiwanese,5.0,5.0,5.0,3.0,1.0,5.0,2.0,3.0,5.0,3.0,5.0,5.0,5.0,5.0,5.0,5.0,female,False,taipei_city,en,0,0,1,0,0,0,0,0,0,0
280,570eb76d83a73509d0e0359e,1,5.0,1.0,5.0,taiwanese,5.0,5.0,5.0,5.0,5.0,5.0,5.0,5.0,5.0,5.0,5.0,5.0,5.0,5.0,5.0,5.0,female,False,taipei_city,en,0,0,0,0,0,1,0,1,0,0
281,570eb7b883a73509d0e04cd2,16,5.0,0.0,5.0,taiwanese,5.0,5.0,5.0,5.0,5.0,5.0,5.0,5.0,5.0,5.0,5.0,5.0,5.0,5.0,5.0,5.0,male,False,taichung_city,en,0,1,1,1,1,1,1,1,1,0
282,570eb7b483a73509d0e04b9e,33,2.0,0.0,4.0,taiwanese,1.0,5.0,3.0,4.0,2.0,3.0,4.0,4.0,4.0,3.0,2.0,2.0,4.0,2.0,3.0,4.0,male,False,taipei_city,en,0,0,1,1,1,0,1,1,1,0
283,570eb73483a73509d0e02292,21,2.0,0.0,1.0,taiwanese,1.0,5.0,5.0,4.0,4.0,3.0,2.0,3.0,2.0,4.0,2.0,4.0,1.0,4.0,5.0,4.0,female,False,taipei_city,en,0,0,0,0,0,1,1,0,0,0
284,570eb75f83a73509d0e03115,12,5.0,0.0,4.0,taiwanese,1.0,5.0,5.0,5.0,5.0,3.0,1.0,1.0,5.0,3.0,1.0,5.0,1.0,5.0,2.0,5.0,female,True,taipei_city,en,0,0,0,0,0,0,1,0,0,0
285,570eb72b83a73509d0e01f76,40,5.0,0.0,5.0,indonesian,1.0,5.0,5.0,1.0,1.0,5.0,5.0,5.0,3.0,5.0,1.0,1.0,1.0,1.0,1.0,1.0,male,False,taipei_city,en,0,0,0,0,1,0,0,0,0,0
286,570eb76483a73509d0e03296,45,5.0,0.0,3.0,taiwanese,2.0,1.0,4.0,1.0,3.0,4.0,4.0,3.0,4.0,4.0,5.0,5.0,3.0,5.0,5.0,5.0,male,False,taipei_city,en,0,0,0,0,0,0,0,0,1,0
287,570eb75383a73509d0e02cbf,12,5.0,0.0,2.0,taiwanese,3.0,1.0,3.0,1.0,1.0,3.0,3.0,3.0,3.0,3.0,4.0,5.0,4.0,5.0,5.0,5.0,male,False,taipei_city,zh_TW,0,0,0,0,1,0,0,0,0,0
288,570eb79083a73509d0e040bc,31,4.0,0.0,4.0,taiwanese,4.0,1.0,5.0,2.0,4.0,2.0,4.0,1.0,4.0,1.0,4.0,3.0,4.0,2.0,4.0,3.0,female,True,taichung_city,zh_TW,0,0,0,0,1,1,1,0,0,0
289,570eb75c83a73509d0e03009,7,4.0,0.0,1.0,taiwanese,4.0,1.0,5.0,4.0,2.0,5.0,1.0,4.0,1.0,5.0,4.0,5.0,1.0,3.0,2.0,5.0,male,False,taipei_city,en,0,0,0,0,0,0,0,0,1,0
290,570eb74683a73509d0e028a1,9,4.0,0.0,1.0,taiwanese,5.0,1.0,4.0,5.0,5.0,3.0,2.0,3.0,1.0,5.0,5.0,5.0,1.0,5.0,5.0,5.0,male,False,taipei_city,en,0,0,0,0,0,1,0,0,0,0
291,570eb76a83a73509d0e03493,17,2.0,0.0,1.0,taiwanese,1.0,1.0,1.0,1.0,1.0,1.0,1.0,1.0,1.0,1.0,3.0,3.0,3.0,3.0,3.0,3.0,male,False,taichung_city,en,0,0,0,1,0,0,0,0,0,0
292,570eb78283a73509d0e03c78,5,3.0,0.0,1.0,american,1.0,1.0,1.0,1.0,1.0,1.0,1.0,1.0,1.0,1.0,1.0,3.0,1.0,3.0,3.0,3.0,male,False,taipei_city,en,0,0,0,0,0,0,0,0,1,0
293,570eb7a883a73509d0e047fa,10,4.0,0.0,2.0,taiwanese,1.0,1.0,1.0,2.0,5.0,3.0,1.0,3.0,2.0,4.0,5.0,4.0,1.0,5.0,3.0,5.0,female,False,taichung_city,en,0,0,0,0,0,0,1,0,0,0
294,570eb78583a73509d0e03d2c,21,5.0,0.0,4.0,taiwanese,1.0,1.0,4.0,5.0,3.0,3.0,3.0,3.0,1.0,4.0,2.0,4.0,4.0,5.0,4.0,4.0,female,False,taipei_city,en,0,0,0,0,0,1,1,1,0,0
295,570eb75283a73509d0e02c77,10,5.0,1.0,5.0,taiwanese,1.0,1.0,5.0,1.0,1.0,5.0,1.0,5.0,5.0,5.0,5.0,5.0,4.0,5.0,5.0,5.0,female,False,taichung_city,en,0,0,0,0,0,1,0,0,0,0
296,570eb76883a73509d0e033c5,10,5.0,0.0,5.0,taiwanese,1.0,1.0,5.0,1.0,1.0,5.0,1.0,5.0,5.0,5.0,5.0,5.0,4.0,5.0,5.0,5.0,female,False,taichung_city,zh_TW,0,0,0,0,0,1,0,0,0,0
297,570eb75d83a73509d0e03063,10,3.0,0.0,1.0,taiwanese,1.0,1.0,5.0,5.0,4.0,5.0,1.0,4.0,1.0,4.0,3.0,5.0,1.0,5.0,3.0,5.0,male,False,taipei_city,en,0,0,0,0,0,1,0,0,0,0
298,570eb71e83a73509d0e01b7e,6,5.0,0.0,3.0,taiwanese,1.0,1.0,4.0,1.0,4.0,4.0,4.0,2.0,4.0,4.0,5.0,5.0,2.0,5.0,5.0,5.0,female,False,taipei_city,en,0,0,0,0,0,0,0,0,1,0
299,570eb75a83a73509d0e02f2d,14,5.0,0.0,3.0,taiwanese,1.0,1.0,5.0,3.0,4.0,2.0,5.0,2.0,3.0,4.0,5.0,5.0,4.0,5.0,5.0,5.0,male,False,taipei_city,en,0,0,0,1,0,1,1,0,0,0
300,570eb77583a73509d0e0383c,6,5.0,1.0,1.0,taiwanese,1.0,1.0,5.0,5.0,5.0,1.0,5.0,5.0,5.0,4.0,1.0,5.0,1.0,5.0,5.0,5.0,female,False,taipei_city,en,0,0,0,0,0,1,0,0,0,0
301,570eb7b983a73509d0e04d3d,19,1.0,0.0,5.0,taiwanese,1.0,1.0,1.0,1.0,1.0,1.0,1.0,1.0,1.0,1.0,1.0,1.0,5.0,1.0,1.0,1.0,male,False,taipei_city,en,0,0,0,0,1,0,0,0,0,0
302,570eb7b083a73509d0e04a56,13,5.0,0.0,4.0,taiwanese,1.0,1.0,5.0,1.0,5.0,5.0,1.0,5.0,5.0,5.0,5.0,5.0,5.0,5.0,5.0,5.0,male,False,taichung_city,en,0,1,0,0,1,1,0,0,1,0
