,_id,metadata.location,answers.sex,answers.dob,answers.musical_background,answers.nationality,answers.visual_impairments,answers.musical_expertise,answers.hearing_impairments,answers.age,critical_reaction,control_chillsshiversthrills,control_activity,control_tension,control_familiarity,control_engagement,control_positivity,control_like_dislike,song_chillsshiversthrills,song_activity,song_tension,song_familiarity,song_engagement,song_positivity,song_like_dislike,control_transcendence,control_sadness,control_wonder,control_joyfulactivation,control_tenderness,control_peacefulness,control_nostalgia,control_power,song_transcendence,song_sadness,song_wonder,song_joyfulactivation,song_tenderness,song_peacefulness,song_nostalgia,song_power,metadata.language,answers.personality.trusting,answers.personality.artistic,answers.personality.imagination,answers.personality.reserved,answers.personality.outgoing,answers.personality.lazy,answers.personality.stress,answers.personality.nervous,answers.personality.fault,answers.personality.thorough,answers.concentration,song,answers.musicpref.world,answers.musicpref.hiphop,answers.musicpref.rock,answers.musicpref.pop,answers.musicpref.traditional_irish,answers.musicpref.dance,answers.musicpref.hip_hop,answers.musicpref.folk,answers.musicpref.none,answers.musicpref.classical,answers.musicpref.jazz
5410f69408ad6ee3090e3881,5410f69408ad6ee3090e3881,dublin,male,1970-01-01,,irish,,,True,41.0,False,,,,,,,,1.0,3.0,4.0,3.0,3.0,3.0,3.0,,,,,,,,,,,,,,,,,,,,,,,,,,,,,into_dust,0,0,1,1,0,0,0,0,0,0,0
5410f69408ad6ee3090e3886,5410f69408ad6ee3090e3886,dublin,male,1970-01-01,,irish,,,False,41.0,False,,,,,,,,3.0,4.0,3.0,1.0,4.0,4.0,3.0,,,,,,,,,,,,,,,,,,,,,,,,,,,,,into_dust,0,0,1,1,0,0,0,0,0,0,0
5410f69608ad6ee3090e38a4,5410f69608ad6ee3090e38a4,dublin,female,1990-01-01,,irish,,,False,21.0,False,,,,,,,,3.0,4.0,4.0,4.0,2.0,2.0,1.0,,,,,,,,,,,,,,,,,,,,,,,,,,,,,into_dust,0,0,0,1,0,0,0,0,0,1,0
5410f71408ad6ee3090e3aca,5410f71408ad6ee3090e3aca,dublin,male,1986-01-01,True,irish,,3,False,25.0,False,,,,,,,,,,1.0,,,,,,,,,,,,,3.0,3.0,4.0,2.0,3.0,4.0,4.0,3.0,,,,,,,,,,,,,into_dust,1,0,1,1,0,1,0,0,0,0,0
5410f7b408ad6ee3090e3d12,5410f7b408ad6ee3090e3d12,dublin,female,1990-01-01,,irish,,,False,21.0,False,,,,,,,,1.0,3.0,4.0,4.0,2.0,2.0,1.0,,,,,,,,,,,,,,,,,,,,,,,,,,,,,into_dust,0,0,0,1,0,0,1,0,0,0,0
5410f7b408ad6ee3090e3d19,5410f7b408ad6ee3090e3d19,dublin,female,1950-01-01,,other,,,False,61.0,False,,,,,,,,1.0,4.0,4.0,1.0,4.0,3.0,3.0,,,,,,,,,,,,,,,,,,,,,,,,,,,,,into_dust,0,0,1,1,0,1,0,0,0,0,1
5410f7b508ad6ee3090e3d2b,5410f7b508ad6ee3090e3d2b,dublin,male,1930-01-01,,irish,,,True,81.0,False,,,,,,,,1.0,3.0,4.0,1.0,3.0,3.0,3.0,,,,,,,,,,,,,,,,,,,,,,,,,,,,,into_dust,0,0,0,0,0,0,0,0,0,1,1
5410f7b608ad6ee3090e3d34,5410f7b608ad6ee3090e3d34,dublin,male,1980-01-01,,other,,,False,31.0,False,,,,,,,,3.0,3.0,2.0,2.0,4.0,4.0,3.0,,,,,,,,,,,,,,,,,,,,,,,,,,,,,into_dust,0,0,1,0,0,0,0,0,0,0,0
5410f7b608ad6ee3090e3d37,5410f7b608ad6ee3090e3d37,dublin,female,1990-01-01,,irish,,,False,21.0,True,,,,,,,,1.0,5.0,5.0,1.0,4.0,3.0,3.0,,,,,,,,,,,,,,,,,,,,,,,,,,,,,into_dust,1,0,1,1,0,0,1,0,0,1,1
5410f8d808ad6ee3090e410f,5410f8d808ad6ee3090e410f,dublin,male,1954-01-01,False,irish,,1,False,57.0,False,,,,,,,,,,1.0,,,,,,,,,,,,,4.0,4.0,4.0,1.0,5.0,5.0,4.0,4.0,,,,,,,,,,,,,into_dust,0,0,0,0,0,0,0,0,1,0,0
5410f8d908ad6ee3090e4117,5410f8d908ad6ee3090e4117,dublin,female,1986-01-01,False,irish,,3,False,25.0,False,,,,,,,,,,1.0,,,,,,,,,,,,,4.0,4.0,4.0,1.0,3.0,5.0,3.0,2.0,,,,,,,,,,,,,into_dust,0,0,1,1,0,0,0,0,0,0,0
5410f8da08ad6ee3090e4126,5410f8da08ad6ee3090e4126,dublin,male,1991-01-01,False,irish,,2,False,20.0,True,,,,,,,,,,1.0,,,,,,,,,,,,,4.0,4.0,3.0,2.0,4.0,4.0,2.0,4.0,,,,,,,,,,,,,into_dust,0,0,1,1,0,1,1,0,0,0,0
5410f8da08ad6ee3090e4134,5410f8da08ad6ee3090e4134,dublin,female,1970-01-01,False,irish,,1,False,41.0,False,,,,,,,,,,1.0,,,,,,,,,,,,,3.0,1.0,4.0,3.0,4.0,3.0,2.0,1.0,,,,,,,,,,,,,into_dust,0,0,0,1,0,0,0,0,0,0,0
5410f91208ad6ee3090e41cc,5410f91208ad6ee3090e41cc,dublin,male,1990-01-01,,other,,,False,21.0,True,,,,,,,,4.0,1.0,5.0,4.0,2.0,2.0,2.0,,,,,,,,,,,,,,,,,,,,,,,,,,,,,into_dust,1,0,1,1,0,1,1,0,0,1,0
5410f91308ad6ee3090e41ea,5410f91308ad6ee3090e41ea,dublin,male,1960-01-01,,irish,,,False,51.0,True,,,,,,,,1.0,5.0,5.0,1.0,1.0,1.0,1.0,,,,,,,,,,,,,,,,,,,,,,,,,,,,,into_dust,0,0,1,0,1,0,0,0,0,0,0
5410f93408ad6ee3090e426f,5410f93408ad6ee3090e426f,dublin,female,1968-01-01,False,irish,,3,False,43.0,False,,,,,,,,,,1.0,,,,,,,,,,,,,2.0,3.0,4.0,1.0,4.0,4.0,3.0,2.0,,,,,,,,,,,,,into_dust,0,0,1,1,1,1,0,0,0,1,1
5410f95308ad6ee3090e42c5,5410f95308ad6ee3090e42c5,dublin,male,1970-01-01,,irish,,,False,41.0,False,,,,,,,,2.0,2.0,4.0,1.0,3.0,3.0,4.0,,,,,,,,,,,,,,,,,,,,,,,,,,,,,into_dust,1,0,1,1,0,1,1,0,0,1,1
5410f95408ad6ee3090e42d1,5410f95408ad6ee3090e42d1,dublin,male,1970-01-01,,irish,,,False,41.0,False,,,,,,,,1.0,4.0,3.0,3.0,4.0,3.0,4.0,,,,,,,,,,,,,,,,,,,,,,,,,,,,,into_dust,0,0,1,0,0,1,0,0,0,0,0
5410f9f908ad6ee3090e4555,5410f9f908ad6ee3090e4555,dublin,female,1980-01-01,,irish,,,False,31.0,False,,,,,,,,3.0,4.0,4.0,1.0,2.0,4.0,3.0,,,,,,,,,,,,,,,,,,,,,,,,,,,,,into_dust,1,0,1,1,1,0,0,0,0,1,1
5410fa8808ad6ee3090e4771,5410fa8808ad6ee3090e4771,dublin,male,1977-01-01,False,irish,,2,False,34.0,False,,,,,,,,,,3.0,,,,,,,,,,,,,2.0,2.0,3.0,2.0,4.0,2.0,4.0,4.0,,,,,,,,,,,,,into_dust,0,0,1,1,1,1,0,0,0,0,0
5410fab008ad6ee3090e47ed,5410fab008ad6ee3090e47ed,dublin,male,1970-01-01,,irish,,,False,41.0,True,,,,,,,,1.0,4.0,3.0,1.0,3.0,3.0,2.0,,,,,,,,,,,,,,,,,,,,,,,,,,,,,into_dust,0,0,1,1,0,1,1,0,0,0,0
5410fab208ad6ee3090e4807,5410fab208ad6ee3090e4807,dublin,female,1980-01-01,,irish,,,False,31.0,True,,,,,,,,1.0,4.0,5.0,1.0,2.0,3.0,3.0,,,,,,,,,,,,,,,,,,,,,,,,,,,,,into_dust,0,0,1,1,0,1,0,0,0,0,0
5410fc0508ad6ee3090e4cf8,5410fc0508ad6ee3090e4cf8,dublin,male,2000-01-01,,irish,,,True,11.0,True,,,,,,,,1.0,1.0,3.0,3.0,1.0,2.0,1.0,,,,,,,,,,,,,,,,,,,,,,,,,,,,,into_dust,1,0,1,1,0,0,0,0,0,1,0
5410fc0608ad6ee3090e4d07,5410fc0608ad6ee3090e4d07,dublin,male,1960-01-01,,irish,,,False,51.0,False,,,,,,,,1.0,4.0,5.0,1.0,1.0,1.0,1.0,,,,,,,,,,,,,,,,,,,,,,,,,,,,,into_dust,1,0,1,0,1,0,0,0,0,0,1
5410fc0808ad6ee3090e4d27,5410fc0808ad6ee3090e4d27,dublin,male,2000-01-01,,irish,,,False,11.0,False,,,,,,,,1.0,1.0,5.0,1.0,1.0,1.0,1.0,,,,,,,,,,,,,,,,,,,,,,,,,,,,,into_dust,1,0,1,1,0,1,0,0,0,1,1
5410fc0908ad6ee3090e4d30,5410fc0908ad6ee3090e4d30,dublin,male,1940-01-01,,other,,,False,71.0,False,,,,,,,,1.0,4.0,4.0,3.0,2.0,2.0,2.0,,,,,,,,,,,,,,,,,,,,,,,,,,,,,into_dust,0,0,1,0,1,0,0,0,0,0,0
5410fc0908ad6ee3090e4d38,5410fc0908ad6ee3090e4d38,dublin,female,1990-01-01,,irish,,,False,21.0,False,,,,,,,,3.0,5.0,4.0,3.0,1.0,2.0,1.0,,,,,,,,,,,,,,,,,,,,,,,,,,,,,into_dust,0,0,1,0,0,0,0,0,0,0,0
5410fc0908ad6ee3090e4d3f,5410fc0908ad6ee3090e4d3f,dublin,female,1980-01-01,,other,,,False,31.0,False,,,,,,,,1.0,4.0,4.0,1.0,1.0,4.0,3.0,,,,,,,,,,,,,,,,,,,,,,,,,,,,,into_dust,0,0,1,0,0,0,0,0,0,0,0
5410fcb808ad6ee3090e4fb9,5410fcb808ad6ee3090e4fb9,dublin,male,2000-01-01,,irish,,,False,11.0,True,,,,,,,,2.0,4.0,4.0,1.0,2.0,3.0,4.0,,,,,,,,,,,,,,,,,,,,,,,,,,,,,into_dust,0,0,1,1,0,0,1,0,0,0,0
5410fcb908ad6ee3090e4fcb,5410fcb908ad6ee3090e4fcb,dublin,male,1980-01-01,,irish,,,False,31.0,False,,,,,,,,1.0,3.0,3.0,3.0,3.0,4.0,3.0,,,,,,,,,,,,,,,,,,,,,,,,,,,,,into_dust,0,0,1,0,1,1,1,0,0,1,0
5410fcb908ad6ee3090e4fcf,5410fcb908ad6ee3090e4fcf,dublin,female,1970-01-01,,irish,,,False,41.0,False,,,,,,,,4.0,5.0,3.0,1.0,3.0,4.0,1.0,,,,,,,,,,,,,,,,,,,,,,,,,,,,,into_dust,0,0,0,0,1,0,0,0,0,0,0
5410fd5d08ad6ee3090e5231,5410fd5d08ad6ee3090e5231,dublin,male,1970-01-01,,other,,,False,41.0,False,,,,,,,,1.0,5.0,5.0,4.0,1.0,2.0,2.0,,,,,,,,,,,,,,,,,,,,,,,,,,,,,into_dust,0,0,0,0,0,0,0,0,0,0,1
5410fd5d08ad6ee3090e5238,5410fd5d08ad6ee3090e5238,dublin,male,1970-01-01,,irish,,,True,41.0,False,,,,,,,,2.0,5.0,4.0,4.0,3.0,4.0,2.0,,,,,,,,,,,,,,,,,,,,,,,,,,,,,into_dust,1,0,1,0,0,0,0,0,0,1,0
5410fda408ad6ee3090e5333,5410fda408ad6ee3090e5333,dublin,female,1990-01-01,,other,,,False,21.0,False,,,,,,,,4.0,3.0,5.0,4.0,1.0,2.0,4.0,,,,,,,,,,,,,,,,,,,,,,,,,,,,,into_dust,0,0,0,1,0,0,0,0,0,0,0
5410fda508ad6ee3090e5341,5410fda508ad6ee3090e5341,dublin,female,1980-01-01,,irish,,,False,31.0,False,,,,,,,,1.0,4.0,5.0,1.0,2.0,2.0,2.0,,,,,,,,,,,,,,,,,,,,,,,,,,,,,into_dust,1,0,1,1,0,0,1,0,0,0,0
5410fda608ad6ee3090e5350,5410fda608ad6ee3090e5350,dublin,female,1980-01-01,,other,,,False,31.0,False,,,,,,,,3.0,3.0,4.0,1.0,2.0,3.0,1.0,,,,,,,,,,,,,,,,,,,,,,,,,,,,,into_dust,1,0,1,1,0,0,0,0,0,0,0
5410fda708ad6ee3090e5360,5410fda708ad6ee3090e5360,dublin,male,1970-01-01,,irish,,,False,41.0,True,,,,,,,,2.0,4.0,5.0,1.0,1.0,1.0,2.0,,,,,,,,,,,,,,,,,,,,,,,,,,,,,into_dust,0,0,1,1,0,1,1,0,0,0,0
5410fe3b08ad6ee3090e5585,5410fe3b08ad6ee3090e5585,dublin,male,1970-01-01,,irish,,,False,41.0,False,,,,,,,,2.0,4.0,4.0,1.0,4.0,3.0,4.0,,,,,,,,,,,,,,,,,,,,,,,,,,,,,into_dust,0,0,0,0,0,1,0,0,0,0,0
5410fe3c08ad6ee3090e55a0,5410fe3c08ad6ee3090e55a0,dublin,male,1950-01-01,,other,,,False,61.0,True,,,,,,,,1.0,3.0,4.0,1.0,4.0,3.0,3.0,,,,,,,,,,,,,,,,,,,,,,,,,,,,,into_dust,1,0,1,1,0,0,0,0,0,0,0
5410fea008ad6ee3090e571b,5410fea008ad6ee3090e571b,dublin,male,1972-01-01,False,other,,1,False,39.0,False,,,,,,,,,,1.0,,,,,,,,,,,,,3.0,3.0,3.0,1.0,4.0,3.0,4.0,2.0,,,,,,,,,,,,,into_dust,1,0,1,1,0,1,0,0,0,1,0
5410fec908ad6ee3090e579f,5410fec908ad6ee3090e579f,dublin,male,1990-01-01,,irish,,,False,21.0,True,,,,,,,,2.0,3.0,5.0,3.0,1.0,4.0,2.0,,,,,,,,,,,,,,,,,,,,,,,,,,,,,into_dust,0,0,1,0,0,0,0,0,0,1,1
5410fec908ad6ee3090e57aa,5410fec908ad6ee3090e57aa,dublin,male,1970-01-01,,other,,,False,41.0,False,,,,,,,,2.0,3.0,4.0,1.0,2.0,3.0,2.0,,,,,,,,,,,,,,,,,,,,,,,,,,,,,into_dust,1,0,1,0,0,0,0,0,0,0,0
5410ff2d08ad6ee3090e5949,5410ff2d08ad6ee3090e5949,dublin,male,1984-01-01,True,irish,,4,False,27.0,False,,,,,,,,,,1.0,,,,,,,,,,,,,4.0,5.0,5.0,1.0,4.0,4.0,4.0,4.0,,,,,,,,,,,,,into_dust,0,0,1,0,0,0,0,0,0,0,0
5410ff2d08ad6ee3090e594c,5410ff2d08ad6ee3090e594c,dublin,female,1991-01-01,False,other,,2,False,20.0,False,,,,,,,,,,1.0,,,,,,,,,,,,,5.0,2.0,4.0,1.0,5.0,5.0,5.0,4.0,,,,,,,,,,,,,into_dust,1,0,1,1,0,0,1,0,0,0,0
5410ffd808ad6ee3090e5b8c,5410ffd808ad6ee3090e5b8c,dublin,male,2000-01-01,True,irish,,3,False,11.0,True,,,,,,,,1.0,4.0,3.0,1.0,4.0,3.0,4.0,,,,,,,,,,,,,,,,,,,,,,,,,,,,,into_dust,0,0,1,0,0,0,0,0,0,0,0
5410ffd908ad6ee3090e5b98,5410ffd908ad6ee3090e5b98,dublin,male,1954-01-01,False,irish,,1,False,57.0,False,,,,,,,,1.0,3.0,3.0,3.0,5.0,4.0,3.0,,,,,,,,,,,,,,,,,,,,,,,,,,,,,into_dust,0,0,1,1,1,0,0,0,0,1,1
5410ffda08ad6ee3090e5bab,5410ffda08ad6ee3090e5bab,dublin,female,1986-01-01,False,other,,3,False,25.0,False,,,,,,,,1.0,4.0,4.0,1.0,4.0,3.0,4.0,,,,,,,,,,,,,,,,,,,,,,,,,,,,,into_dust,0,0,0,1,0,0,0,0,0,0,0
5411002b08ad6ee3090e5cf8,5411002b08ad6ee3090e5cf8,dublin,female,1986-01-01,False,other,,3,False,25.0,False,,,,,,,,,,1.0,,,,,,,,,,,,,5.0,2.0,3.0,3.0,4.0,5.0,3.0,5.0,,,,,,,,,,,,,into_dust,1,0,0,0,0,0,0,0,0,0,0
5411005f08ad6ee3090e5db0,5411005f08ad6ee3090e5db0,dublin,female,1982-01-01,False,irish,,1,False,29.0,False,,,,,,,,1.0,2.0,3.0,4.0,2.0,2.0,1.0,,,,,,,,,,,,,,,,,,,,,,,,,,,,,into_dust,0,0,1,1,0,1,0,0,0,0,0
5411005f08ad6ee3090e5db1,5411005f08ad6ee3090e5db1,dublin,female,1962-01-01,False,irish,,3,False,49.0,False,,,,,,,,1.0,4.0,4.0,3.0,3.0,3.0,4.0,,,,,,,,,,,,,,,,,,,,,,,,,,,,,into_dust,0,0,0,1,0,0,0,0,0,0,0
5411006008ad6ee3090e5dbc,5411006008ad6ee3090e5dbc,dublin,female,1984-01-01,True,other,,3,False,27.0,False,,,,,,,,1.0,4.0,3.0,1.0,2.0,3.0,4.0,,,,,,,,,,,,,,,,,,,,,,,,,,,,,into_dust,0,0,1,0,0,0,0,0,0,0,0
5411006008ad6ee3090e5dc0,5411006008ad6ee3090e5dc0,dublin,male,1961-01-01,False,other,,1,False,50.0,False,,,,,,,,1.0,2.0,3.0,2.0,3.0,2.0,3.0,,,,,,,,,,,,,,,,,,,,,,,,,,,,,into_dust,0,0,1,1,0,0,0,0,0,0,0
541100bc08ad6ee3090e5f2d,541100bc08ad6ee3090e5f2d,dublin,female,1986-01-01,False,other,,2,False,25.0,True,,,,,,,,,,2.0,,,,,,,,,,,,,2.0,5.0,3.0,2.0,4.0,5.0,2.0,3.0,,,,,,,,,,,,,into_dust,0,0,1,1,1,1,1,0,0,0,0
541100bc08ad6ee3090e5f35,541100bc08ad6ee3090e5f35,dublin,female,1955-01-01,False,irish,,2,False,56.0,False,,,,,,,,,,1.0,,,,,,,,,,,,,2.0,2.0,3.0,1.0,2.0,3.0,1.0,2.0,,,,,,,,,,,,,into_dust,1,0,0,1,1,0,0,0,0,1,1
541100f808ad6ee3090e5ff6,541100f808ad6ee3090e5ff6,dublin,male,1997-01-01,False,irish,,2,False,14.0,True,,,,,,,,3.0,4.0,5.0,2.0,1.0,1.0,1.0,,,,,,,,,,,,,,,,,,,,,,,,,,,,,into_dust,0,0,1,0,0,0,0,0,0,0,0
541100f908ad6ee3090e5fff,541100f908ad6ee3090e5fff,dublin,female,1997-01-01,True,irish,,3,False,14.0,False,,,,,,,,1.0,5.0,4.0,1.0,4.0,3.0,4.0,,,,,,,,,,,,,,,,,,,,,,,,,,,,,into_dust,0,0,1,0,0,0,0,0,0,0,0
5411015508ad6ee3090e615e,5411015508ad6ee3090e615e,dublin,male,1994-01-01,True,other,,3,False,17.0,True,,,,,,,,1.0,4.0,4.0,2.0,2.0,3.0,3.0,,,,,,,,,,,,,,,,,,,,,,,,,,,,,into_dust,0,0,1,1,0,0,0,0,0,0,0
5411015508ad6ee3090e6162,5411015508ad6ee3090e6162,dublin,female,1960-01-01,False,irish,,2,False,51.0,True,,,,,,,,1.0,4.0,3.0,1.0,2.0,2.0,3.0,,,,,,,,,,,,,,,,,,,,,,,,,,,,,into_dust,0,0,0,0,0,0,0,0,0,1,1
5411015708ad6ee3090e617c,5411015708ad6ee3090e617c,dublin,male,1974-01-01,False,irish,,3,False,37.0,False,,,,,,,,2.0,3.0,4.0,4.0,3.0,4.0,1.0,,,,,,,,,,,,,,,,,,,,,,,,,,,,,into_dust,1,0,1,1,0,1,0,0,0,0,0
541101b808ad6ee3090e62e4,541101b808ad6ee3090e62e4,dublin,female,1988-01-01,False,other,,3,False,23.0,False,,,,,,,,1.0,4.0,5.0,1.0,1.0,3.0,1.0,,,,,,,,,,,,,,,,,,,,,,,,,,,,,into_dust,1,0,1,1,0,1,1,0,0,1,0
541101b908ad6ee3090e62f7,541101b908ad6ee3090e62f7,dublin,female,1984-01-01,False,irish,,1,False,27.0,True,,,,,,,,3.0,4.0,5.0,3.0,2.0,3.0,2.0,,,,,,,,,,,,,,,,,,,,,,,,,,,,,into_dust,0,0,1,1,0,1,1,0,0,0,1
541101b908ad6ee3090e6300,541101b908ad6ee3090e6300,dublin,male,1956-01-01,True,irish,,3,False,55.0,False,,,,,,,,4.0,2.0,4.0,5.0,1.0,1.0,1.0,,,,,,,,,,,,,,,,,,,,,,,,,,,,,into_dust,1,0,1,0,1,0,0,0,0,1,1
5411020b08ad6ee3090e6433,5411020b08ad6ee3090e6433,dublin,female,1988-01-01,True,irish,,3,False,23.0,False,,,,,,,,,,,,,,,,,,,,,,,,,,,,,,,,,,,,,,,,,,,into_dust,0,0,1,0,0,0,0,0,0,0,0
5411020c08ad6ee3090e6446,5411020c08ad6ee3090e6446,dublin,female,1987-01-01,True,irish,,3,False,24.0,False,,,,,,,,,,,,,,,,,,,,,,,,,,,,,,,,,,,,,,,,,,,into_dust,0,0,1,1,0,1,0,0,0,0,0
5411022e08ad6ee3090e64bb,5411022e08ad6ee3090e64bb,dublin,male,1984-01-01,False,other,,3,False,27.0,False,,,,,,,,2.0,4.0,4.0,1.0,2.0,2.0,3.0,,,,,,,,,,,,,,,,,,,,,,,,,,,,,into_dust,1,0,1,1,0,0,1,0,0,0,1
5411024b08ad6ee3090e652c,5411024b08ad6ee3090e652c,dublin,male,1987-01-01,True,irish,,3,False,24.0,False,,,,,,,,,,,,,,,,,,,,,,,,,,,,,,,,,,,,,,,,,,,into_dust,0,0,1,0,0,0,1,0,0,1,0
541102ae08ad6ee3090e6643,541102ae08ad6ee3090e6643,dublin,female,1990-01-01,,irish,,,False,21.0,True,,,,,,,,1.0,4.0,4.0,3.0,2.0,2.0,3.0,,,,,,,,,,,,,,,,,,,,,,,,,,,,,into_dust,0,0,0,0,0,0,0,0,0,1,0
541102af08ad6ee3090e665f,541102af08ad6ee3090e665f,dublin,male,1990-01-01,,irish,,,False,21.0,False,,,,,,,,1.0,3.0,3.0,1.0,4.0,3.0,3.0,,,,,,,,,,,,,,,,,,,,,,,,,,,,,into_dust,0,0,1,1,0,0,0,0,0,0,0
541102b008ad6ee3090e666c,541102b008ad6ee3090e666c,dublin,male,1990-01-01,,irish,,,False,21.0,True,,,,,,,,5.0,4.0,2.0,2.0,3.0,4.0,3.0,,,,,,,,,,,,,,,,,,,,,,,,,,,,,into_dust,0,0,1,0,0,0,0,0,0,0,0
541102b108ad6ee3090e6675,541102b108ad6ee3090e6675,dublin,female,1960-01-01,,irish,,,False,51.0,False,,,,,,,,1.0,4.0,4.0,3.0,2.0,1.0,2.0,,,,,,,,,,,,,,,,,,,,,,,,,,,,,into_dust,1,0,0,1,1,0,0,0,0,1,1
541102b108ad6ee3090e667d,541102b108ad6ee3090e667d,dublin,male,1980-01-01,,other,,,False,31.0,False,,,,,,,,1.0,4.0,5.0,3.0,3.0,3.0,3.0,,,,,,,,,,,,,,,,,,,,,,,,,,,,,into_dust,0,0,1,1,0,0,0,0,0,0,0
5411030f08ad6ee3090e67cf,5411030f08ad6ee3090e67cf,dublin,male,1984-01-01,False,irish,,1,False,27.0,False,,,,,,,,1.0,4.0,4.0,3.0,2.0,4.0,4.0,,,,,,,,,,,,,,,,,,,,,,,,,,,,,into_dust,0,0,1,1,0,0,0,0,0,0,0
5411030f08ad6ee3090e67d7,5411030f08ad6ee3090e67d7,dublin,female,1995-01-01,True,other,,3,True,16.0,False,,,,,,,,1.0,3.0,5.0,2.0,1.0,2.0,1.0,,,,,,,,,,,,,,,,,,,,,,,,,,,,,into_dust,0,0,0,1,0,0,0,0,0,1,0
5411031108ad6ee3090e67f3,5411031108ad6ee3090e67f3,dublin,female,1999-01-01,True,irish,,2,False,12.0,False,,,,,,,,3.0,1.0,4.0,4.0,1.0,2.0,2.0,,,,,,,,,,,,,,,,,,,,,,,,,,,,,into_dust,0,0,0,1,0,0,0,0,0,0,0
5411036108ad6ee3090e68e7,5411036108ad6ee3090e68e7,dublin,male,1950-01-01,,irish,,,False,61.0,False,,,,,,,,2.0,3.0,4.0,1.0,3.0,3.0,3.0,,,,,,,,,,,,,,,,,,,,,,,,,,,,,into_dust,0,0,0,0,1,0,0,0,0,1,1
5411036308ad6ee3090e68ff,5411036308ad6ee3090e68ff,dublin,male,1980-01-01,,irish,,,False,31.0,True,,,,,,,,1.0,4.0,4.0,1.0,4.0,4.0,4.0,,,,,,,,,,,,,,,,,,,,,,,,,,,,,into_dust,1,0,1,0,0,0,0,0,0,1,1
541103aa08ad6ee3090e69d4,541103aa08ad6ee3090e69d4,dublin,female,1979-01-01,True,irish,,2,False,32.0,True,,,,,,,,,,,,,,,,,,,,,,,,,,,,,,,,,,,,,,,,,,,into_dust,1,0,1,1,0,1,1,0,0,0,1
541103ac08ad6ee3090e69fb,541103ac08ad6ee3090e69fb,dublin,female,1972-01-01,False,other,,3,False,39.0,False,,,,,,,,,,,,,,,,,,,,,,,,,,,,,,,,,,,,,,,,,,,into_dust,0,0,0,0,0,0,0,0,0,0,1
541103ad08ad6ee3090e6a03,541103ad08ad6ee3090e6a03,dublin,male,1996-01-01,False,irish,,3,False,15.0,False,,,,,,,,,,,,,,,,,,,,,,,,,,,,,,,,,,,,,,,,,,,into_dust,0,0,0,1,0,0,0,0,0,0,0
541103ae08ad6ee3090e6a0f,541103ae08ad6ee3090e6a0f,dublin,female,1982-01-01,False,other,,3,False,29.0,True,,,,,,,,,,,,,,,,,,,,,,,,,,,,,,,,,,,,,,,,,,,into_dust,1,0,1,1,0,1,1,0,0,0,0
541103e208ad6ee3090e6ac5,541103e208ad6ee3090e6ac5,dublin,female,2002-01-01,True,irish,,2,False,9.0,False,,,,,,,,1.0,5.0,5.0,1.0,4.0,2.0,4.0,,,,,,,,,,,,,,,,,,,,,,,,,,,,,into_dust,0,0,0,1,0,1,0,0,0,0,0
5411041008ad6ee3090e6b57,5411041008ad6ee3090e6b57,dublin,male,1980-01-01,,other,,,False,31.0,False,,,,,,,,1.0,4.0,4.0,1.0,3.0,2.0,3.0,,,,,,,,,,,,,,,,,,,,,,,,,,,,,into_dust,0,0,0,0,0,0,1,0,0,0,0
5411041308ad6ee3090e6b77,5411041308ad6ee3090e6b77,dublin,male,1980-01-01,,other,,,False,31.0,True,,,,,,,,2.0,4.0,2.0,4.0,1.0,4.0,1.0,,,,,,,,,,,,,,,,,,,,,,,,,,,,,into_dust,1,0,1,1,0,0,1,0,0,1,0
5411047508ad6ee3090e6cbd,5411047508ad6ee3090e6cbd,dublin,male,1998-01-01,False,irish,,1,False,13.0,False,,,,,,,,2.0,3.0,5.0,4.0,2.0,2.0,2.0,,,,,,,,,,,,,,,,,,,,,,,,,,,,,into_dust,0,0,0,1,0,0,0,0,0,0,0
5411047608ad6ee3090e6cc9,5411047608ad6ee3090e6cc9,dublin,male,1998-01-01,False,other,,3,False,13.0,True,,,,,,,,2.0,5.0,2.0,2.0,5.0,3.0,4.0,,,,,,,,,,,,,,,,,,,,,,,,,,,,,into_dust,0,0,1,0,0,0,0,0,0,0,0
5411047808ad6ee3090e6cdf,5411047808ad6ee3090e6cdf,dublin,male,1988-01-01,True,other,,4,False,23.0,False,,,,,,,,1.0,4.0,5.0,3.0,3.0,3.0,3.0,,,,,,,,,,,,,,,,,,,,,,,,,,,,,into_dust,1,0,0,1,0,0,0,0,0,1,0
5411049008ad6ee3090e6d3e,5411049008ad6ee3090e6d3e,dublin,female,1981-01-01,False,irish,,1,False,30.0,False,,,,,,,,,,,,,,,,,,,,,,,,,,,,,,,,,,,,,,,,,,,into_dust,1,0,1,1,0,0,1,0,0,0,0
541104c108ad6ee3090e6de3,541104c108ad6ee3090e6de3,dublin,male,1957-01-01,True,irish,,2,False,54.0,False,,,,,,,,1.0,5.0,2.0,1.0,5.0,5.0,5.0,,,,,,,,,,,,,,,,,,,,,,,,,,,,,into_dust,0,0,1,0,0,0,0,0,0,0,0
541104c208ad6ee3090e6ded,541104c208ad6ee3090e6ded,dublin,male,1985-01-01,False,other,,2,False,26.0,False,,,,,,,,1.0,4.0,5.0,1.0,2.0,3.0,4.0,,,,,,,,,,,,,,,,,,,,,,,,,,,,,into_dust,0,0,1,0,0,0,0,0,0,1,0
541104c308ad6ee3090e6dfb,541104c308ad6ee3090e6dfb,dublin,male,1987-01-01,True,irish,,3,False,24.0,False,,,,,,,,1.0,4.0,4.0,1.0,3.0,3.0,2.0,,,,,,,,,,,,,,,,,,,,,,,,,,,,,into_dust,0,0,1,1,0,0,0,0,0,0,0
5411051808ad6ee3090e6f1f,5411051808ad6ee3090e6f1f,dublin,female,1970-01-01,,irish,,,False,41.0,False,,,,,,,,1.0,2.0,5.0,3.0,1.0,1.0,1.0,,,,,,,,,,,,,,,,,,,,,,,,,,,,,into_dust,0,0,1,0,0,0,0,0,0,0,0
5411051908ad6ee3090e6f34,5411051908ad6ee3090e6f34,dublin,male,1990-01-01,,other,,,False,21.0,True,,,,,,,,1.0,5.0,5.0,1.0,2.0,4.0,2.0,,,,,,,,,,,,,,,,,,,,,,,,,,,,,into_dust,0,0,1,0,0,0,1,0,0,0,0
5411054d08ad6ee3090e6fe5,5411054d08ad6ee3090e6fe5,dublin,female,1981-01-01,True,irish,,2,False,30.0,True,,,,,,,,2.0,3.0,4.0,2.0,2.0,2.0,2.0,,,,,,,,,,,,,,,,,,,,,,,,,,,,,into_dust,1,0,1,1,1,1,0,0,0,1,0
5411054d08ad6ee3090e6fed,5411054d08ad6ee3090e6fed,dublin,female,1960-01-01,True,irish,,4,False,51.0,True,,,,,,,,3.0,1.0,4.0,1.0,1.0,1.0,2.0,,,,,,,,,,,,,,,,,,,,,,,,,,,,,into_dust,1,0,0,0,1,0,0,0,0,1,1
5411054e08ad6ee3090e6ff3,5411054e08ad6ee3090e6ff3,dublin,male,1948-01-01,False,irish,,2,False,63.0,False,,,,,,,,1.0,4.0,4.0,3.0,3.0,3.0,2.0,,,,,,,,,,,,,,,,,,,,,,,,,,,,,into_dust,0,0,0,0,1,1,0,0,0,1,0
5411059908ad6ee3090e70e7,5411059908ad6ee3090e70e7,dublin,female,1970-01-01,,irish,,,False,41.0,False,,,,,,,,2.0,4.0,2.0,5.0,2.0,4.0,2.0,,,,,,,,,,,,,,,,,,,,,,,,,,,,,into_dust,0,0,1,1,1,1,0,0,0,1,1
5411059908ad6ee3090e70f4,5411059908ad6ee3090e70f4,dublin,female,1990-01-01,,irish,,,False,21.0,False,,,,,,,,1.0,5.0,5.0,3.0,3.0,3.0,3.0,,,,,,,,,,,,,,,,,,,,,,,,,,,,,into_dust,0,0,0,0,0,0,1,0,0,0,0
5411059a08ad6ee3090e70fb,5411059a08ad6ee3090e70fb,dublin,female,1980-01-01,,irish,,,False,31.0,True,,,,,,,,5.0,3.0,5.0,5.0,1.0,4.0,1.0,,,,,,,,,,,,,,,,,,,,,,,,,,,,,into_dust,0,0,1,0,0,1,0,0,0,1,0
5411059b08ad6ee3090e7107,5411059b08ad6ee3090e7107,dublin,male,1990-01-01,,irish,,,False,21.0,False,,,,,,,,2.0,3.0,4.0,1.0,2.0,3.0,2.0,,,,,,,,,,,,,,,,,,,,,,,,,,,,,into_dust,0,0,1,0,0,0,0,0,0,0,0
541105bb08ad6ee3090e7184,541105bb08ad6ee3090e7184,dublin,male,1979-01-01,True,irish,,4,False,32.0,True,,,,,,,,,,,,,,,,,,,,,,,,,,,,,,,,,,,,,,,,,,,into_dust,1,0,1,1,0,1,1,0,0,0,0
541105bc08ad6ee3090e7197,541105bc08ad6ee3090e7197,dublin,female,1986-01-01,False,irish,,3,False,25.0,False,,,,,,,,,,,,,,,,,,,,,,,,,,,,,,,,,,,,,,,,,,,into_dust,0,0,0,0,0,1,0,0,0,0,0
541105e008ad6ee3090e720f,541105e008ad6ee3090e720f,dublin,male,1999-01-01,False,irish,,2,False,12.0,False,,,,,,,,1.0,5.0,3.0,1.0,3.0,3.0,3.0,,,,,,,,,,,,,,,,,,,,,,,,,,,,,into_dust,0,0,1,0,0,0,0,0,0,0,0
541105e008ad6ee3090e7218,541105e008ad6ee3090e7218,dublin,male,1990-01-01,False,irish,,2,False,21.0,False,,,,,,,,2.0,2.0,2.0,3.0,2.0,2.0,3.0,,,,,,,,,,,,,,,,,,,,,,,,,,,,,into_dust,0,0,1,0,0,0,0,0,0,0,0
5411061e08ad6ee3090e72f0,5411061e08ad6ee3090e72f0,dublin,male,1990-01-01,,irish,,,False,21.0,True,,,,,,,,1.0,3.0,4.0,3.0,3.0,2.0,2.0,,,,,,,,,,,,,,,,,,,,,,,,,,,,,into_dust,0,0,1,0,0,0,0,0,0,0,0
5411061f08ad6ee3090e72ff,5411061f08ad6ee3090e72ff,dublin,male,1990-01-01,,irish,,,False,21.0,True,,,,,,,,1.0,2.0,4.0,4.0,3.0,1.0,2.0,,,,,,,,,,,,,,,,,,,,,,,,,,,,,into_dust,0,0,1,1,0,1,1,0,0,0,0
5411061f08ad6ee3090e7302,5411061f08ad6ee3090e7302,dublin,male,1994-01-01,,other,,,False,17.0,False,,,,,,,,3.0,3.0,3.0,2.0,3.0,2.0,4.0,,,,,,,,,,,,,,,,,,,,,,,,,,,,,into_dust,0,0,1,0,0,0,1,0,0,0,1
5411062008ad6ee3090e730c,5411062008ad6ee3090e730c,dublin,female,1980-01-01,,other,,,False,31.0,True,,,,,,,,2.0,3.0,4.0,3.0,2.0,2.0,1.0,,,,,,,,,,,,,,,,,,,,,,,,,,,,,into_dust,1,0,1,1,0,1,0,0,0,0,0
541106b808ad6ee3090e7540,541106b808ad6ee3090e7540,dublin,male,1980-01-01,,irish,,,False,31.0,False,,,,,,,,2.0,2.0,3.0,3.0,2.0,2.0,2.0,,,,,,,,,,,,,,,,,,,,,,,,,,,,,into_dust,1,0,1,1,1,1,1,0,0,1,0
5411072208ad6ee3090e767f,5411072208ad6ee3090e767f,dublin,female,1960-01-01,True,other,,2,False,51.0,True,,,,,,,,,,1.0,,,,,,,,,,,,,1.0,3.0,2.0,2.0,2.0,3.0,3.0,2.0,,,,,,,,,,,,,into_dust,0,0,0,0,0,0,0,0,0,1,0
5411076d08ad6ee3090e7777,5411076d08ad6ee3090e7777,dublin,female,1970-01-01,,other,,,False,41.0,False,,,,,,,,4.0,4.0,3.0,1.0,2.0,1.0,2.0,,,,,,,,,,,,,,,,,,,,,,,,,,,,,into_dust,0,0,0,1,0,1,0,0,0,1,0
5411076e08ad6ee3090e7782,5411076e08ad6ee3090e7782,dublin,male,1960-01-01,,irish,,,False,51.0,False,,,,,,,,4.0,2.0,4.0,4.0,1.0,1.0,1.0,,,,,,,,,,,,,,,,,,,,,,,,,,,,,into_dust,1,0,1,0,0,1,1,0,0,1,0
5411076e08ad6ee3090e7785,5411076e08ad6ee3090e7785,dublin,male,1980-01-01,,other,,,False,31.0,False,,,,,,,,1.0,3.0,4.0,2.0,4.0,3.0,3.0,,,,,,,,,,,,,,,,,,,,,,,,,,,,,into_dust,1,0,1,1,0,0,0,0,0,0,1
570eb7be83a73509d0e04ebf,570eb7be83a73509d0e04ebf,taipei_city,female,,,taiwanese,,4,False,21.0,False,,1,1,-1,4,1,1,,3.0,5.0,1.0,5.0,4.0,5.0,,,,,,,,4,,,,,,,,3.0,en,5.0,1.0,5.0,2.0,4.0,4.0,2.0,4.0,4.0,3.0,5.0,into_dust,0,0,1,1,0,0,0,0,0,1,0
570eb73683a73509d0e0232b,570eb73683a73509d0e0232b,taipei_city,female,,,taiwanese,,2,False,22.0,False,,2,3,-1,2,3,2,,5.0,4.0,1.0,4.0,4.0,4.0,,,,,,,,3,,,,,,,,3.0,en,4.0,2.0,3.0,2.0,4.0,4.0,2.0,2.0,3.0,2.0,3.0,into_dust,0,0,0,1,0,0,0,0,0,1,0
570eb74a83a73509d0e029f0,570eb74a83a73509d0e029f0,taichung_city,female,,,taiwanese,,3,False,27.0,True,,2,3,-1,2,3,2,,3.0,4.0,1.0,4.0,4.0,4.0,,,,,,,,4,,,,,,,,3.0,en,4.0,2.0,4.0,4.0,3.0,4.0,2.0,5.0,2.0,3.0,4.0,into_dust,1,0,1,0,0,0,0,0,0,1,1
570eb72083a73509d0e01c23,570eb72083a73509d0e01c23,taipei_city,female,,,taiwanese,,1,False,6.0,False,,3,4,-1,2,4,4,,3.0,5.0,1.0,4.0,5.0,5.0,,,,,,,,3,,,,,,,,3.0,en,4.0,3.0,3.0,3.0,3.0,3.0,3.0,3.0,3.0,3.0,4.0,into_dust,0,0,0,0,0,1,0,0,0,0,0
570eb75d83a73509d0e03054,570eb75d83a73509d0e03054,taipei_city,male,,,taiwanese,,3,False,51.0,True,,1,4,-1,4,4,4,,5.0,5.0,4.0,5.0,5.0,5.0,,,,,,,,4,,,,,,,,5.0,en,4.0,5.0,5.0,5.0,4.0,3.0,3.0,2.0,3.0,2.0,5.0,into_dust,0,0,0,0,0,0,0,1,0,0,0
570eb78883a73509d0e03dec,570eb78883a73509d0e03dec,taichung_city,male,,,taiwanese,,2,False,16.0,False,,1,2,-1,2,2,1,,4.0,5.0,1.0,4.0,4.0,5.0,,,,,,,,2,,,,,,,,5.0,en,5.0,1.0,4.0,4.0,2.0,2.0,2.0,5.0,2.0,1.0,4.0,into_dust,0,0,0,1,0,0,0,0,0,1,1
570eb72683a73509d0e01e23,570eb72683a73509d0e01e23,taichung_city,male,,,taiwanese,,2,False,21.0,False,,3,2,-1,4,3,3,,4.0,5.0,1.0,5.0,5.0,5.0,,,,,,,,4,,,,,,,,4.0,en,4.0,1.0,5.0,4.0,3.0,4.0,5.0,4.0,4.0,4.0,4.0,into_dust,0,0,0,1,0,0,0,0,0,0,0
570eb72f83a73509d0e02110,570eb72f83a73509d0e02110,taichung_city,female,,,taiwanese,,4,False,28.0,False,,2,2,-1,2,3,3,,3.0,4.0,1.0,4.0,4.0,4.0,,,,,,,,2,,,,,,,,1.0,en,3.0,1.0,3.0,3.0,3.0,4.0,2.0,4.0,4.0,3.0,4.0,into_dust,0,0,0,1,0,0,0,0,0,0,0
570eb73e83a73509d0e025f1,570eb73e83a73509d0e025f1,taipei_city,female,,,taiwanese,,3,False,20.0,True,,2,3,-1,2,4,3,,4.0,5.0,1.0,5.0,4.0,5.0,,,,,,,,4,,,,,,,,5.0,en,4.0,1.0,4.0,4.0,5.0,4.0,2.0,5.0,4.0,4.0,4.0,into_dust,0,0,0,1,0,0,0,0,0,1,0
570eb74183a73509d0e026af,570eb74183a73509d0e026af,taipei_city,male,,,taiwanese,,2,False,14.0,False,,3,3,-1,2,3,2,,3.0,4.0,1.0,4.0,4.0,4.0,,,,,,,,5,,,,,,,,2.0,zh_TW,3.0,4.0,2.0,2.0,3.0,4.0,3.0,2.0,4.0,2.0,4.0,into_dust,0,0,0,1,0,0,0,0,0,0,0
570eb74983a73509d0e0295d,570eb74983a73509d0e0295d,taipei_city,male,,,taiwanese,,1,False,25.0,True,,3,3,-1,4,2,1,,3.0,4.0,1.0,5.0,4.0,4.0,,,,,,,,3,,,,,,,,2.0,en,4.0,2.0,5.0,4.0,3.0,4.0,3.0,5.0,4.0,3.0,4.0,into_dust,0,0,1,1,0,0,0,1,0,0,1
570eb78383a73509d0e03cac,570eb78383a73509d0e03cac,taichung_city,male,,,taiwanese,,3,False,19.0,False,,3,2,-1,2,4,3,,2.0,5.0,4.0,4.0,4.0,5.0,,,,,,,,3,,,,,,,,4.0,en,3.0,4.0,4.0,2.0,3.0,4.0,3.0,3.0,4.0,4.0,4.0,into_dust,0,0,0,1,0,0,0,0,0,0,0
570eb74e83a73509d0e02b17,570eb74e83a73509d0e02b17,taipei_city,female,,,taiwanese,,4,False,26.0,False,,3,3,-1,5,5,3,,3.0,3.0,1.0,3.0,3.0,3.0,,,,,,,,3,,,,,,,,3.0,en,3.0,1.0,5.0,2.0,5.0,5.0,5.0,3.0,3.0,2.0,5.0,into_dust,0,0,1,1,0,1,0,0,0,1,1
570eb73083a73509d0e0211a,570eb73083a73509d0e0211a,taipei_city,female,,,taiwanese,,2,False,19.0,True,,3,3,-1,4,4,4,,3.0,3.0,1.0,2.0,3.0,4.0,,,,,,,,3,,,,,,,,3.0,en,5.0,3.0,4.0,4.0,4.0,5.0,4.0,4.0,2.0,2.0,3.0,into_dust,0,0,0,1,0,0,0,0,0,0,0
570eb7af83a73509d0e049d0,570eb7af83a73509d0e049d0,taipei_city,male,,,taiwanese,,3,False,15.0,False,,3,3,-1,3,3,3,,3.0,5.0,1.0,3.0,3.0,3.0,,,,,,,,3,,,,,,,,3.0,en,3.0,4.0,5.0,3.0,3.0,4.0,3.0,3.0,3.0,3.0,5.0,into_dust,0,0,1,1,0,0,0,0,0,0,0
570eb74c83a73509d0e02a83,570eb74c83a73509d0e02a83,taipei_city,male,,,taiwanese,,3,False,20.0,True,,4,2,-1,2,3,2,,1.0,5.0,3.0,5.0,3.0,4.0,,,,,,,,5,,,,,,,,1.0,en,4.0,4.0,4.0,2.0,4.0,2.0,5.0,3.0,2.0,2.0,4.0,into_dust,0,1,1,1,0,0,0,0,0,0,0
570eb7c183a73509d0e04fc1,570eb7c183a73509d0e04fc1,taipei_city,male,,,taiwanese,,3,False,41.0,True,,2,3,-1,1,3,1,,3.0,3.0,1.0,4.0,4.0,4.0,,,,,,,,3,,,,,,,,1.0,en,4.0,2.0,4.0,4.0,2.0,4.0,3.0,4.0,3.0,4.0,2.0,into_dust,0,0,1,1,0,1,0,0,0,1,1
570eb79d83a73509d0e04486,570eb79d83a73509d0e04486,taipei_city,male,,,taiwanese,,5,False,10.0,True,,1,5,-1,5,5,4,,1.0,5.0,4.0,5.0,5.0,5.0,,,,,,,,4,,,,,,,,2.0,zh_TW,5.0,1.0,4.0,5.0,3.0,1.0,5.0,1.0,1.0,5.0,5.0,into_dust,0,0,1,0,0,0,0,0,0,0,0
570eb77283a73509d0e0376f,570eb77283a73509d0e0376f,taipei_city,female,,,taiwanese,,1,False,25.0,False,,3,3,-1,2,4,3,,4.0,4.0,4.0,4.0,4.0,5.0,,,,,,,,1,,,,,,,,3.0,zh_TW,3.0,2.0,4.0,4.0,2.0,2.0,2.0,4.0,4.0,4.0,3.0,into_dust,0,0,0,1,0,0,0,0,0,0,1
570eb71e83a73509d0e01b6e,570eb71e83a73509d0e01b6e,taipei_city,female,,,taiwanese,,2,False,29.0,False,,2,3,-1,2,4,3,,3.0,4.0,1.0,4.0,4.0,4.0,,,,,,,,4,,,,,,,,4.0,zh_TW,4.0,1.0,4.0,4.0,4.0,2.0,2.0,5.0,2.0,4.0,2.0,into_dust,0,0,1,1,0,0,0,0,0,0,0
570eb74483a73509d0e027e5,570eb74483a73509d0e027e5,taipei_city,female,,,taiwanese,,1,False,40.0,False,,2,3,-1,2,4,2,,3.0,4.0,5.0,5.0,5.0,5.0,,,,,,,,2,,,,,,,,3.0,en,3.0,3.0,4.0,5.0,5.0,5.0,4.0,4.0,2.0,3.0,2.0,into_dust,0,0,0,1,0,0,0,0,0,0,0
570eb76a83a73509d0e0347c,570eb76a83a73509d0e0347c,taipei_city,male,,,taiwanese,,4,True,27.0,False,,2,4,-1,3,3,3,,3.0,4.0,4.0,2.0,4.0,4.0,,,,,,,,3,,,,,,,,2.0,en,4.0,2.0,4.0,4.0,3.0,4.0,4.0,3.0,3.0,3.0,4.0,into_dust,0,1,1,1,0,1,0,0,0,0,0
570eb73983a73509d0e02454,570eb73983a73509d0e02454,taipei_city,male,,,taiwanese,,4,False,42.0,False,,2,2,-1,1,1,3,,4.0,4.0,1.0,5.0,5.0,4.0,,,,,,,,1,,,,,,,,4.0,en,1.0,1.0,5.0,1.0,1.0,1.0,1.0,5.0,5.0,5.0,3.0,into_dust,0,0,0,1,0,0,0,0,0,0,0
570eb72b83a73509d0e01f73,570eb72b83a73509d0e01f73,taichung_city,male,,,chinese,,1,False,21.0,True,,3,3,-1,4,4,4,,3.0,3.0,1.0,4.0,2.0,4.0,,,,,,,,4,,,,,,,,4.0,en,5.0,4.0,2.0,4.0,2.0,4.0,4.0,5.0,4.0,4.0,4.0,into_dust,0,0,1,1,0,0,0,0,0,0,0
570eb7a683a73509d0e0472b,570eb7a683a73509d0e0472b,taipei_city,female,,,taiwanese,,2,False,26.0,False,,3,3,-1,4,4,4,,4.0,4.0,4.0,5.0,4.0,5.0,,,,,,,,2,,,,,,,,4.0,en,4.0,2.0,3.0,4.0,2.0,5.0,2.0,5.0,4.0,4.0,4.0,into_dust,0,0,0,1,0,0,0,0,0,0,0
570eb73983a73509d0e02417,570eb73983a73509d0e02417,taipei_city,male,,,taiwanese,,2,False,25.0,True,,1,3,-1,3,2,2,,2.0,5.0,1.0,5.0,4.0,5.0,,,,,,,,4,,,,,,,,2.0,en,3.0,2.0,5.0,4.0,2.0,5.0,4.0,5.0,4.0,4.0,4.0,into_dust,0,1,0,1,0,0,0,0,0,0,1
570eb75683a73509d0e02dc7,570eb75683a73509d0e02dc7,taipei_city,male,,,taiwanese,,2,False,50.0,False,,3,2,-1,3,3,2,,3.0,4.0,2.0,4.0,4.0,4.0,,,,,,,,4,,,,,,,,3.0,en,4.0,2.0,4.0,3.0,4.0,4.0,4.0,4.0,4.0,4.0,4.0,into_dust,0,0,0,1,0,0,0,0,0,1,1
570eb7aa83a73509d0e04892,570eb7aa83a73509d0e04892,taipei_city,male,,,taiwanese,,3,False,15.0,False,,2,2,-1,3,2,3,,3.0,4.0,1.0,4.0,4.0,4.0,,,,,,,,2,,,,,,,,4.0,en,4.0,2.0,5.0,3.0,4.0,4.0,3.0,5.0,4.0,3.0,4.0,into_dust,0,0,0,1,0,0,0,0,0,0,0
570eb72e83a73509d0e020b7,570eb72e83a73509d0e020b7,taipei_city,male,,,taiwanese,,1,False,13.0,False,,3,5,-1,4,5,5,,4.0,4.0,1.0,5.0,5.0,5.0,,,,,,,,2,,,,,,,,5.0,en,5.0,4.0,2.0,2.0,2.0,5.0,5.0,2.0,5.0,4.0,4.0,into_dust,0,0,0,1,0,0,0,0,0,0,0
570eb7b883a73509d0e04d15,570eb7b883a73509d0e04d15,taipei_city,male,,,taiwanese,,4,True,20.0,True,,3,3,-1,4,3,2,,4.0,5.0,1.0,5.0,5.0,5.0,,,,,,,,5,,,,,,,,1.0,en,5.0,1.0,5.0,2.0,5.0,4.0,5.0,2.0,1.0,2.0,5.0,into_dust,0,0,0,1,0,0,0,0,0,0,0
570eb72683a73509d0e01e07,570eb72683a73509d0e01e07,taipei_city,male,,,taiwanese,,5,False,11.0,False,,5,1,-1,1,1,1,,1.0,5.0,1.0,5.0,5.0,5.0,,,,,,,,1,,,,,,,,5.0,zh_TW,1.0,5.0,5.0,5.0,1.0,1.0,1.0,5.0,3.0,5.0,1.0,into_dust,0,0,0,1,0,0,0,0,0,0,0
570eb74983a73509d0e0298f,570eb74983a73509d0e0298f,taipei_city,male,,,taiwanese,,1,False,6.0,False,,3,3,-1,4,3,1,,2.0,5.0,3.0,5.0,4.0,5.0,,,,,,,,1,,,,,,,,2.0,en,4.0,3.0,4.0,1.0,4.0,4.0,2.0,2.0,4.0,2.0,5.0,into_dust,0,0,0,1,0,0,0,0,0,0,0
570eb76e83a73509d0e035eb,570eb76e83a73509d0e035eb,taipei_city,male,,,taiwanese,,1,False,20.0,False,,3,4,-1,4,4,4,,2.0,4.0,1.0,4.0,3.0,2.0,,,,,,,,2,,,,,,,,4.0,en,4.0,1.0,4.0,2.0,4.0,2.0,2.0,5.0,4.0,5.0,4.0,into_dust,0,0,1,1,0,0,0,0,0,0,0
570eb75b83a73509d0e02fae,570eb75b83a73509d0e02fae,taichung_city,male,,,taiwanese,,4,False,20.0,False,,3,4,-1,3,3,4,,2.0,5.0,1.0,4.0,3.0,5.0,,,,,,,,5,,,,,,,,2.0,en,4.0,4.0,4.0,2.0,4.0,4.0,4.0,3.0,3.0,3.0,4.0,into_dust,0,1,1,1,0,1,0,0,0,0,0
570eb71e83a73509d0e01b6f,570eb71e83a73509d0e01b6f,taipei_city,female,,,taiwanese,,4,False,29.0,False,,2,4,-1,2,4,4,,2.0,4.0,4.0,5.0,5.0,5.0,,,,,,,,2,,,,,,,,3.0,zh_TW,4.0,2.0,4.0,2.0,4.0,4.0,2.0,5.0,4.0,4.0,5.0,into_dust,0,0,1,1,0,0,0,0,0,1,1
570eb77983a73509d0e039a7,570eb77983a73509d0e039a7,taipei_city,female,,,taiwanese,,2,False,30.0,False,,2,4,-1,2,2,2,,3.0,3.0,1.0,3.0,2.0,3.0,,,,,,,,3,,,,,,,,3.0,en,4.0,2.0,4.0,2.0,3.0,4.0,2.0,5.0,1.0,2.0,2.0,into_dust,0,0,0,1,0,0,0,0,0,0,0
570eb74a83a73509d0e029c4,570eb74a83a73509d0e029c4,taichung_city,male,,,taiwanese,,2,False,12.0,False,,4,4,-1,4,3,5,,4.0,5.0,1.0,4.0,5.0,5.0,,,,,,,,2,,,,,,,,2.0,en,4.0,3.0,5.0,4.0,3.0,4.0,2.0,5.0,4.0,2.0,4.0,into_dust,0,0,0,1,0,0,0,0,0,0,0
570eb74783a73509d0e028b2,570eb74783a73509d0e028b2,taipei_city,female,,,taiwanese,,3,False,17.0,True,,3,4,-1,2,4,4,,2.0,5.0,1.0,4.0,4.0,5.0,,,,,,,,4,,,,,,,,2.0,en,4.0,5.0,4.0,4.0,2.0,5.0,2.0,5.0,4.0,1.0,2.0,into_dust,0,0,0,1,0,0,0,0,0,0,0
570eb78883a73509d0e03e35,570eb78883a73509d0e03e35,taipei_city,male,,,taiwanese,,3,False,9.0,False,,4,4,-1,5,5,5,,5.0,5.0,4.0,5.0,5.0,5.0,,,,,,,,5,,,,,,,,5.0,en,5.0,1.0,5.0,1.0,5.0,1.0,5.0,5.0,1.0,4.0,4.0,into_dust,0,0,0,0,0,0,0,0,0,1,0
570eb7c083a73509d0e04fa0,570eb7c083a73509d0e04fa0,taipei_city,male,,,taiwanese,,2,False,24.0,True,,2,4,-1,2,3,3,,3.0,4.0,1.0,4.0,4.0,4.0,,,,,,,,2,,,,,,,,3.0,en,3.0,2.0,2.0,4.0,2.0,4.0,3.0,4.0,4.0,4.0,3.0,into_dust,0,1,1,1,0,0,0,0,0,0,0
570eb75883a73509d0e02e8f,570eb75883a73509d0e02e8f,taichung_city,male,,,taiwanese,,3,False,29.0,True,,2,2,-1,2,2,1,,4.0,4.0,3.0,5.0,5.0,5.0,,,,,,,,4,,,,,,,,5.0,en,2.0,2.0,3.0,4.0,3.0,2.0,2.0,5.0,4.0,5.0,2.0,into_dust,0,0,0,1,0,0,0,0,0,1,0
570eb77a83a73509d0e039dc,570eb77a83a73509d0e039dc,taipei_city,male,,,taiwanese,,2,False,30.0,True,,5,4,-1,3,4,4,,5.0,4.0,2.0,4.0,5.0,5.0,,,,,,,,4,,,,,,,,4.0,en,4.0,3.0,2.0,4.0,4.0,4.0,3.0,4.0,4.0,2.0,3.0,into_dust,0,0,0,1,0,0,0,0,0,0,0
570eb78d83a73509d0e03faf,570eb78d83a73509d0e03faf,taipei_city,female,,,taiwanese,,2,False,23.0,False,,2,3,-1,2,3,3,,3.0,4.0,1.0,4.0,4.0,4.0,,,,,,,,3,,,,,,,,3.0,zh_TW,4.0,1.0,3.0,4.0,2.0,5.0,1.0,5.0,3.0,2.0,2.0,into_dust,0,0,0,0,0,0,0,1,0,0,0
570eb77783a73509d0e038c8,570eb77783a73509d0e038c8,taipei_city,female,,,taiwanese,,1,False,40.0,False,,1,3,-1,2,1,1,,4.0,4.0,4.0,5.0,4.0,5.0,,,,,,,,1,,,,,,,,4.0,en,4.0,2.0,4.0,3.0,3.0,4.0,2.0,4.0,4.0,4.0,4.0,into_dust,0,0,0,0,0,0,0,1,0,0,0
570eb7a983a73509d0e04847,570eb7a983a73509d0e04847,taipei_city,male,,,taiwanese,,3,False,14.0,False,,2,4,-1,5,4,5,,4.0,4.0,1.0,4.0,5.0,4.0,,,,,,,,2,,,,,,,,3.0,en,4.0,2.0,4.0,2.0,4.0,3.0,2.0,4.0,3.0,3.0,5.0,into_dust,0,0,0,1,0,0,0,0,0,0,0
570eb7b883a73509d0e04cda,570eb7b883a73509d0e04cda,taichung_city,male,,,taiwanese,,3,False,28.0,False,,2,2,-1,3,2,1,,2.0,5.0,1.0,5.0,4.0,5.0,,,,,,,,2,,,,,,,,1.0,en,4.0,1.0,4.0,4.0,4.0,4.0,1.0,3.0,3.0,2.0,5.0,into_dust,0,0,0,1,0,0,0,0,0,0,0
570eb75b83a73509d0e02fa6,570eb75b83a73509d0e02fa6,taipei_city,female,,,taiwanese,,4,False,19.0,False,,3,4,-1,5,4,5,,2.0,4.0,4.0,3.0,3.0,4.0,,,,,,,,1,,,,,,,,3.0,en,4.0,1.0,2.0,4.0,2.0,4.0,2.0,5.0,4.0,4.0,4.0,into_dust,0,0,0,1,0,0,0,0,0,1,0
570eb77883a73509d0e03941,570eb77883a73509d0e03941,taichung_city,female,,,taiwanese,,2,False,73.0,True,,3,4,-1,3,3,2,,5.0,5.0,1.0,5.0,4.0,5.0,,,,,,,,4,,,,,,,,5.0,en,4.0,2.0,3.0,4.0,2.0,1.0,2.0,4.0,3.0,4.0,4.0,into_dust,1,0,0,0,0,0,0,1,0,1,0
570eb75c83a73509d0e02fd7,570eb75c83a73509d0e02fd7,taipei_city,male,,,taiwanese,,1,False,50.0,False,,3,5,-1,2,3,1,,1.0,5.0,1.0,5.0,5.0,5.0,,,,,,,,3,,,,,,,,5.0,zh_TW,5.0,4.0,2.0,4.0,3.0,4.0,4.0,4.0,4.0,5.0,5.0,into_dust,0,0,0,0,0,0,0,0,0,1,0
570eb74f83a73509d0e02b87,570eb74f83a73509d0e02b87,taipei_city,female,,,taiwanese,,1,False,19.0,True,,3,2,-1,4,2,3,,4.0,4.0,1.0,5.0,5.0,5.0,,,,,,,,4,,,,,,,,4.0,en,4.0,4.0,4.0,5.0,1.0,5.0,4.0,4.0,1.0,2.0,4.0,into_dust,1,0,1,1,0,0,0,1,0,1,0
570eb76583a73509d0e032c0,570eb76583a73509d0e032c0,taipei_city,male,,,taiwanese,,5,False,13.0,False,,5,5,-1,5,5,5,,5.0,5.0,1.0,5.0,5.0,5.0,,,,,,,,5,,,,,,,,5.0,en,5.0,1.0,5.0,2.0,5.0,1.0,5.0,2.0,4.0,4.0,5.0,into_dust,0,0,0,1,0,0,0,0,0,1,1
570eb7b583a73509d0e04bf5,570eb7b583a73509d0e04bf5,taipei_city,female,,,taiwanese,,2,False,17.0,False,,2,3,-1,1,4,3,,3.0,3.0,1.0,4.0,4.0,4.0,,,,,,,,3,,,,,,,,3.0,en,4.0,1.0,5.0,4.0,2.0,4.0,2.0,4.0,3.0,3.0,3.0,into_dust,0,0,0,1,0,0,0,0,0,1,1
570eb79b83a73509d0e04402,570eb79b83a73509d0e04402,taipei_city,female,,,taiwanese,,4,False,36.0,False,,2,3,-1,2,2,2,,3.0,4.0,1.0,3.0,3.0,5.0,,,,,,,,2,,,,,,,,2.0,en,4.0,1.0,3.0,5.0,1.0,3.0,3.0,3.0,2.0,2.0,2.0,into_dust,0,0,0,0,0,0,0,0,0,1,0
570eb77383a73509d0e037a2,570eb77383a73509d0e037a2,taipei_city,female,,,taiwanese,,1,False,28.0,False,,2,4,-1,3,3,4,,5.0,5.0,1.0,5.0,5.0,5.0,,,,,,,,3,,,,,,,,5.0,zh_TW,5.0,4.0,2.0,2.0,4.0,4.0,2.0,2.0,5.0,4.0,5.0,into_dust,0,0,0,1,0,0,0,0,0,0,0
570eb78f83a73509d0e04076,570eb78f83a73509d0e04076,taichung_city,female,,,taiwanese,,2,False,37.0,True,,3,3,-1,2,3,3,,3.0,4.0,1.0,2.0,3.0,4.0,,,,,,,,5,,,,,,,,5.0,en,4.0,4.0,4.0,4.0,2.0,5.0,2.0,5.0,4.0,2.0,2.0,into_dust,0,0,0,1,0,0,0,0,0,0,0
570eb7a883a73509d0e04829,570eb7a883a73509d0e04829,taichung_city,female,,,taiwanese,,3,False,22.0,False,,2,3,-1,3,3,2,,3.0,4.0,1.0,4.0,3.0,3.0,,,,,,,,2,,,,,,,,3.0,en,4.0,2.0,4.0,3.0,3.0,4.0,3.0,3.0,2.0,3.0,2.0,into_dust,0,0,0,1,0,0,0,0,0,0,0
570eb78a83a73509d0e03eb9,570eb78a83a73509d0e03eb9,taipei_city,female,,,taiwanese,,2,False,13.0,False,,1,5,-1,5,5,5,,1.0,5.0,1.0,5.0,5.0,5.0,,,,,,,,1,,,,,,,,1.0,en,5.0,1.0,5.0,5.0,3.0,5.0,5.0,5.0,5.0,5.0,4.0,into_dust,1,0,0,1,0,0,0,0,0,1,1
570eb76c83a73509d0e03564,570eb76c83a73509d0e03564,taipei_city,female,,,taiwanese,,4,False,14.0,False,,1,1,-1,2,1,1,,3.0,5.0,1.0,5.0,5.0,5.0,,,,,,,,1,,,,,,,,5.0,en,2.0,1.0,2.0,2.0,4.0,2.0,4.0,2.0,2.0,4.0,5.0,into_dust,0,0,0,0,0,0,0,0,0,1,0
570eb73083a73509d0e02147,570eb73083a73509d0e02147,taipei_city,male,,,taiwanese,,3,False,36.0,False,,4,5,-1,3,4,5,,3.0,5.0,5.0,5.0,4.0,5.0,,,,,,,,4,,,,,,,,4.0,zh_TW,4.0,1.0,4.0,4.0,4.0,4.0,3.0,4.0,3.0,4.0,5.0,into_dust,0,0,0,1,0,0,0,0,0,0,0
570eb76483a73509d0e0327e,570eb76483a73509d0e0327e,taichung_city,female,,,taiwanese,,4,False,29.0,False,,2,4,-1,4,3,3,,2.0,4.0,1.0,5.0,3.0,4.0,,,,,,,,4,,,,,,,,3.0,en,4.0,1.0,4.0,4.0,2.0,5.0,3.0,4.0,3.0,2.0,5.0,into_dust,0,0,1,1,0,0,0,0,0,0,0
570eb7a583a73509d0e04727,570eb7a583a73509d0e04727,taipei_city,male,,,taiwanese,,4,False,11.0,False,,4,1,-1,5,4,5,,5.0,5.0,2.0,5.0,5.0,5.0,,,,,,,,3,,,,,,,,5.0,zh_TW,2.0,1.0,5.0,3.0,5.0,3.0,2.0,2.0,1.0,2.0,5.0,into_dust,1,0,0,0,0,0,0,0,0,0,0
570eb76f83a73509d0e0364a,570eb76f83a73509d0e0364a,taipei_city,female,,,american,,2,False,18.0,True,,3,3,-1,3,3,3,,4.0,4.0,1.0,5.0,3.0,5.0,,,,,,,,4,,,,,,,,4.0,zh_TW,4.0,1.0,5.0,4.0,5.0,4.0,2.0,5.0,4.0,3.0,4.0,into_dust,0,1,0,1,0,1,0,0,0,0,0
570eb73783a73509d0e02393,570eb73783a73509d0e02393,taichung_city,male,,,taiwanese,,3,False,19.0,False,,3,2,-1,3,4,4,,3.0,4.0,2.0,4.0,4.0,4.0,,,,,,,,3,,,,,,,,3.0,en,4.0,2.0,3.0,4.0,3.0,4.0,3.0,5.0,4.0,2.0,3.0,into_dust,0,0,1,1,0,0,0,0,0,1,0
570eb7b283a73509d0e04ade,570eb7b283a73509d0e04ade,taipei_city,male,,,taiwanese,,3,False,29.0,False,,1,2,-1,2,2,1,,2.0,3.0,3.0,4.0,4.0,4.0,,,,,,,,5,,,,,,,,3.0,en,3.0,2.0,4.0,4.0,3.0,3.0,3.0,4.0,4.0,3.0,5.0,into_dust,1,0,0,1,0,0,0,0,0,1,0
570eb73283a73509d0e021ec,570eb73283a73509d0e021ec,taipei_city,male,,,taiwanese,,1,False,14.0,True,,3,4,-1,3,3,3,,4.0,3.0,1.0,4.0,4.0,4.0,,,,,,,,3,,,,,,,,2.0,en,4.0,3.0,4.0,4.0,2.0,5.0,2.0,5.0,3.0,2.0,4.0,into_dust,0,0,0,1,0,0,0,1,0,1,0
570eb79d83a73509d0e04494,570eb79d83a73509d0e04494,taipei_city,male,,,chinese,,2,False,16.0,False,,2,4,-1,3,4,2,,3.0,4.0,2.0,4.0,4.0,4.0,,,,,,,,3,,,,,,,,3.0,en,4.0,4.0,3.0,4.0,4.0,5.0,3.0,4.0,4.0,2.0,2.0,into_dust,0,0,1,1,0,0,0,1,0,0,0
570eb7ba83a73509d0e04daf,570eb7ba83a73509d0e04daf,taipei_city,female,,,taiwanese,,3,False,17.0,True,,4,4,-1,4,4,5,,3.0,5.0,1.0,5.0,3.0,5.0,,,,,,,,3,,,,,,,,4.0,en,4.0,1.0,4.0,3.0,5.0,2.0,4.0,4.0,4.0,4.0,5.0,into_dust,0,0,0,1,0,1,0,0,0,0,0
570eb79483a73509d0e041b3,570eb79483a73509d0e041b3,taipei_city,female,,,taiwanese,,3,False,19.0,False,,3,3,-1,2,2,2,,4.0,4.0,4.0,4.0,4.0,4.0,,,,,,,,4,,,,,,,,4.0,zh_TW,4.0,1.0,2.0,5.0,1.0,4.0,2.0,4.0,2.0,2.0,4.0,into_dust,0,0,0,1,0,0,0,0,0,1,0
570eb77e83a73509d0e03b28,570eb77e83a73509d0e03b28,taipei_city,male,,,taiwanese,,3,False,18.0,False,,1,2,-1,2,2,1,,4.0,5.0,2.0,5.0,4.0,5.0,,,,,,,,1,,,,,,,,1.0,zh_TW,5.0,2.0,5.0,3.0,1.0,5.0,1.0,5.0,5.0,2.0,4.0,into_dust,0,1,1,1,0,0,0,0,0,0,0
570eb78283a73509d0e03c50,570eb78283a73509d0e03c50,taichung_city,female,,,taiwanese,,5,False,11.0,False,,5,5,-1,5,5,5,,5.0,5.0,5.0,5.0,5.0,5.0,,,,,,,,5,,,,,,,,5.0,zh_TW,5.0,5.0,5.0,5.0,5.0,5.0,5.0,5.0,5.0,5.0,5.0,into_dust,0,0,0,1,0,0,0,0,0,0,0
570eb79e83a73509d0e044de,570eb79e83a73509d0e044de,taipei_city,male,,,taiwanese,,1,False,27.0,False,,2,3,-1,2,3,3,,3.0,4.0,4.0,4.0,2.0,3.0,,,,,,,,5,,,,,,,,3.0,en,2.0,1.0,4.0,3.0,2.0,4.0,2.0,4.0,4.0,4.0,3.0,into_dust,0,0,1,0,0,0,0,0,0,0,0
570eb74083a73509d0e0265c,570eb74083a73509d0e0265c,taichung_city,female,,,taiwanese,,1,False,28.0,True,,2,5,-1,1,2,1,,4.0,5.0,1.0,4.0,4.0,5.0,,,,,,,,2,,,,,,,,4.0,en,4.0,3.0,3.0,4.0,3.0,4.0,4.0,3.0,3.0,3.0,4.0,into_dust,0,0,0,1,0,0,0,0,0,0,0
570eb78a83a73509d0e03e9c,570eb78a83a73509d0e03e9c,taipei_city,male,,,taiwanese,,3,False,19.0,False,,2,2,-1,3,2,2,,3.0,4.0,1.0,4.0,4.0,3.0,,,,,,,,2,,,,,,,,3.0,zh_TW,4.0,2.0,3.0,4.0,3.0,5.0,4.0,3.0,4.0,2.0,4.0,into_dust,0,0,0,1,0,0,0,0,0,0,0
570eb72383a73509d0e01d0f,570eb72383a73509d0e01d0f,taipei_city,male,,,taiwanese,,1,False,10.0,False,,3,3,-1,2,4,3,,1.0,5.0,1.0,5.0,3.0,5.0,,,,,,,,2,,,,,,,,2.0,en,4.0,4.0,2.0,3.0,3.0,2.0,2.0,4.0,1.0,4.0,5.0,into_dust,0,0,0,1,0,0,0,0,0,0,0
570eb74683a73509d0e02899,570eb74683a73509d0e02899,taipei_city,male,,,taiwanese,,2,False,15.0,True,,2,5,-1,4,2,3,,4.0,5.0,1.0,5.0,4.0,5.0,,,,,,,,3,,,,,,,,4.0,en,4.0,2.0,4.0,2.0,4.0,4.0,5.0,4.0,3.0,3.0,5.0,into_dust,0,0,0,1,0,0,0,0,0,0,0
570eb74283a73509d0e0271d,570eb74283a73509d0e0271d,taipei_city,female,,,taiwanese,,2,False,9.0,False,,5,5,-1,5,5,5,,1.0,5.0,1.0,5.0,5.0,5.0,,,,,,,,2,,,,,,,,5.0,en,5.0,1.0,5.0,5.0,3.0,1.0,5.0,5.0,1.0,3.0,5.0,into_dust,0,0,0,1,0,0,0,0,0,0,0
570eb75383a73509d0e02cdd,570eb75383a73509d0e02cdd,taipei_city,female,,,taiwanese,,2,False,9.0,False,,3,4,-1,3,3,4,,3.0,5.0,2.0,5.0,3.0,5.0,,,,,,,,3,,,,,,,,3.0,en,3.0,3.0,3.0,3.0,3.0,3.0,3.0,3.0,3.0,3.0,4.0,into_dust,0,0,0,1,0,0,0,0,0,0,0
570eb79e83a73509d0e04513,570eb79e83a73509d0e04513,taipei_city,female,,,taiwanese,,2,False,14.0,True,,4,5,-1,5,4,5,,3.0,5.0,4.0,5.0,4.0,5.0,,,,,,,,4,,,,,,,,5.0,en,5.0,1.0,4.0,4.0,2.0,4.0,5.0,1.0,2.0,2.0,5.0,into_dust,0,0,0,0,0,0,0,0,0,1,0
570eb75a83a73509d0e02f55,570eb75a83a73509d0e02f55,taichung_city,female,,,taiwanese,,2,False,21.0,False,,4,5,-1,4,4,5,,2.0,5.0,3.0,5.0,5.0,5.0,,,,,,,,3,,,,,,,,1.0,en,5.0,1.0,3.0,4.0,2.0,3.0,2.0,5.0,2.0,3.0,4.0,into_dust,0,0,0,1,0,0,0,0,0,0,0
570eb75683a73509d0e02ddd,570eb75683a73509d0e02ddd,taichung_city,male,,,namibian,,1,False,5.0,True,,2,2,-1,2,3,1,,5.0,5.0,5.0,5.0,5.0,5.0,,,,,,,,5,,,,,,,,1.0,en,3.0,3.0,4.0,3.0,3.0,3.0,3.0,3.0,3.0,3.0,5.0,into_dust,0,0,0,0,0,0,0,1,0,1,0
570eb78183a73509d0e03c0b,570eb78183a73509d0e03c0b,taipei_city,female,,,taiwanese,,3,False,25.0,False,,4,4,-1,3,4,2,,4.0,5.0,3.0,5.0,5.0,5.0,,,,,,,,3,,,,,,,,4.0,zh_TW,3.0,3.0,3.0,3.0,3.0,3.0,3.0,3.0,3.0,3.0,3.0,into_dust,0,0,0,1,0,0,0,0,0,0,0
570eb77c83a73509d0e03a6b,570eb77c83a73509d0e03a6b,taipei_city,male,,,taiwanese,,4,False,11.0,False,,3,5,-1,2,4,2,,4.0,5.0,1.0,5.0,5.0,5.0,,,,,,,,1,,,,,,,,5.0,en,5.0,5.0,5.0,5.0,5.0,5.0,5.0,5.0,5.0,5.0,5.0,into_dust,0,0,0,1,0,0,0,0,0,0,0
570eb79683a73509d0e0424d,570eb79683a73509d0e0424d,taipei_city,male,,,taiwanese,,3,False,52.0,False,,2,4,-1,4,4,4,,2.0,4.0,1.0,4.0,3.0,4.0,,,,,,,,2,,,,,,,,3.0,en,4.0,2.0,4.0,2.0,3.0,2.0,2.0,4.0,3.0,3.0,4.0,into_dust,1,0,0,1,0,0,0,0,0,0,1
570eb7a983a73509d0e04838,570eb7a983a73509d0e04838,taipei_city,female,,,taiwanese,,3,False,15.0,False,,3,5,-1,3,3,4,,4.0,5.0,4.0,4.0,4.0,5.0,,,,,,,,4,,,,,,,,4.0,zh_TW,5.0,2.0,4.0,3.0,4.0,3.0,5.0,3.0,2.0,5.0,5.0,into_dust,1,1,1,1,0,0,0,0,0,0,0
570eb78783a73509d0e03de4,570eb78783a73509d0e03de4,taipei_city,male,,,taiwanese,,1,True,121.0,False,,1,1,-1,3,3,1,,1.0,1.0,1.0,3.0,3.0,1.0,,,,,,,,5,,,,,,,,5.0,en,1.0,1.0,1.0,1.0,1.0,1.0,1.0,1.0,1.0,1.0,1.0,into_dust,0,0,0,0,0,0,0,0,0,0,0
570eb74b83a73509d0e02a0f,570eb74b83a73509d0e02a0f,taipei_city,female,,,taiwanese,,2,False,21.0,False,,4,3,-1,4,3,3,,4.0,5.0,1.0,5.0,4.0,5.0,,,,,,,,2,,,,,,,,1.0,en,3.0,3.0,3.0,2.0,2.0,3.0,2.0,4.0,4.0,3.0,5.0,into_dust,0,0,0,1,0,0,0,0,0,1,0
570eb73483a73509d0e022be,570eb73483a73509d0e022be,taipei_city,female,,,taiwanese,,3,False,18.0,False,,3,4,-1,3,3,3,,2.0,5.0,1.0,4.0,4.0,5.0,,,,,,,,4,,,,,,,,2.0,en,4.0,1.0,4.0,3.0,4.0,4.0,2.0,4.0,4.0,3.0,4.0,into_dust,0,0,0,1,0,0,0,0,0,1,1
570eb7af83a73509d0e04a12,570eb7af83a73509d0e04a12,taipei_city,female,,,taiwanese,,2,False,19.0,False,,2,4,-1,3,4,4,,2.0,5.0,1.0,3.0,4.0,5.0,,,,,,,,1,,,,,,,,1.0,en,3.0,2.0,3.0,4.0,3.0,5.0,2.0,4.0,4.0,3.0,4.0,into_dust,0,0,0,1,0,0,0,0,0,0,0
570eb7af83a73509d0e049d4,570eb7af83a73509d0e049d4,taichung_city,male,,,taiwanese,,1,False,17.0,False,,2,4,-1,2,3,3,,3.0,3.0,2.0,3.0,3.0,3.0,,,,,,,,4,,,,,,,,2.0,en,3.0,3.0,4.0,2.0,3.0,5.0,2.0,3.0,4.0,4.0,2.0,into_dust,0,0,1,1,0,0,0,0,0,0,0
570eb73883a73509d0e023dc,570eb73883a73509d0e023dc,taipei_city,male,,,taiwanese,,3,False,13.0,False,,3,5,-1,4,3,3,,3.0,5.0,1.0,5.0,4.0,4.0,,,,,,,,3,,,,,,,,4.0,en,4.0,1.0,5.0,2.0,3.0,3.0,3.0,2.0,3.0,3.0,4.0,into_dust,0,0,0,0,0,0,0,0,0,1,0
570eb74283a73509d0e0275d,570eb74283a73509d0e0275d,taipei_city,male,,,taiwanese,,2,False,10.0,False,,1,2,-1,2,1,1,,5.0,5.0,2.0,5.0,5.0,4.0,,,,,,,,2,,,,,,,,5.0,zh_TW,4.0,4.0,5.0,3.0,2.0,4.0,3.0,4.0,2.0,3.0,4.0,into_dust,0,0,1,1,0,0,0,0,0,1,0
570eb74d83a73509d0e02acd,570eb74d83a73509d0e02acd,taipei_city,male,,,taiwanese,,1,False,40.0,False,,3,4,-1,2,2,1,,2.0,4.0,1.0,4.0,4.0,4.0,,,,,,,,4,,,,,,,,4.0,zh_TW,3.0,3.0,4.0,3.0,3.0,2.0,3.0,4.0,3.0,4.0,4.0,into_dust,1,0,1,1,0,1,0,0,0,1,1
570eb73b83a73509d0e024d3,570eb73b83a73509d0e024d3,taipei_city,female,,,taiwanese,,3,False,42.0,True,,3,3,-1,3,4,2,,2.0,4.0,1.0,4.0,5.0,5.0,,,,,,,,2,,,,,,,,1.0,en,4.0,2.0,4.0,4.0,2.0,2.0,4.0,4.0,2.0,3.0,4.0,into_dust,0,0,0,1,0,0,0,0,0,0,0
570eb71d83a73509d0e01b58,570eb71d83a73509d0e01b58,taichung_city,female,,,taiwanese,,3,False,23.0,True,,3,5,-1,4,4,4,,3.0,5.0,1.0,5.0,4.0,5.0,,,,,,,,4,,,,,,,,4.0,en,5.0,1.0,4.0,3.0,3.0,4.0,4.0,5.0,2.0,4.0,5.0,into_dust,0,0,0,1,0,0,0,0,0,0,1
570eb77183a73509d0e03720,570eb77183a73509d0e03720,taipei_city,female,,,taiwanese,,2,False,15.0,True,,2,2,-1,2,2,2,,4.0,4.0,4.0,4.0,4.0,5.0,,,,,,,,3,,,,,,,,4.0,en,2.0,3.0,2.0,2.0,2.0,5.0,4.0,3.0,2.0,2.0,3.0,into_dust,0,0,0,1,0,0,0,0,0,0,0
570eb72283a73509d0e01c94,570eb72283a73509d0e01c94,taipei_city,female,,,taiwanese,,3,False,11.0,False,,2,3,-1,2,3,3,,3.0,4.0,1.0,5.0,4.0,5.0,,,,,,,,4,,,,,,,,4.0,en,4.0,5.0,4.0,3.0,4.0,3.0,4.0,3.0,3.0,3.0,4.0,into_dust,0,0,0,1,0,0,0,0,0,0,0
570eb77383a73509d0e037c7,570eb77383a73509d0e037c7,taipei_city,female,,,taiwanese,,2,False,19.0,False,,3,3,-1,2,3,2,,4.0,4.0,1.0,3.0,4.0,3.0,,,,,,,,4,,,,,,,,4.0,en,3.0,3.0,4.0,2.0,3.0,4.0,2.0,4.0,3.0,3.0,3.0,into_dust,0,0,0,1,0,1,0,0,0,0,0
570eb73e83a73509d0e025e5,570eb73e83a73509d0e025e5,taipei_city,male,,,taiwanese,,5,False,9.0,False,,5,5,-1,1,5,5,,1.0,5.0,1.0,1.0,3.0,3.0,,,,,,,,5,,,,,,,,1.0,en,5.0,5.0,5.0,5.0,5.0,5.0,5.0,5.0,5.0,5.0,1.0,into_dust,0,0,1,0,0,0,0,0,0,0,0
570eb7be83a73509d0e04eda,570eb7be83a73509d0e04eda,taichung_city,female,,,taiwanese,,2,False,20.0,False,,2,3,-1,1,4,3,,3.0,4.0,1.0,4.0,4.0,4.0,,,,,,,,4,,,,,,,,4.0,en,4.0,2.0,5.0,2.0,3.0,5.0,4.0,3.0,3.0,3.0,3.0,into_dust,0,0,0,1,0,0,0,0,0,0,0
570eb75783a73509d0e02e2f,570eb75783a73509d0e02e2f,taichung_city,female,,,taiwanese,,3,False,18.0,False,,3,4,-1,4,4,4,,2.0,4.0,1.0,4.0,2.0,4.0,,,,,,,,3,,,,,,,,3.0,en,4.0,2.0,3.0,4.0,2.0,3.0,2.0,4.0,4.0,4.0,4.0,into_dust,0,0,1,1,0,0,0,0,0,0,0
570eb77983a73509d0e03979,570eb77983a73509d0e03979,taipei_city,female,,,taiwanese,,3,False,16.0,False,,3,3,-1,2,3,3,,4.0,4.0,3.0,4.0,4.0,4.0,,,,,,,,3,,,,,,,,4.0,en,3.0,3.0,3.0,3.0,3.0,3.0,3.0,3.0,3.0,3.0,4.0,into_dust,0,1,1,0,0,0,0,1,0,0,0
570eb74283a73509d0e0270f,570eb74283a73509d0e0270f,taichung_city,female,,,taiwanese,,1,False,47.0,False,,3,2,-1,1,3,3,,5.0,5.0,1.0,5.0,5.0,5.0,,,,,,,,5,,,,,,,,5.0,en,3.0,4.0,4.0,3.0,3.0,2.0,2.0,4.0,4.0,4.0,3.0,into_dust,0,0,0,1,0,0,0,1,0,1,0
570eb71f83a73509d0e01bb7,570eb71f83a73509d0e01bb7,taipei_city,female,,,taiwanese,,5,False,18.0,True,,2,5,-1,3,1,1,,3.0,5.0,1.0,5.0,3.0,5.0,,,,,,,,5,,,,,,,,5.0,zh_TW,5.0,1.0,5.0,2.0,5.0,4.0,5.0,2.0,4.0,4.0,5.0,into_dust,0,0,0,1,0,0,0,0,0,0,0
570eb7ba83a73509d0e04d8f,570eb7ba83a73509d0e04d8f,taipei_city,male,,,taiwanese,,5,False,14.0,False,,2,5,-1,5,3,5,,4.0,5.0,3.0,5.0,2.0,5.0,,,,,,,,4,,,,,,,,5.0,en,5.0,5.0,5.0,1.0,5.0,1.0,5.0,1.0,1.0,5.0,5.0,into_dust,0,0,1,0,0,0,0,0,0,0,0
570eb74b83a73509d0e02a3a,570eb74b83a73509d0e02a3a,taipei_city,male,,,taiwanese,,1,True,10.0,False,,5,5,-1,1,1,1,,1.0,5.0,1.0,1.0,4.0,1.0,,,,,,,,1,,,,,,,,5.0,zh_TW,1.0,1.0,1.0,1.0,1.0,1.0,1.0,1.0,1.0,1.0,1.0,into_dust,0,0,0,1,0,0,0,0,0,0,0
570eb78f83a73509d0e0405b,570eb78f83a73509d0e0405b,taipei_city,male,,,taiwanese,,5,False,13.0,False,,3,5,-1,5,4,3,,1.0,2.0,1.0,2.0,2.0,1.0,,,,,,,,3,,,,,,,,2.0,en,2.0,5.0,4.0,1.0,1.0,5.0,2.0,3.0,5.0,4.0,5.0,into_dust,0,0,1,1,0,0,0,0,0,0,0
570eb79883a73509d0e04325,570eb79883a73509d0e04325,taipei_city,male,,,taiwanese,,2,False,37.0,False,,3,3,-1,1,3,3,,4.0,4.0,1.0,4.0,4.0,4.0,,,,,,,,3,,,,,,,,4.0,en,4.0,4.0,4.0,4.0,2.0,4.0,4.0,3.0,2.0,3.0,3.0,into_dust,0,0,1,1,0,0,0,0,0,0,0
570eb78583a73509d0e03d1e,570eb78583a73509d0e03d1e,taipei_city,male,,,taiwanese,,4,False,15.0,False,,3,3,-1,4,4,5,,4.0,4.0,1.0,5.0,2.0,5.0,,,,,,,,4,,,,,,,,3.0,en,2.0,4.0,5.0,3.0,3.0,4.0,2.0,4.0,3.0,2.0,4.0,into_dust,0,0,0,1,0,0,0,0,0,1,0
570eb74283a73509d0e02729,570eb74283a73509d0e02729,taipei_city,male,,,taiwanese,,1,False,18.0,False,,2,4,-1,1,2,1,,1.0,5.0,3.0,5.0,5.0,5.0,,,,,,,,1,,,,,,,,4.0,en,2.0,4.0,5.0,3.0,3.0,2.0,3.0,4.0,4.0,5.0,4.0,into_dust,1,0,0,1,0,0,0,0,0,1,0
570eb7be83a73509d0e04ed5,570eb7be83a73509d0e04ed5,taipei_city,male,,,taiwanese,,1,False,9.0,False,,4,4,-1,3,3,3,,4.0,5.0,1.0,4.0,3.0,4.0,,,,,,,,3,,,,,,,,3.0,zh_TW,3.0,2.0,3.0,3.0,2.0,2.0,3.0,2.0,2.0,3.0,4.0,into_dust,0,0,0,0,0,0,0,0,0,1,0
570eb77e83a73509d0e03b4c,570eb77e83a73509d0e03b4c,taichung_city,male,,,taiwanese,,3,False,21.0,True,,2,3,-1,4,3,3,,4.0,4.0,1.0,5.0,4.0,4.0,,,,,,,,4,,,,,,,,4.0,zh_TW,4.0,2.0,4.0,4.0,2.0,4.0,4.0,4.0,3.0,3.0,4.0,into_dust,1,0,0,0,0,0,0,0,0,0,0
570eb73683a73509d0e02335,570eb73683a73509d0e02335,taipei_city,male,,,taiwanese,,1,False,40.0,False,,2,2,-1,2,3,2,,3.0,5.0,1.0,5.0,5.0,5.0,,,,,,,,3,,,,,,,,5.0,zh_TW,4.0,3.0,5.0,3.0,3.0,2.0,4.0,3.0,2.0,4.0,4.0,into_dust,0,0,0,1,0,0,0,0,0,0,0
570eb79183a73509d0e040d8,570eb79183a73509d0e040d8,taipei_city,female,,,taiwanese,,2,False,32.0,False,,2,3,-1,4,4,3,,5.0,4.0,3.0,5.0,5.0,5.0,,,,,,,,3,,,,,,,,3.0,en,3.0,3.0,4.0,2.0,4.0,2.0,4.0,2.0,3.0,4.0,4.0,into_dust,0,0,0,1,0,0,0,0,0,0,1
570eb76583a73509d0e03300,570eb76583a73509d0e03300,taipei_city,female,,,taiwanese,,3,False,29.0,False,,4,4,-1,4,4,4,,5.0,5.0,1.0,5.0,5.0,5.0,,,,,,,,4,,,,,,,,5.0,en,5.0,4.0,5.0,4.0,4.0,5.0,2.0,5.0,3.0,4.0,4.0,into_dust,0,0,0,1,0,0,0,1,0,0,0
570eb77983a73509d0e03973,570eb77983a73509d0e03973,taipei_city,female,,,taiwanese,,3,False,18.0,False,,3,5,-1,3,3,3,,4.0,5.0,3.0,5.0,4.0,5.0,,,,,,,,4,,,,,,,,4.0,zh_TW,3.0,2.0,4.0,3.0,3.0,4.0,4.0,5.0,4.0,3.0,3.0,into_dust,0,1,0,1,0,0,0,0,0,0,0
570eb78f83a73509d0e04052,570eb78f83a73509d0e04052,taipei_city,female,,,taiwanese,,4,False,35.0,False,,5,1,-1,5,5,5,,5.0,1.0,5.0,4.0,5.0,1.0,,,,,,,,1,,,,,,,,5.0,en,1.0,5.0,1.0,1.0,5.0,1.0,5.0,1.0,1.0,5.0,1.0,into_dust,0,0,1,0,0,0,0,0,0,0,1
570eb75683a73509d0e02e0a,570eb75683a73509d0e02e0a,taipei_city,female,,,taiwanese,,1,False,20.0,True,,4,4,-1,4,3,3,,3.0,5.0,1.0,5.0,5.0,5.0,,,,,,,,3,,,,,,,,1.0,en,4.0,2.0,5.0,4.0,4.0,5.0,3.0,4.0,4.0,4.0,5.0,into_dust,0,0,1,1,0,1,0,0,0,0,0
570eb75683a73509d0e02dde,570eb75683a73509d0e02dde,taipei_city,female,,,taiwanese,,3,False,38.0,False,,3,3,-1,1,3,3,,4.0,4.0,1.0,4.0,4.0,4.0,,,,,,,,3,,,,,,,,4.0,zh_TW,4.0,2.0,3.0,2.0,4.0,4.0,2.0,4.0,2.0,4.0,4.0,into_dust,0,0,0,1,0,0,0,0,0,1,1
570eb77283a73509d0e0377e,570eb77283a73509d0e0377e,taipei_city,male,,,taiwanese,,4,False,8.0,False,,4,5,-1,5,4,4,,2.0,5.0,2.0,5.0,5.0,5.0,,,,,,,,5,,,,,,,,4.0,en,3.0,3.0,4.0,4.0,2.0,4.0,3.0,4.0,4.0,2.0,5.0,into_dust,0,0,1,1,0,0,0,0,0,1,1
570eb75e83a73509d0e030c4,570eb75e83a73509d0e030c4,taipei_city,female,,,taiwanese,,2,False,18.0,False,,2,2,-1,1,2,1,,4.0,5.0,1.0,5.0,4.0,5.0,,,,,,,,4,,,,,,,,3.0,en,4.0,1.0,4.0,2.0,3.0,4.0,4.0,3.0,3.0,2.0,4.0,into_dust,0,0,1,1,0,0,0,0,0,0,0
570eb73a83a73509d0e024c0,570eb73a83a73509d0e024c0,taichung_city,male,,,taiwanese,,3,False,18.0,False,,2,3,-1,3,3,2,,3.0,4.0,1.0,5.0,4.0,4.0,,,,,,,,2,,,,,,,,2.0,en,5.0,1.0,4.0,4.0,4.0,4.0,5.0,4.0,4.0,2.0,4.0,into_dust,0,1,0,1,0,0,0,0,0,1,0
570eb73d83a73509d0e025a6,570eb73d83a73509d0e025a6,taipei_city,male,,,taiwanese,,2,False,44.0,True,,2,2,-1,2,1,1,,4.0,5.0,1.0,5.0,3.0,5.0,,,,,,,,2,,,,,,,,4.0,en,4.0,3.0,4.0,3.0,5.0,4.0,5.0,1.0,4.0,5.0,4.0,into_dust,1,0,0,1,0,0,0,0,0,0,0
570eb79b83a73509d0e04410,570eb79b83a73509d0e04410,taipei_city,male,,,taiwanese,,3,True,21.0,True,,3,4,-1,5,5,5,,4.0,4.0,2.0,4.0,4.0,4.0,,,,,,,,4,,,,,,,,4.0,en,2.0,1.0,5.0,2.0,4.0,4.0,4.0,2.0,4.0,4.0,4.0,into_dust,0,0,0,1,0,0,0,0,0,0,0
570eb73983a73509d0e02409,570eb73983a73509d0e02409,taipei_city,male,,,taiwanese,,3,False,19.0,False,,3,3,-1,4,3,3,,4.0,4.0,3.0,5.0,4.0,4.0,,,,,,,,3,,,,,,,,3.0,en,4.0,3.0,3.0,4.0,2.0,4.0,2.0,4.0,4.0,3.0,4.0,into_dust,0,0,0,1,0,0,0,0,0,0,0
570eb75783a73509d0e02e28,570eb75783a73509d0e02e28,taichung_city,female,,,taiwanese,,2,False,16.0,False,,3,3,-1,2,3,3,,3.0,3.0,1.0,3.0,4.0,3.0,,,,,,,,4,,,,,,,,3.0,en,5.0,3.0,5.0,2.0,4.0,4.0,4.0,3.0,3.0,4.0,3.0,into_dust,0,0,0,1,0,0,0,0,0,0,0
570eb76683a73509d0e0332d,570eb76683a73509d0e0332d,taichung_city,female,,,taiwanese,,1,False,36.0,False,,3,3,-1,1,3,3,,3.0,4.0,1.0,3.0,3.0,4.0,,,,,,,,3,,,,,,,,3.0,zh_TW,4.0,3.0,4.0,3.0,4.0,3.0,2.0,5.0,2.0,3.0,4.0,into_dust,0,0,0,1,0,0,0,0,0,0,0
570eb75283a73509d0e02c67,570eb75283a73509d0e02c67,taipei_city,male,,,taiwanese,,3,False,15.0,False,,4,3,-1,3,4,3,,4.0,4.0,4.0,4.0,4.0,5.0,,,,,,,,3,,,,,,,,4.0,en,4.0,2.0,4.0,3.0,2.0,4.0,3.0,2.0,4.0,2.0,4.0,into_dust,0,0,0,1,0,0,0,0,0,1,1
570eb73683a73509d0e02351,570eb73683a73509d0e02351,taichung_city,male,,,american,,4,False,24.0,False,,3,2,-1,2,2,2,,2.0,3.0,1.0,3.0,4.0,4.0,,,,,,,,3,,,,,,,,3.0,en,3.0,1.0,5.0,2.0,4.0,2.0,4.0,2.0,2.0,4.0,4.0,into_dust,1,1,1,1,0,1,0,1,0,1,1
570eb7b483a73509d0e04b9b,570eb7b483a73509d0e04b9b,taipei_city,male,,,portuguese,,4,False,24.0,True,,1,2,-1,1,2,1,,5.0,5.0,1.0,5.0,5.0,5.0,,,,,,,,2,,,,,,,,5.0,en,3.0,1.0,5.0,5.0,3.0,5.0,4.0,5.0,4.0,2.0,5.0,into_dust,0,1,1,1,0,1,0,1,0,0,0
570eb7a783a73509d0e047cd,570eb7a783a73509d0e047cd,taipei_city,male,,,taiwanese,,3,False,9.0,False,,3,4,-1,4,4,5,,4.0,5.0,1.0,4.0,5.0,5.0,,,,,,,,3,,,,,,,,3.0,en,3.0,2.0,3.0,3.0,4.0,2.0,2.0,3.0,3.0,4.0,4.0,into_dust,0,0,0,1,0,0,0,0,0,0,0
570eb72b83a73509d0e01f90,570eb72b83a73509d0e01f90,taipei_city,female,,,taiwanese,,2,False,44.0,False,,2,2,-1,2,4,2,,4.0,4.0,1.0,5.0,5.0,5.0,,,,,,,,3,,,,,,,,4.0,en,4.0,1.0,2.0,4.0,4.0,4.0,2.0,4.0,5.0,1.0,4.0,into_dust,0,0,0,0,0,0,0,1,0,0,0
570eb72d83a73509d0e02040,570eb72d83a73509d0e02040,taichung_city,female,,,taiwanese,,4,False,19.0,False,,3,2,-1,1,3,1,,2.0,3.0,1.0,2.0,3.0,1.0,,,,,,,,4,,,,,,,,5.0,zh_TW,4.0,1.0,2.0,4.0,3.0,5.0,2.0,5.0,5.0,2.0,1.0,into_dust,0,0,0,1,0,0,0,0,0,1,0
570eb78383a73509d0e03ca4,570eb78383a73509d0e03ca4,taipei_city,male,,,taiwanese,,2,False,10.0,False,,1,1,-1,1,1,1,,4.0,5.0,1.0,4.0,5.0,4.0,,,,,,,,3,,,,,,,,5.0,en,3.0,2.0,4.0,3.0,3.0,4.0,3.0,3.0,3.0,3.0,4.0,into_dust,0,0,0,1,0,0,0,0,0,0,0
570eb72383a73509d0e01cff,570eb72383a73509d0e01cff,taichung_city,female,,,taiwanese,,1,False,18.0,True,,3,4,-1,2,3,3,,4.0,5.0,1.0,5.0,5.0,5.0,,,,,,,,2,,,,,,,,5.0,en,4.0,1.0,5.0,4.0,2.0,4.0,5.0,4.0,4.0,4.0,4.0,into_dust,0,0,0,1,0,0,0,0,0,0,0
570eb79d83a73509d0e044ac,570eb79d83a73509d0e044ac,taipei_city,male,,,taiwanese,,3,False,26.0,True,,2,3,-1,4,2,1,,4.0,5.0,4.0,5.0,4.0,5.0,,,,,,,,3,,,,,,,,5.0,en,2.0,1.0,4.0,4.0,3.0,4.0,4.0,4.0,4.0,2.0,5.0,into_dust,0,1,1,1,0,1,0,0,0,1,0
570eb74583a73509d0e02817,570eb74583a73509d0e02817,taipei_city,male,,,taiwanese,,2,False,40.0,True,,2,4,-1,3,2,2,,4.0,5.0,1.0,5.0,4.0,4.0,,,,,,,,1,,,,,,,,2.0,en,5.0,1.0,4.0,4.0,1.0,2.0,2.0,5.0,1.0,5.0,4.0,into_dust,0,0,0,1,0,0,0,0,0,1,0
570eb73983a73509d0e02459,570eb73983a73509d0e02459,taichung_city,male,,,taiwanese,,1,False,16.0,False,,2,2,-1,4,2,1,,2.0,4.0,1.0,3.0,3.0,4.0,,,,,,,,3,,,,,,,,2.0,zh_TW,4.0,2.0,3.0,5.0,1.0,4.0,2.0,5.0,4.0,4.0,3.0,into_dust,0,0,0,1,0,0,0,0,0,0,0
570eb73583a73509d0e022d2,570eb73583a73509d0e022d2,taichung_city,male,,,taiwanese,,5,False,36.0,False,,2,3,-1,1,2,1,,3.0,5.0,4.0,5.0,4.0,5.0,,,,,,,,4,,,,,,,,4.0,en,5.0,2.0,5.0,5.0,5.0,1.0,5.0,2.0,4.0,5.0,5.0,into_dust,0,0,0,0,0,0,0,0,0,1,0
570eb79483a73509d0e041bf,570eb79483a73509d0e041bf,taipei_city,female,,,taiwanese,,1,False,18.0,False,,1,4,-1,3,1,1,,3.0,4.0,1.0,3.0,5.0,5.0,,,,,,,,5,,,,,,,,4.0,zh_TW,5.0,3.0,4.0,5.0,2.0,5.0,3.0,3.0,1.0,5.0,3.0,into_dust,0,0,0,1,0,0,0,0,0,0,0
570eb72b83a73509d0e01f8e,570eb72b83a73509d0e01f8e,taichung_city,male,,,taiwanese,,3,False,23.0,False,,1,2,-1,1,3,2,,3.0,4.0,3.0,3.0,5.0,4.0,,,,,,,,1,,,,,,,,2.0,en,4.0,1.0,4.0,4.0,3.0,4.0,5.0,4.0,2.0,2.0,1.0,into_dust,0,0,0,1,0,0,0,0,0,0,0
570eb78b83a73509d0e03eef,570eb78b83a73509d0e03eef,taipei_city,female,,,taiwanese,,1,False,14.0,True,,3,5,-1,3,3,3,,4.0,5.0,1.0,5.0,4.0,5.0,,,,,,,,3,,,,,,,,2.0,en,4.0,1.0,5.0,2.0,5.0,5.0,4.0,2.0,4.0,2.0,5.0,into_dust,0,0,0,1,0,0,0,0,0,0,0
570eb76983a73509d0e03443,570eb76983a73509d0e03443,taipei_city,female,,,taiwanese,,3,False,16.0,True,,4,4,-1,4,4,4,,2.0,5.0,1.0,5.0,4.0,5.0,,,,,,,,3,,,,,,,,2.0,en,2.0,4.0,4.0,3.0,4.0,3.0,2.0,4.0,4.0,2.0,5.0,into_dust,0,0,1,1,0,0,0,0,0,0,0
570eb79483a73509d0e041b1,570eb79483a73509d0e041b1,taipei_city,male,,,taiwanese,,2,False,24.0,False,,4,2,-1,3,2,2,,2.0,4.0,4.0,5.0,5.0,5.0,,,,,,,,5,,,,,,,,1.0,en,3.0,4.0,5.0,4.0,1.0,4.0,5.0,4.0,3.0,3.0,4.0,into_dust,0,0,0,1,0,0,0,1,0,0,0
570eb74e83a73509d0e02b21,570eb74e83a73509d0e02b21,taipei_city,male,,,taiwanese,,4,False,20.0,False,,2,4,-1,3,3,2,,3.0,3.0,4.0,3.0,4.0,3.0,,,,,,,,3,,,,,,,,3.0,en,4.0,3.0,4.0,4.0,4.0,5.0,3.0,5.0,4.0,4.0,4.0,into_dust,0,0,1,0,0,0,0,0,0,0,0
570eb7b283a73509d0e04ad8,570eb7b283a73509d0e04ad8,taipei_city,female,,,taiwanese,,1,False,4.0,True,,4,4,-1,3,3,3,,4.0,4.0,4.0,4.0,4.0,4.0,,,,,,,,4,,,,,,,,4.0,en,4.0,4.0,3.0,4.0,4.0,4.0,3.0,4.0,4.0,3.0,3.0,into_dust,0,0,0,0,0,0,0,0,0,1,1
570eb7b883a73509d0e04cf3,570eb7b883a73509d0e04cf3,taichung_city,male,,,taiwanese,,1,False,51.0,False,,2,1,-1,5,1,1,,5.0,5.0,5.0,5.0,5.0,5.0,,,,,,,,1,,,,,,,,5.0,zh_TW,1.0,3.0,3.0,1.0,3.0,1.0,3.0,3.0,4.0,4.0,5.0,into_dust,0,0,0,1,0,0,0,0,0,0,0
570eb78183a73509d0e03c12,570eb78183a73509d0e03c12,taipei_city,male,,,taiwanese,,1,False,46.0,False,,3,3,-1,2,2,2,,2.0,4.0,2.0,3.0,2.0,4.0,,,,,,,,2,,,,,,,,3.0,en,4.0,3.0,4.0,4.0,1.0,4.0,2.0,5.0,4.0,2.0,4.0,into_dust,0,0,1,1,0,0,0,0,0,1,0
570eb75783a73509d0e02e26,570eb75783a73509d0e02e26,taipei_city,male,,,taiwanese,,5,False,15.0,True,,4,3,-1,3,3,3,,4.0,5.0,3.0,4.0,3.0,5.0,,,,,,,,4,,,,,,,,4.0,en,4.0,4.0,5.0,4.0,5.0,2.0,4.0,3.0,1.0,5.0,5.0,into_dust,0,0,0,1,0,0,0,0,0,0,0
570eb7aa83a73509d0e048ce,570eb7aa83a73509d0e048ce,taipei_city,female,,,taiwanese,,4,False,32.0,False,,2,2,-1,1,3,2,,4.0,4.0,4.0,4.0,4.0,4.0,,,,,,,,4,,,,,,,,2.0,en,4.0,1.0,4.0,4.0,1.0,5.0,4.0,4.0,3.0,2.0,3.0,into_dust,0,0,1,0,0,0,0,0,0,1,0
570eb74683a73509d0e0284c,570eb74683a73509d0e0284c,taipei_city,female,,,taiwanese,,2,False,40.0,False,,2,4,-1,5,5,5,,4.0,5.0,1.0,5.0,4.0,5.0,,,,,,,,4,,,,,,,,4.0,en,5.0,1.0,4.0,1.0,1.0,4.0,1.0,5.0,4.0,2.0,3.0,into_dust,0,0,0,1,0,0,0,0,0,0,0
570eb7be83a73509d0e04f02,570eb7be83a73509d0e04f02,taipei_city,male,,,taiwanese,,2,False,14.0,False,,1,4,-1,4,4,3,,2.0,4.0,1.0,3.0,4.0,4.0,,,,,,,,4,,,,,,,,2.0,en,4.0,3.0,4.0,2.0,4.0,4.0,5.0,4.0,4.0,2.0,4.0,into_dust,0,0,0,1,0,0,0,0,0,0,0
570eb78383a73509d0e03ca7,570eb78383a73509d0e03ca7,taichung_city,female,,,taiwanese,,5,False,37.0,True,,3,3,-1,3,3,3,,3.0,3.0,1.0,1.0,4.0,4.0,,,,,,,,1,,,,,,,,2.0,en,4.0,2.0,4.0,2.0,3.0,4.0,4.0,4.0,2.0,2.0,2.0,into_dust,0,0,0,0,0,0,0,0,0,1,0
570eb7b383a73509d0e04b69,570eb7b383a73509d0e04b69,taichung_city,female,,,taiwanese,,3,True,47.0,True,,3,3,-1,5,3,3,,4.0,4.0,4.0,5.0,4.0,4.0,,,,,,,,3,,,,,,,,4.0,zh_TW,1.0,1.0,1.0,1.0,1.0,1.0,1.0,1.0,1.0,1.0,2.0,into_dust,0,0,0,0,0,0,0,0,0,1,0
570eb79383a73509d0e04185,570eb79383a73509d0e04185,taichung_city,male,,,singaporean,,3,False,23.0,False,,3,4,-1,3,4,3,,4.0,5.0,3.0,4.0,4.0,4.0,,,,,,,,3,,,,,,,,4.0,en,2.0,2.0,3.0,3.0,2.0,3.0,2.0,2.0,3.0,3.0,4.0,into_dust,0,0,0,1,0,0,0,0,0,1,0
570eb77483a73509d0e03803,570eb77483a73509d0e03803,taichung_city,female,,,taiwanese,,1,False,11.0,True,,1,1,-1,5,5,5,,3.0,5.0,2.0,5.0,5.0,5.0,,,,,,,,5,,,,,,,,1.0,en,5.0,1.0,1.0,3.0,1.0,2.0,1.0,5.0,4.0,3.0,5.0,into_dust,0,0,0,0,0,0,0,0,0,1,0
570eb77c83a73509d0e03a93,570eb77c83a73509d0e03a93,taipei_city,female,,,taiwanese,,3,False,10.0,False,,3,5,-1,3,5,3,,2.0,3.0,1.0,1.0,3.0,3.0,,,,,,,,2,,,,,,,,1.0,en,5.0,1.0,5.0,1.0,4.0,2.0,3.0,3.0,1.0,3.0,3.0,into_dust,0,0,0,0,0,0,0,0,0,1,0
570eb79883a73509d0e04330,570eb79883a73509d0e04330,taichung_city,male,,,taiwanese,,3,False,16.0,False,,4,4,-1,4,3,4,,4.0,4.0,4.0,5.0,2.0,4.0,,,,,,,,4,,,,,,,,2.0,en,4.0,4.0,4.0,2.0,5.0,5.0,4.0,5.0,4.0,4.0,4.0,into_dust,0,0,0,1,0,0,0,0,0,0,0
570eb7b083a73509d0e04a6b,570eb7b083a73509d0e04a6b,taipei_city,male,,,taiwanese,,2,False,31.0,False,,2,3,-1,4,2,2,,2.0,4.0,5.0,3.0,4.0,5.0,,,,,,,,3,,,,,,,,2.0,en,4.0,2.0,3.0,4.0,2.0,2.0,2.0,5.0,3.0,2.0,4.0,into_dust,1,0,0,0,0,0,0,0,0,1,1
570eb76983a73509d0e03433,570eb76983a73509d0e03433,taipei_city,female,,,taiwanese,,3,False,20.0,False,,2,3,-1,2,3,3,,3.0,5.0,3.0,5.0,4.0,5.0,,,,,,,,3,,,,,,,,3.0,en,4.0,1.0,3.0,2.0,4.0,4.0,2.0,4.0,3.0,3.0,4.0,into_dust,0,0,0,1,0,1,0,0,0,0,0
570eb74783a73509d0e028e6,570eb74783a73509d0e028e6,taipei_city,male,,,taiwanese,,1,False,38.0,True,,2,3,-1,1,1,1,,5.0,5.0,1.0,5.0,5.0,5.0,,,,,,,,1,,,,,,,,1.0,zh_TW,5.0,4.0,1.0,5.0,1.0,1.0,5.0,2.0,5.0,5.0,4.0,into_dust,0,0,0,0,0,0,0,0,0,1,0
570eb74683a73509d0e0284a,570eb74683a73509d0e0284a,taipei_city,female,,,taiwanese,,1,False,24.0,False,,3,3,-1,2,3,3,,4.0,5.0,1.0,4.0,4.0,5.0,,,,,,,,4,,,,,,,,4.0,en,4.0,2.0,4.0,5.0,3.0,5.0,3.0,4.0,5.0,2.0,3.0,into_dust,0,0,1,1,0,0,0,1,0,0,0
570eb74583a73509d0e02814,570eb74583a73509d0e02814,taichung_city,female,,,taiwanese,,3,False,22.0,False,,3,4,-1,4,4,4,,5.0,5.0,3.0,5.0,5.0,5.0,,,,,,,,3,,,,,,,,5.0,en,4.0,2.0,4.0,3.0,3.0,4.0,4.0,3.0,3.0,4.0,4.0,into_dust,0,0,1,1,0,0,0,0,0,0,1
570eb72383a73509d0e01cde,570eb72383a73509d0e01cde,taipei_city,male,,,taiwanese,,3,False,36.0,True,,4,3,-1,4,3,2,,2.0,4.0,1.0,4.0,4.0,4.0,,,,,,,,4,,,,,,,,4.0,zh_TW,4.0,3.0,3.0,5.0,2.0,4.0,2.0,5.0,2.0,3.0,5.0,into_dust,0,0,0,0,0,0,0,0,0,1,0
570eb72083a73509d0e01c27,570eb72083a73509d0e01c27,taipei_city,male,,,taiwanese,,3,False,28.0,False,,4,4,-1,3,4,4,,2.0,4.0,1.0,4.0,5.0,5.0,,,,,,,,4,,,,,,,,4.0,en,4.0,2.0,4.0,2.0,4.0,4.0,2.0,5.0,2.0,4.0,4.0,into_dust,0,0,1,1,0,0,0,0,0,1,1
570eb75083a73509d0e02bb7,570eb75083a73509d0e02bb7,taipei_city,female,,,taiwanese,,3,False,31.0,False,,4,4,-1,1,2,3,,4.0,4.0,1.0,3.0,3.0,4.0,,,,,,,,3,,,,,,,,2.0,zh_TW,2.0,1.0,4.0,5.0,1.0,4.0,2.0,5.0,5.0,4.0,1.0,into_dust,0,0,1,1,0,0,0,0,0,0,0
570eb72483a73509d0e01d6d,570eb72483a73509d0e01d6d,taipei_city,male,,,taiwanese,,5,False,14.0,True,,1,1,-1,3,1,1,,4.0,5.0,1.0,5.0,5.0,5.0,,,,,,,,3,,,,,,,,1.0,en,5.0,2.0,5.0,2.0,5.0,4.0,5.0,1.0,1.0,5.0,5.0,into_dust,0,0,0,1,0,0,0,0,0,1,0
570eb77d83a73509d0e03af4,570eb77d83a73509d0e03af4,taipei_city,female,,,taiwanese,,1,False,35.0,False,,3,5,-1,4,4,3,,4.0,5.0,1.0,5.0,4.0,5.0,,,,,,,,3,,,,,,,,4.0,zh_TW,5.0,2.0,3.0,5.0,2.0,4.0,4.0,4.0,3.0,2.0,1.0,into_dust,0,0,0,1,0,0,0,0,0,0,0
570eb73883a73509d0e023be,570eb73883a73509d0e023be,taipei_city,male,,,taiwanese,,3,False,18.0,True,,1,1,-1,1,1,1,,2.0,5.0,1.0,5.0,5.0,5.0,,,,,,,,1,,,,,,,,3.0,en,4.0,2.0,2.0,4.0,2.0,4.0,4.0,4.0,2.0,4.0,4.0,into_dust,0,0,0,1,0,1,0,0,0,0,1
570eb78683a73509d0e03d94,570eb78683a73509d0e03d94,taipei_city,male,,,taiwanese,,3,False,24.0,False,,2,5,-1,4,4,4,,3.0,4.0,1.0,4.0,4.0,3.0,,,,,,,,4,,,,,,,,3.0,en,4.0,1.0,5.0,4.0,3.0,4.0,4.0,2.0,3.0,4.0,4.0,into_dust,0,0,1,0,0,0,0,0,0,0,0
570eb79683a73509d0e04236,570eb79683a73509d0e04236,taipei_city,female,,,taiwanese,,1,False,41.0,False,,3,3,-1,4,3,3,,3.0,3.0,1.0,3.0,3.0,3.0,,,,,,,,1,,,,,,,,3.0,en,4.0,4.0,2.0,2.0,4.0,4.0,2.0,4.0,4.0,4.0,3.0,into_dust,1,0,0,1,0,0,0,0,0,0,0
570eb78183a73509d0e03c37,570eb78183a73509d0e03c37,taipei_city,male,,,taiwanese,,1,False,60.0,False,,3,4,-1,3,3,3,,3.0,4.0,2.0,3.0,3.0,4.0,,,,,,,,3,,,,,,,,3.0,en,4.0,4.0,4.0,3.0,4.0,4.0,4.0,4.0,4.0,4.0,3.0,into_dust,0,0,0,0,0,0,0,0,0,0,1
570eb78783a73509d0e03de6,570eb78783a73509d0e03de6,taipei_city,female,,,taiwanese,,3,False,12.0,False,,4,5,-1,3,3,3,,1.0,4.0,4.0,4.0,2.0,5.0,,,,,,,,5,,,,,,,,5.0,en,4.0,2.0,4.0,2.0,4.0,4.0,5.0,4.0,2.0,3.0,4.0,into_dust,0,0,0,1,0,0,0,0,0,0,0
570eb75c83a73509d0e03013,570eb75c83a73509d0e03013,taipei_city,male,,,chinese,,4,False,18.0,False,,1,5,-1,5,4,4,,3.0,5.0,1.0,5.0,5.0,5.0,,,,,,,,1,,,,,,,,1.0,en,5.0,1.0,4.0,1.0,5.0,2.0,2.0,2.0,4.0,2.0,5.0,into_dust,0,1,0,0,0,1,0,0,0,0,1
570eb78883a73509d0e03df2,570eb78883a73509d0e03df2,taipei_city,female,,,taiwanese,,4,False,17.0,True,,3,3,-1,4,3,3,,3.0,4.0,1.0,5.0,3.0,5.0,,,,,,,,5,,,,,,,,5.0,en,4.0,1.0,5.0,3.0,3.0,4.0,4.0,4.0,4.0,4.0,4.0,into_dust,0,0,0,1,0,0,0,0,0,1,0
570eb77e83a73509d0e03b45,570eb77e83a73509d0e03b45,taipei_city,female,,,taiwanese,,1,False,25.0,True,,2,2,-1,3,2,1,,2.0,3.0,1.0,2.0,4.0,2.0,,,,,,,,3,,,,,,,,4.0,en,4.0,1.0,2.0,4.0,3.0,5.0,2.0,4.0,4.0,2.0,2.0,into_dust,1,0,0,1,0,0,0,0,0,0,0
570eb77a83a73509d0e039d6,570eb77a83a73509d0e039d6,taipei_city,male,,,taiwanese,,4,False,15.0,False,,2,5,-1,5,3,5,,3.0,5.0,1.0,5.0,5.0,5.0,,,,,,,,3,,,,,,,,3.0,en,5.0,1.0,5.0,3.0,5.0,4.0,5.0,1.0,3.0,5.0,5.0,into_dust,0,0,0,0,0,0,0,1,0,0,0
570eb72083a73509d0e01bfe,570eb72083a73509d0e01bfe,taipei_city,female,,,taiwanese,,5,False,11.0,False,,4,4,-1,4,4,1,,2.0,5.0,1.0,5.0,5.0,5.0,,,,,,,,4,,,,,,,,5.0,en,2.0,4.0,3.0,1.0,5.0,5.0,5.0,2.0,3.0,1.0,5.0,into_dust,0,0,0,1,0,0,0,0,0,0,0
570eb72583a73509d0e01dac,570eb72583a73509d0e01dac,taipei_city,female,,,taiwanese,,2,False,40.0,True,,3,2,-1,2,2,2,,3.0,3.0,3.0,2.0,4.0,4.0,,,,,,,,3,,,,,,,,3.0,en,4.0,2.0,2.0,3.0,3.0,3.0,3.0,4.0,2.0,3.0,2.0,into_dust,0,0,0,1,0,0,0,0,0,0,0
570eb75b83a73509d0e02fa8,570eb75b83a73509d0e02fa8,taipei_city,female,,,taiwanese,,2,False,10.0,True,,4,2,-1,2,1,1,,3.0,1.0,1.0,3.0,1.0,1.0,,,,,,,,4,,,,,,,,4.0,zh_TW,5.0,1.0,5.0,2.0,2.0,5.0,2.0,3.0,1.0,2.0,2.0,into_dust,0,0,0,1,0,0,0,0,0,0,0
570eb79d83a73509d0e044a7,570eb79d83a73509d0e044a7,taipei_city,male,,,taiwanese,,2,False,13.0,False,,2,3,-1,4,3,2,,5.0,5.0,1.0,5.0,5.0,5.0,,,,,,,,4,,,,,,,,1.0,zh_TW,4.0,2.0,4.0,3.0,3.0,5.0,1.0,4.0,4.0,1.0,5.0,into_dust,1,1,1,1,0,1,0,1,0,1,1
570eb79383a73509d0e0416b,570eb79383a73509d0e0416b,taichung_city,male,,,taiwanese,,1,False,15.0,False,,3,3,-1,3,4,2,,4.0,5.0,1.0,4.0,4.0,5.0,,,,,,,,2,,,,,,,,4.0,en,5.0,5.0,4.0,2.0,5.0,4.0,4.0,4.0,4.0,4.0,5.0,into_dust,0,1,0,0,0,0,0,0,0,0,0
570eb73283a73509d0e021e5,570eb73283a73509d0e021e5,taipei_city,male,,,taiwanese,,3,False,19.0,False,,3,4,-1,4,3,4,,5.0,5.0,1.0,5.0,5.0,5.0,,,,,,,,4,,,,,,,,5.0,en,2.0,4.0,2.0,5.0,2.0,5.0,4.0,4.0,5.0,5.0,5.0,into_dust,0,0,0,1,0,0,0,0,0,0,0
570eb72e83a73509d0e020ab,570eb72e83a73509d0e020ab,taipei_city,female,,,taiwanese,,3,False,18.0,True,,2,3,-1,2,3,3,,2.0,4.0,1.0,4.0,4.0,4.0,,,,,,,,4,,,,,,,,3.0,en,5.0,3.0,4.0,4.0,5.0,4.0,4.0,2.0,2.0,3.0,3.0,into_dust,0,0,0,1,0,0,0,0,0,0,0
570eb7a783a73509d0e047d2,570eb7a783a73509d0e047d2,taipei_city,female,,,taiwanese,,3,False,10.0,False,,4,5,-1,3,4,4,,5.0,5.0,1.0,5.0,5.0,5.0,,,,,,,,4,,,,,,,,5.0,en,5.0,2.0,4.0,4.0,4.0,3.0,2.0,2.0,2.0,2.0,4.0,into_dust,0,1,1,1,0,1,0,0,0,0,0
570eb76683a73509d0e0331a,570eb76683a73509d0e0331a,taipei_city,male,,,taiwanese,,3,False,19.0,False,,2,3,-1,1,3,2,,3.0,3.0,1.0,3.0,3.0,2.0,,,,,,,,3,,,,,,,,3.0,zh_TW,3.0,3.0,3.0,3.0,3.0,3.0,3.0,3.0,3.0,3.0,2.0,into_dust,0,0,0,0,0,1,0,0,0,1,0
570eb77683a73509d0e038a8,570eb77683a73509d0e038a8,taichung_city,male,,,taiwanese,,3,False,11.0,False,,3,4,-1,4,3,4,,3.0,3.0,2.0,3.0,3.0,5.0,,,,,,,,1,,,,,,,,2.0,zh_TW,3.0,3.0,3.0,3.0,3.0,3.0,3.0,3.0,4.0,3.0,4.0,into_dust,0,0,0,1,0,0,0,0,0,0,0
570eb7b083a73509d0e04a30,570eb7b083a73509d0e04a30,taichung_city,female,,,taiwanese,,3,False,19.0,False,,3,5,-1,4,4,5,,3.0,3.0,1.0,3.0,3.0,3.0,,,,,,,,3,,,,,,,,3.0,en,4.0,3.0,3.0,5.0,1.0,5.0,2.0,5.0,3.0,3.0,3.0,into_dust,0,0,0,1,0,0,0,0,0,0,0
570eb7b383a73509d0e04b29,570eb7b383a73509d0e04b29,taipei_city,male,,,taiwanese,,2,False,16.0,False,,2,2,-1,3,2,3,,3.0,4.0,1.0,4.0,3.0,4.0,,,,,,,,3,,,,,,,,4.0,en,4.0,5.0,3.0,4.0,2.0,3.0,2.0,5.0,2.0,5.0,5.0,into_dust,0,0,0,1,0,0,0,0,0,0,0
570eb74383a73509d0e02795,570eb74383a73509d0e02795,taipei_city,male,,,taiwanese,,4,False,12.0,False,,1,1,-1,1,1,1,,5.0,5.0,5.0,5.0,5.0,5.0,,,,,,,,1,,,,,,,,5.0,zh_TW,3.0,3.0,3.0,3.0,3.0,3.0,3.0,3.0,3.0,3.0,1.0,into_dust,0,0,0,1,0,0,0,0,0,0,0
570eb75283a73509d0e02c7a,570eb75283a73509d0e02c7a,taipei_city,male,,,taiwanese,,4,False,12.0,False,,2,5,-1,3,3,4,,3.0,4.0,1.0,5.0,4.0,4.0,,,,,,,,2,,,,,,,,2.0,en,2.0,4.0,5.0,3.0,5.0,5.0,3.0,4.0,5.0,2.0,5.0,into_dust,0,0,0,1,0,0,0,0,0,0,0
570eb75883a73509d0e02ea9,570eb75883a73509d0e02ea9,taipei_city,male,,,taiwanese,,4,False,15.0,False,,4,5,-1,5,3,4,,5.0,5.0,1.0,5.0,5.0,5.0,,,,,,,,1,,,,,,,,1.0,en,2.0,2.0,5.0,2.0,5.0,4.0,5.0,2.0,1.0,3.0,5.0,into_dust,0,0,0,1,0,0,0,0,0,0,0
570eb72783a73509d0e01e58,570eb72783a73509d0e01e58,taipei_city,male,,,taiwanese,,2,False,17.0,False,,2,4,-1,4,3,2,,3.0,5.0,1.0,5.0,4.0,5.0,,,,,,,,4,,,,,,,,2.0,en,4.0,3.0,2.0,4.0,4.0,4.0,4.0,4.0,3.0,3.0,5.0,into_dust,0,0,0,1,0,0,0,0,0,1,0
570eb78183a73509d0e03c42,570eb78183a73509d0e03c42,taipei_city,male,,,taiwanese,,3,False,13.0,True,,3,5,-1,4,4,5,,4.0,5.0,2.0,3.0,4.0,4.0,,,,,,,,4,,,,,,,,4.0,en,3.0,3.0,3.0,3.0,3.0,3.0,3.0,3.0,3.0,3.0,5.0,into_dust,1,1,1,1,0,1,0,1,0,1,1
570eb78083a73509d0e03bc2,570eb78083a73509d0e03bc2,taipei_city,female,,,taiwanese,,3,False,32.0,True,,3,3,-1,3,4,4,,3.0,5.0,1.0,5.0,5.0,5.0,,,,,,,,2,,,,,,,,3.0,zh_TW,4.0,2.0,4.0,4.0,2.0,4.0,2.0,5.0,4.0,3.0,2.0,into_dust,0,0,0,1,0,0,0,0,0,0,0
570eb78e83a73509d0e0400d,570eb78e83a73509d0e0400d,taipei_city,female,,,taiwanese,,3,False,35.0,False,,2,2,-1,5,3,3,,4.0,5.0,1.0,5.0,5.0,5.0,,,,,,,,4,,,,,,,,1.0,en,4.0,1.0,5.0,2.0,4.0,3.0,4.0,3.0,5.0,4.0,5.0,into_dust,0,0,1,0,0,0,0,0,0,0,0
570eb78b83a73509d0e03ee5,570eb78b83a73509d0e03ee5,taichung_city,female,,,taiwanese,,2,False,19.0,True,,3,4,-1,4,4,4,,4.0,5.0,1.0,5.0,5.0,5.0,,,,,,,,4,,,,,,,,5.0,en,4.0,2.0,5.0,4.0,4.0,3.0,4.0,5.0,2.0,4.0,3.0,into_dust,0,0,0,1,0,0,0,0,0,1,0
