,_id,metadata.location,answers.sex,answers.dob,answers.musical_background,answers.nationality,answers.visual_impairments,answers.musical_expertise,answers.hearing_impairments,answers.age,critical_reaction,control_chillsshiversthrills,control_activity,control_tension,control_familiarity,control_engagement,control_positivity,control_like_dislike,song_chillsshiversthrills,song_activity,song_tension,song_familiarity,song_engagement,song_positivity,song_like_dislike,control_inspired,control_wonder,control_spirituality,control_thrills,control_chills,control_tenderness,control_nostalgia,control_goosebumps,control_overwhelmed,control_shivers,song_inspired,song_wonder,song_spirituality,song_thrills,song_chills,song_tenderness,song_nostalgia,song_goosebumps,song_overwhelmed,song_shivers,control_transcendence,control_sadness,control_joyfulactivation,control_peacefulness,control_power,song_transcendence,song_sadness,song_joyfulactivation,song_peacefulness,song_power,metadata.language,answers.personality.trusting,answers.personality.artistic,answers.personality.imagination,answers.personality.reserved,answers.personality.outgoing,answers.personality.lazy,answers.personality.stress,answers.personality.nervous,answers.personality.fault,answers.personality.thorough,answers.concentration,song,answers.musicpref.world,answers.musicpref.pop,answers.musicpref.dance,answers.musicpref.none,answers.musicpref.folk,answers.musicpref.traditional_irish,answers.musicpref.hip_hop,answers.musicpref.jazz,answers.musicpref.rock,answers.musicpref.classical,answers.musicpref.hiphop
5410f69308ad6ee3090e387a,5410f69308ad6ee3090e387a,dublin,female,1970-01-01,,other,,,False,41.0,False,,,,,,,,3.0,4.0,4.0,4.0,2.0,4.0,2.0,,,,,,,,,,,,,,,,,,,,,,,,,,,,,,,,,,,,,,,,,,,hallelujah,0,0,0,0,0,0,0,1,0,0,0
5410f69508ad6ee3090e3892,5410f69508ad6ee3090e3892,dublin,male,1970-01-01,,irish,,,False,41.0,False,,,,,,,,1.0,4.0,1.0,4.0,4.0,4.0,5.0,,,,,,,,,,,,,,,,,,,,,,,,,,,,,,,,,,,,,,,,,,,hallelujah,0,1,1,0,0,0,0,0,1,0,0
5410f6d008ad6ee3090e3994,5410f6d008ad6ee3090e3994,dublin,male,1986-01-01,,other,,,False,25.0,False,,,,,,,,,4.0,5.0,5.0,1.0,2.0,1.0,,,,,,,,,,,5.0,2.0,3.0,1.0,2.0,2.0,4.0,3.0,1.0,4.0,,,,,,,,,,,,,,,,,,,,,,,hallelujah,1,1,0,0,0,0,0,0,1,0,0
5410f6d008ad6ee3090e3998,5410f6d008ad6ee3090e3998,dublin,female,1990-01-01,,irish,,,False,21.0,True,,,,,,,,,2.0,4.0,4.0,2.0,1.0,2.0,,,,,,,,,,,4.0,2.0,4.0,4.0,3.0,4.0,3.0,3.0,2.0,3.0,,,,,,,,,,,,,,,,,,,,,,,hallelujah,0,1,1,0,0,0,0,0,1,0,0
5410f6d008ad6ee3090e399c,5410f6d008ad6ee3090e399c,dublin,male,1991-01-01,,irish,,,False,20.0,False,,,,,,,,,5.0,3.0,2.0,4.0,4.0,3.0,,,,,,,,,,,3.0,4.0,1.0,1.0,4.0,4.0,1.0,3.0,2.0,2.0,,,,,,,,,,,,,,,,,,,,,,,hallelujah,0,1,1,0,0,1,0,1,1,0,0
5410f6d108ad6ee3090e39ad,5410f6d108ad6ee3090e39ad,dublin,male,1979-01-01,,british,,,False,32.0,True,,,,,,,,,3.0,4.0,5.0,1.0,4.0,1.0,,,,,,,,,,,4.0,5.0,4.0,1.0,4.0,5.0,5.0,4.0,4.0,3.0,,,,,,,,,,,,,,,,,,,,,,,hallelujah,0,0,0,1,0,0,0,0,0,0,0
5410f6fd08ad6ee3090e3a51,5410f6fd08ad6ee3090e3a51,dublin,female,1992-01-01,True,irish,,3,False,19.0,False,,,,,,,,,,,,,,,,,,,,,,,,,,,,,,,,,,,,,,,,,,,,,,,,,,,,,,,,,hallelujah,0,1,0,0,0,0,0,0,0,1,0
5410f76508ad6ee3090e3c03,5410f76508ad6ee3090e3c03,dublin,male,1995-01-01,,british,,,False,16.0,False,,,,,,,,,4.0,5.0,5.0,2.0,2.0,2.0,,,,,,,,,,,1.0,1.0,4.0,1.0,1.0,3.0,1.0,1.0,1.0,1.0,,,,,,,,,,,,,,,,,,,,,,,hallelujah,0,0,0,0,0,0,0,0,1,0,0
5410f76608ad6ee3090e3c09,5410f76608ad6ee3090e3c09,dublin,male,1985-01-01,,irish,,,False,26.0,False,,,,,,,,,2.0,2.0,4.0,2.0,4.0,4.0,,,,,,,,,,,1.0,3.0,4.0,1.0,4.0,5.0,2.0,2.0,4.0,2.0,,,,,,,,,,,,,,,,,,,,,,,hallelujah,0,1,1,0,0,0,0,0,1,1,0
5410f76608ad6ee3090e3c0d,5410f76608ad6ee3090e3c0d,dublin,male,1979-01-01,,other,,,True,32.0,False,,,,,,,,,3.0,4.0,4.0,4.0,2.0,2.0,,,,,,,,,,,3.0,2.0,3.0,1.0,1.0,3.0,4.0,2.0,1.0,1.0,,,,,,,,,,,,,,,,,,,,,,,hallelujah,1,1,1,0,0,0,1,1,1,0,0
5410f76608ad6ee3090e3c16,5410f76608ad6ee3090e3c16,dublin,male,1984-01-01,,irish,,,False,27.0,True,,,,,,,,,3.0,4.0,5.0,1.0,1.0,1.0,,,,,,,,,,,5.0,5.0,5.0,3.0,4.0,4.0,5.0,1.0,3.0,4.0,,,,,,,,,,,,,,,,,,,,,,,hallelujah,0,0,1,0,0,0,0,0,0,0,0
5410f76708ad6ee3090e3c1a,5410f76708ad6ee3090e3c1a,dublin,male,1978-01-01,,irish,,,True,33.0,False,,,,,,,,,4.0,3.0,3.0,4.0,4.0,4.0,,,,,,,,,,,2.0,2.0,4.0,1.0,2.0,4.0,2.0,1.0,3.0,2.0,,,,,,,,,,,,,,,,,,,,,,,hallelujah,0,0,1,0,0,0,0,0,0,0,0
5410f76708ad6ee3090e3c1f,5410f76708ad6ee3090e3c1f,dublin,male,1952-01-01,,irish,,,False,59.0,False,,,,,,,,,3.0,3.0,3.0,5.0,3.0,3.0,,,,,,,,,,,1.0,1.0,2.0,1.0,1.0,2.0,1.0,1.0,1.0,1.0,,,,,,,,,,,,,,,,,,,,,,,hallelujah,0,0,0,0,0,1,0,0,1,1,0
5410f7b408ad6ee3090e3d16,5410f7b408ad6ee3090e3d16,dublin,male,1980-01-01,,irish,,,False,31.0,False,,,,,,,,4.0,1.0,3.0,4.0,1.0,1.0,1.0,,,,,,,,,,,,,,,,,,,,,,,,,,,,,,,,,,,,,,,,,,,hallelujah,0,0,1,0,0,0,0,0,1,0,0
5410f7b408ad6ee3090e3d1c,5410f7b408ad6ee3090e3d1c,dublin,male,1990-01-01,,irish,,,False,21.0,True,,,,,,,,2.0,4.0,4.0,4.0,1.0,3.0,3.0,,,,,,,,,,,,,,,,,,,,,,,,,,,,,,,,,,,,,,,,,,,hallelujah,0,1,0,0,0,0,1,0,1,0,0
5410f7b508ad6ee3090e3d2a,5410f7b508ad6ee3090e3d2a,dublin,male,1970-01-01,,irish,,,False,41.0,True,,,,,,,,3.0,4.0,5.0,5.0,1.0,2.0,1.0,,,,,,,,,,,,,,,,,,,,,,,,,,,,,,,,,,,,,,,,,,,hallelujah,0,0,0,0,0,0,0,0,1,0,0
5410f7b508ad6ee3090e3d30,5410f7b508ad6ee3090e3d30,dublin,female,1990-01-01,,other,,,True,21.0,False,,,,,,,,2.0,4.0,5.0,5.0,1.0,2.0,1.0,,,,,,,,,,,,,,,,,,,,,,,,,,,,,,,,,,,,,,,,,,,hallelujah,0,1,1,0,0,0,0,0,0,1,0
5410f7fc08ad6ee3090e3e4e,5410f7fc08ad6ee3090e3e4e,dublin,male,1986-01-01,,british,,,False,25.0,False,,,,,,,,,5.0,4.0,4.0,1.0,3.0,2.0,,,,,,,,,,,2.0,4.0,4.0,4.0,4.0,5.0,5.0,3.0,4.0,1.0,,,,,,,,,,,,,,,,,,,,,,,hallelujah,0,1,0,0,0,0,0,0,1,0,0
5410f7fc08ad6ee3090e3e51,5410f7fc08ad6ee3090e3e51,dublin,male,1982-01-01,,other,,,False,29.0,False,,,,,,,,,5.0,3.0,2.0,5.0,4.0,5.0,,,,,,,,,,,1.0,1.0,2.0,1.0,1.0,2.0,1.0,1.0,1.0,1.0,,,,,,,,,,,,,,,,,,,,,,,hallelujah,1,1,1,0,0,0,0,0,0,0,0
5410f7fc08ad6ee3090e3e55,5410f7fc08ad6ee3090e3e55,dublin,female,1969-01-01,,irish,,,False,42.0,False,,,,,,,,,4.0,4.0,5.0,2.0,3.0,3.0,,,,,,,,,,,1.0,1.0,1.0,1.0,1.0,2.0,4.0,1.0,1.0,1.0,,,,,,,,,,,,,,,,,,,,,,,hallelujah,1,0,0,0,0,0,0,0,0,0,0
5410f82f08ad6ee3090e3f2f,5410f82f08ad6ee3090e3f2f,dublin,male,1980-01-01,,other,,,False,31.0,False,,,,,,,,1.0,4.0,4.0,3.0,3.0,4.0,2.0,,,,,,,,,,,,,,,,,,,,,,,,,,,,,,,,,,,,,,,,,,,hallelujah,0,0,0,0,0,0,0,0,1,0,0
5410f88108ad6ee3090e406f,5410f88108ad6ee3090e406f,dublin,female,1990-01-01,,british,,,False,21.0,True,,,,,,,,,3.0,5.0,4.0,1.0,3.0,2.0,,,,,,,,,,,2.0,4.0,2.0,1.0,2.0,1.0,4.0,2.0,3.0,1.0,,,,,,,,,,,,,,,,,,,,,,,hallelujah,1,1,1,0,0,0,0,1,1,0,0
5410f88208ad6ee3090e4076,5410f88208ad6ee3090e4076,dublin,female,1986-01-01,,irish,,,False,25.0,True,,,,,,,,,4.0,4.0,5.0,1.0,4.0,1.0,,,,,,,,,,,4.0,4.0,3.0,3.0,3.0,4.0,5.0,3.0,4.0,4.0,,,,,,,,,,,,,,,,,,,,,,,hallelujah,0,1,1,0,0,0,1,0,1,0,0
5410f88208ad6ee3090e407b,5410f88208ad6ee3090e407b,dublin,female,1984-01-01,,irish,,,True,27.0,False,,,,,,,,,4.0,4.0,5.0,1.0,3.0,1.0,,,,,,,,,,,2.0,4.0,4.0,2.0,1.0,2.0,4.0,3.0,4.0,2.0,,,,,,,,,,,,,,,,,,,,,,,hallelujah,0,1,0,0,0,1,0,0,1,0,0
5410f88308ad6ee3090e408d,5410f88308ad6ee3090e408d,dublin,male,1988-01-01,,irish,,,False,23.0,False,,,,,,,,,4.0,5.0,4.0,2.0,3.0,2.0,,,,,,,,,,,4.0,3.0,3.0,1.0,2.0,3.0,4.0,2.0,2.0,2.0,,,,,,,,,,,,,,,,,,,,,,,hallelujah,0,1,0,0,0,0,0,1,1,1,0
5410f8da08ad6ee3090e4127,5410f8da08ad6ee3090e4127,dublin,female,1976-01-01,True,other,,3,False,35.0,False,,,,,,,,,,2.0,,,,,,,,,,,,,,,,4.0,,,,4.0,4.0,,,,,,,,,3.0,3.0,4.0,5.0,3.0,,,,,,,,,,,,,hallelujah,1,1,0,0,0,1,0,1,1,1,0
5410f8da08ad6ee3090e4132,5410f8da08ad6ee3090e4132,dublin,female,1971-01-01,False,irish,,1,False,40.0,False,,,,,,,,,,1.0,,,,,,,,,,,,,,,,3.0,,,,3.0,4.0,,,,,,,,,3.0,1.0,4.0,3.0,3.0,,,,,,,,,,,,,hallelujah,1,0,0,0,0,0,0,0,0,0,0
5410f91208ad6ee3090e41cf,5410f91208ad6ee3090e41cf,dublin,female,1990-01-01,,irish,,,False,21.0,False,,,,,,,,3.0,3.0,2.0,5.0,2.0,2.0,1.0,,,,,,,,,,,,,,,,,,,,,,,,,,,,,,,,,,,,,,,,,,,hallelujah,0,0,0,0,0,0,0,0,1,0,0
5410f91208ad6ee3090e41d9,5410f91208ad6ee3090e41d9,dublin,male,1970-01-01,,irish,,,False,41.0,False,,,,,,,,4.0,4.0,5.0,5.0,2.0,1.0,1.0,,,,,,,,,,,,,,,,,,,,,,,,,,,,,,,,,,,,,,,,,,,hallelujah,0,0,0,0,0,0,0,0,1,0,0
5410f93408ad6ee3090e426d,5410f93408ad6ee3090e426d,dublin,female,1977-01-01,False,other,,1,False,34.0,False,,,,,,,,,,1.0,,,,,,,,,,,,,,,,1.0,,,,2.0,5.0,,,,,,,,,2.0,5.0,1.0,2.0,1.0,,,,,,,,,,,,,hallelujah,0,0,0,1,0,0,0,0,0,0,0
5410f95308ad6ee3090e42c1,5410f95308ad6ee3090e42c1,dublin,male,1990-01-01,,irish,,,False,21.0,False,,,,,,,,1.0,4.0,5.0,5.0,1.0,1.0,2.0,,,,,,,,,,,,,,,,,,,,,,,,,,,,,,,,,,,,,,,,,,,hallelujah,0,1,0,0,0,1,1,0,0,0,0
5410f9cf08ad6ee3090e4499,5410f9cf08ad6ee3090e4499,dublin,male,1996-01-01,,other,,,False,15.0,False,,,,,,,,,3.0,4.0,3.0,1.0,2.0,2.0,,,,,,,,,,,4.0,3.0,3.0,1.0,1.0,4.0,5.0,2.0,4.0,1.0,,,,,,,,,,,,,,,,,,,,,,,hallelujah,0,1,0,0,0,0,1,0,1,0,0
5410f9d008ad6ee3090e44a5,5410f9d008ad6ee3090e44a5,dublin,female,1992-01-01,,irish,,,False,19.0,False,,,,,,,,,4.0,5.0,1.0,1.0,2.0,1.0,,,,,,,,,,,1.0,3.0,5.0,1.0,4.0,5.0,1.0,3.0,1.0,4.0,,,,,,,,,,,,,,,,,,,,,,,hallelujah,0,1,1,0,0,0,1,0,1,0,0
5410f9d108ad6ee3090e44b6,5410f9d108ad6ee3090e44b6,dublin,female,1989-01-01,,other,,,False,22.0,True,,,,,,,,,3.0,5.0,5.0,1.0,1.0,1.0,,,,,,,,,,,3.0,2.0,1.0,2.0,2.0,4.0,4.0,1.0,1.0,2.0,,,,,,,,,,,,,,,,,,,,,,,hallelujah,1,1,0,0,0,1,1,1,1,1,0
5410f9f708ad6ee3090e4533,5410f9f708ad6ee3090e4533,dublin,male,1970-01-01,,irish,,,False,41.0,False,,,,,,,,3.0,3.0,5.0,5.0,1.0,1.0,1.0,,,,,,,,,,,,,,,,,,,,,,,,,,,,,,,,,,,,,,,,,,,hallelujah,1,1,1,0,0,1,0,1,1,0,0
5410f9f808ad6ee3090e4547,5410f9f808ad6ee3090e4547,dublin,male,1970-01-01,,irish,,,False,41.0,False,,,,,,,,2.0,4.0,5.0,4.0,3.0,4.0,2.0,,,,,,,,,,,,,,,,,,,,,,,,,,,,,,,,,,,,,,,,,,,hallelujah,0,0,0,0,0,0,0,0,1,0,0
5410fa6308ad6ee3090e46d2,5410fa6308ad6ee3090e46d2,dublin,female,1994-01-01,,irish,,,False,17.0,True,,,,,,,,,4.0,5.0,4.0,1.0,2.0,1.0,,,,,,,,,,,3.0,2.0,3.0,3.0,4.0,4.0,4.0,4.0,2.0,3.0,,,,,,,,,,,,,,,,,,,,,,,hallelujah,1,0,0,0,0,1,0,1,0,1,0
5410fa6308ad6ee3090e46d5,5410fa6308ad6ee3090e46d5,dublin,female,1994-01-01,,irish,,,False,17.0,False,,,,,,,,,4.0,4.0,5.0,2.0,2.0,2.0,,,,,,,,,,,3.0,4.0,4.0,3.0,1.0,2.0,3.0,3.0,3.0,1.0,,,,,,,,,,,,,,,,,,,,,,,hallelujah,0,1,0,0,0,0,0,0,0,0,0
5410fa6308ad6ee3090e46dd,5410fa6308ad6ee3090e46dd,dublin,male,1989-01-01,,irish,,,False,22.0,False,,,,,,,,,5.0,5.0,4.0,2.0,2.0,2.0,,,,,,,,,,,1.0,1.0,1.0,1.0,1.0,1.0,1.0,1.0,2.0,1.0,,,,,,,,,,,,,,,,,,,,,,,hallelujah,0,0,1,0,0,1,1,0,1,0,0
5410fa6408ad6ee3090e46e0,5410fa6408ad6ee3090e46e0,dublin,female,1988-01-01,,irish,,,False,23.0,True,,,,,,,,,2.0,2.0,4.0,5.0,5.0,5.0,,,,,,,,,,,1.0,2.0,2.0,1.0,1.0,1.0,2.0,1.0,1.0,1.0,,,,,,,,,,,,,,,,,,,,,,,hallelujah,0,1,0,0,0,0,1,0,1,0,0
5410fa6408ad6ee3090e46e4,5410fa6408ad6ee3090e46e4,dublin,female,1986-01-01,,irish,,,False,25.0,True,,,,,,,,,3.0,4.0,4.0,1.0,2.0,1.0,,,,,,,,,,,3.0,3.0,4.0,1.0,1.0,4.0,5.0,1.0,3.0,1.0,,,,,,,,,,,,,,,,,,,,,,,hallelujah,1,1,1,0,0,1,1,1,1,1,0
5410fa6508ad6ee3090e46f4,5410fa6508ad6ee3090e46f4,dublin,male,1990-01-01,,irish,,,False,21.0,False,,,,,,,,,5.0,4.0,3.0,4.0,3.0,2.0,,,,,,,,,,,2.0,1.0,1.0,1.0,1.0,1.0,2.0,1.0,1.0,1.0,,,,,,,,,,,,,,,,,,,,,,,hallelujah,0,0,1,0,0,0,0,0,1,1,0
5410fa8808ad6ee3090e476b,5410fa8808ad6ee3090e476b,dublin,male,1988-01-01,True,other,,4,False,23.0,False,,,,,,,,,,1.0,,,,,,,,,,,,,,,,4.0,,,,3.0,4.0,,,,,,,,,3.0,4.0,3.0,4.0,3.0,,,,,,,,,,,,,hallelujah,0,1,0,0,0,0,0,0,1,0,0
5410fa8808ad6ee3090e476f,5410fa8808ad6ee3090e476f,dublin,male,1991-01-01,False,other,,4,False,20.0,False,,,,,,,,,,1.0,,,,,,,,,,,,,,,,4.0,,,,3.0,4.0,,,,,,,,,4.0,4.0,1.0,4.0,2.0,,,,,,,,,,,,,hallelujah,0,0,0,0,0,0,0,0,1,1,0
5410fa8808ad6ee3090e4776,5410fa8808ad6ee3090e4776,dublin,female,1989-01-01,False,other,,3,False,22.0,False,,,,,,,,,,1.0,,,,,,,,,,,,,,,,4.0,,,,4.0,4.0,,,,,,,,,3.0,2.0,1.0,4.0,3.0,,,,,,,,,,,,,hallelujah,0,0,0,1,0,0,0,0,0,0,0
5410fab008ad6ee3090e47f0,5410fab008ad6ee3090e47f0,dublin,female,1993-01-01,,irish,,,False,18.0,False,,,,,,,,1.0,4.0,4.0,3.0,3.0,2.0,3.0,,,,,,,,,,,,,,,,,,,,,,,,,,,,,,,,,,,,,,,,,,,hallelujah,0,1,0,0,0,0,0,0,0,0,0
5410fab108ad6ee3090e47f8,5410fab108ad6ee3090e47f8,dublin,female,1990-01-01,,other,,,True,21.0,False,,,,,,,,2.0,4.0,4.0,1.0,4.0,3.0,3.0,,,,,,,,,,,,,,,,,,,,,,,,,,,,,,,,,,,,,,,,,,,hallelujah,1,0,0,0,0,0,0,0,0,0,0
5410fb2e08ad6ee3090e49ce,5410fb2e08ad6ee3090e49ce,dublin,male,1978-01-01,,british,,,False,33.0,False,,,,,,,,,3.0,4.0,4.0,3.0,2.0,2.0,,,,,,,,,,,2.0,2.0,1.0,1.0,2.0,1.0,1.0,2.0,1.0,2.0,,,,,,,,,,,,,,,,,,,,,,,hallelujah,1,0,1,0,0,0,0,0,1,0,0
5410fb2f08ad6ee3090e49d7,5410fb2f08ad6ee3090e49d7,dublin,female,1983-01-01,,other,,,False,28.0,True,,,,,,,,,1.0,5.0,5.0,1.0,1.0,1.0,,,,,,,,,,,4.0,1.0,3.0,1.0,3.0,4.0,4.0,3.0,1.0,3.0,,,,,,,,,,,,,,,,,,,,,,,hallelujah,1,1,1,0,0,0,0,0,0,0,0
5410fb2f08ad6ee3090e49da,5410fb2f08ad6ee3090e49da,dublin,female,1969-01-01,,other,,,False,42.0,True,,,,,,,,,5.0,4.0,2.0,3.0,3.0,2.0,,,,,,,,,,,4.0,3.0,4.0,1.0,1.0,4.0,4.0,2.0,1.0,1.0,,,,,,,,,,,,,,,,,,,,,,,hallelujah,0,1,1,0,0,0,0,0,1,1,0
5410fb3008ad6ee3090e49e7,5410fb3008ad6ee3090e49e7,dublin,female,1983-01-01,,other,,,False,28.0,False,,,,,,,,,4.0,4.0,4.0,1.0,4.0,1.0,,,,,,,,,,,4.0,2.0,3.0,1.0,4.0,5.0,5.0,5.0,1.0,4.0,,,,,,,,,,,,,,,,,,,,,,,hallelujah,1,1,1,0,0,0,1,1,1,1,0
5410fb3f08ad6ee3090e4a1a,5410fb3f08ad6ee3090e4a1a,dublin,female,1980-01-01,False,other,,1,False,31.0,False,,,,,,,,,,2.0,,,,,,,,,,,,,,,,3.0,,,,3.0,4.0,,,,,,,,,4.0,4.0,1.0,3.0,4.0,,,,,,,,,,,,,hallelujah,0,1,0,0,0,0,0,0,1,0,0
5410fb3f08ad6ee3090e4a25,5410fb3f08ad6ee3090e4a25,dublin,female,1978-01-01,False,other,,1,False,33.0,False,,,,,,,,,,1.0,,,,,,,,,,,,,,,,4.0,,,,1.0,2.0,,,,,,,,,4.0,4.0,1.0,3.0,4.0,,,,,,,,,,,,,hallelujah,1,1,1,0,0,0,0,1,0,0,0
5410fba208ad6ee3090e4b9c,5410fba208ad6ee3090e4b9c,dublin,female,1993-01-01,,irish,,,False,18.0,False,,,,,,,,,4.0,2.0,3.0,2.0,4.0,2.0,,,,,,,,,,,1.0,1.0,2.0,1.0,1.0,3.0,4.0,1.0,3.0,1.0,,,,,,,,,,,,,,,,,,,,,,,hallelujah,0,1,0,0,0,0,0,0,0,0,0
5410fba308ad6ee3090e4ba2,5410fba308ad6ee3090e4ba2,dublin,male,1982-01-01,,irish,,,False,29.0,True,,,,,,,,,2.0,2.0,4.0,2.0,2.0,2.0,,,,,,,,,,,2.0,2.0,1.0,2.0,1.0,2.0,3.0,2.0,2.0,1.0,,,,,,,,,,,,,,,,,,,,,,,hallelujah,1,1,1,0,0,0,0,1,1,1,0
5410fba308ad6ee3090e4ba3,5410fba308ad6ee3090e4ba3,dublin,male,1987-01-01,,irish,,,False,24.0,False,,,,,,,,,3.0,4.0,4.0,2.0,2.0,2.0,,,,,,,,,,,4.0,3.0,3.0,2.0,1.0,3.0,2.0,4.0,3.0,1.0,,,,,,,,,,,,,,,,,,,,,,,hallelujah,1,1,0,0,0,1,0,0,1,0,0
5410fba308ad6ee3090e4baa,5410fba308ad6ee3090e4baa,dublin,female,1968-01-01,,irish,,,False,43.0,False,,,,,,,,,5.0,5.0,5.0,1.0,4.0,1.0,,,,,,,,,,,1.0,5.0,5.0,1.0,4.0,5.0,5.0,3.0,5.0,4.0,,,,,,,,,,,,,,,,,,,,,,,hallelujah,0,1,0,0,0,0,0,0,0,0,0
5410fbaf08ad6ee3090e4bd4,5410fbaf08ad6ee3090e4bd4,dublin,male,1989-01-01,True,other,,3,True,22.0,False,,,,,,,,,,1.0,,,,,,,,,,,,,,,,5.0,,,,5.0,5.0,,,,,,,,,5.0,1.0,2.0,4.0,3.0,,,,,,,,,,,,,hallelujah,0,1,0,0,0,0,0,0,1,0,0
5410fc0508ad6ee3090e4cef,5410fc0508ad6ee3090e4cef,dublin,male,1990-01-01,,irish,,,False,21.0,True,,,,,,,,1.0,5.0,5.0,3.0,2.0,2.0,2.0,,,,,,,,,,,,,,,,,,,,,,,,,,,,,,,,,,,,,,,,,,,hallelujah,0,0,0,0,0,0,0,0,1,0,0
5410fc0708ad6ee3090e4d0f,5410fc0708ad6ee3090e4d0f,dublin,female,1990-01-01,,other,,,False,21.0,True,,,,,,,,5.0,4.0,2.0,5.0,1.0,3.0,1.0,,,,,,,,,,,,,,,,,,,,,,,,,,,,,,,,,,,,,,,,,,,hallelujah,0,1,0,0,0,0,0,0,1,1,0
5410fc0708ad6ee3090e4d18,5410fc0708ad6ee3090e4d18,dublin,male,1960-01-01,,other,,,False,51.0,False,,,,,,,,1.0,4.0,4.0,4.0,1.0,1.0,1.0,,,,,,,,,,,,,,,,,,,,,,,,,,,,,,,,,,,,,,,,,,,hallelujah,0,1,0,0,0,0,0,0,1,0,0
5410fc0808ad6ee3090e4d23,5410fc0808ad6ee3090e4d23,dublin,female,1990-01-01,,other,,,True,21.0,False,,,,,,,,3.0,3.0,5.0,5.0,1.0,1.0,1.0,,,,,,,,,,,,,,,,,,,,,,,,,,,,,,,,,,,,,,,,,,,hallelujah,1,1,0,0,0,0,0,0,1,0,0
5410fc0908ad6ee3090e4d43,5410fc0908ad6ee3090e4d43,dublin,female,1940-01-01,,other,,,False,71.0,True,,,,,,,,5.0,3.0,4.0,4.0,1.0,1.0,1.0,,,,,,,,,,,,,,,,,,,,,,,,,,,,,,,,,,,,,,,,,,,hallelujah,0,0,0,0,0,1,0,0,1,1,0
5410fc6508ad6ee3090e4e9a,5410fc6508ad6ee3090e4e9a,dublin,male,1991-01-01,,british,,,False,20.0,False,,,,,,,,,3.0,1.0,3.0,1.0,4.0,2.0,,,,,,,,,,,3.0,4.0,4.0,4.0,4.0,4.0,5.0,3.0,4.0,4.0,,,,,,,,,,,,,,,,,,,,,,,hallelujah,0,0,0,0,0,0,0,0,1,0,0
5410fc6708ad6ee3090e4eb4,5410fc6708ad6ee3090e4eb4,dublin,female,1984-01-01,,british,,,False,27.0,False,,,,,,,,,4.0,4.0,3.0,2.0,2.0,1.0,,,,,,,,,,,3.0,5.0,3.0,4.0,4.0,4.0,5.0,1.0,4.0,1.0,,,,,,,,,,,,,,,,,,,,,,,hallelujah,0,1,1,0,0,0,1,0,1,0,0
5410fcb808ad6ee3090e4fc1,5410fcb808ad6ee3090e4fc1,dublin,male,1990-01-01,,irish,,,True,21.0,True,,,,,,,,4.0,3.0,2.0,3.0,2.0,4.0,1.0,,,,,,,,,,,,,,,,,,,,,,,,,,,,,,,,,,,,,,,,,,,hallelujah,0,0,0,0,0,1,0,0,0,0,0
5410fcb908ad6ee3090e4fcd,5410fcb908ad6ee3090e4fcd,dublin,male,1990-01-01,,other,,,False,21.0,False,,,,,,,,2.0,4.0,4.0,2.0,1.0,3.0,4.0,,,,,,,,,,,,,,,,,,,,,,,,,,,,,,,,,,,,,,,,,,,hallelujah,0,0,0,0,0,0,0,0,1,0,0
5410fcba08ad6ee3090e4fdc,5410fcba08ad6ee3090e4fdc,dublin,female,1980-01-01,,irish,,,False,31.0,False,,,,,,,,5.0,2.0,5.0,5.0,1.0,1.0,1.0,,,,,,,,,,,,,,,,,,,,,,,,,,,,,,,,,,,,,,,,,,,hallelujah,0,0,0,0,0,0,0,0,1,0,0
5410fd1808ad6ee3090e5150,5410fd1808ad6ee3090e5150,dublin,male,1979-01-01,,other,,,True,32.0,False,,,,,,,,,3.0,4.0,5.0,1.0,2.0,1.0,,,,,,,,,,,4.0,4.0,5.0,3.0,3.0,4.0,4.0,3.0,1.0,3.0,,,,,,,,,,,,,,,,,,,,,,,hallelujah,0,1,0,0,0,0,1,0,1,1,0
5410fd5c08ad6ee3090e5223,5410fd5c08ad6ee3090e5223,dublin,male,1979-01-01,,irish,,,False,32.0,True,,,,,,,,3.0,3.0,3.0,4.0,1.0,3.0,1.0,,,,,,,,,,,,,,,,,,,,,,,,,,,,,,,,,,,,,,,,,,,hallelujah,1,1,0,0,0,1,1,1,1,1,0
5410fd5c08ad6ee3090e522d,5410fd5c08ad6ee3090e522d,dublin,female,1990-01-01,,other,,,False,21.0,False,,,,,,,,4.0,3.0,3.0,4.0,2.0,2.0,2.0,,,,,,,,,,,,,,,,,,,,,,,,,,,,,,,,,,,,,,,,,,,hallelujah,0,1,0,0,0,0,0,0,0,0,0
5410fda608ad6ee3090e5348,5410fda608ad6ee3090e5348,dublin,male,1990-01-01,,irish,,,False,21.0,True,,,,,,,,1.0,3.0,3.0,3.0,5.0,3.0,4.0,,,,,,,,,,,,,,,,,,,,,,,,,,,,,,,,,,,,,,,,,,,hallelujah,0,0,0,0,0,0,0,0,1,0,0
5410fda608ad6ee3090e534e,5410fda608ad6ee3090e534e,dublin,female,1950-01-01,,irish,,,False,61.0,False,,,,,,,,2.0,4.0,4.0,3.0,1.0,1.0,4.0,,,,,,,,,,,,,,,,,,,,,,,,,,,,,,,,,,,,,,,,,,,hallelujah,0,1,0,0,0,0,0,1,1,1,0
5410fda608ad6ee3090e5354,5410fda608ad6ee3090e5354,dublin,male,1970-01-01,,other,,,False,41.0,False,,,,,,,,2.0,4.0,4.0,4.0,2.0,4.0,2.0,,,,,,,,,,,,,,,,,,,,,,,,,,,,,,,,,,,,,,,,,,,hallelujah,0,1,0,0,0,0,0,0,0,0,0
5410fda708ad6ee3090e5362,5410fda708ad6ee3090e5362,dublin,male,1980-01-01,,irish,,,False,31.0,False,,,,,,,,1.0,3.0,4.0,3.0,2.0,4.0,3.0,,,,,,,,,,,,,,,,,,,,,,,,,,,,,,,,,,,,,,,,,,,hallelujah,0,1,1,0,0,1,1,1,1,1,0
5410fe0208ad6ee3090e54c4,5410fe0208ad6ee3090e54c4,dublin,female,1999-01-01,,other,,,False,12.0,True,,,,,,,,,4.0,4.0,4.0,3.0,2.0,2.0,,,,,,,,,,,2.0,2.0,3.0,1.0,1.0,3.0,1.0,1.0,1.0,1.0,,,,,,,,,,,,,,,,,,,,,,,hallelujah,0,1,0,0,0,0,1,0,1,0,0
5410fe3c08ad6ee3090e55a2,5410fe3c08ad6ee3090e55a2,dublin,male,1970-01-01,,irish,,,False,41.0,False,,,,,,,,3.0,4.0,3.0,5.0,1.0,3.0,1.0,,,,,,,,,,,,,,,,,,,,,,,,,,,,,,,,,,,,,,,,,,,hallelujah,0,1,0,0,0,0,0,0,1,0,0
5410fe8808ad6ee3090e56ad,5410fe8808ad6ee3090e56ad,dublin,male,1990-01-01,,other,,,False,21.0,True,,,,,,,,,2.0,3.0,4.0,1.0,3.0,1.0,,,,,,,,,,,4.0,2.0,4.0,2.0,4.0,4.0,3.0,2.0,5.0,3.0,,,,,,,,,,,,,,,,,,,,,,,hallelujah,0,1,1,0,0,0,1,1,1,1,0
5410fe8808ad6ee3090e56b0,5410fe8808ad6ee3090e56b0,dublin,male,1988-01-01,,british,,,False,23.0,False,,,,,,,,,4.0,4.0,4.0,3.0,4.0,3.0,,,,,,,,,,,2.0,2.0,2.0,2.0,2.0,2.0,2.0,4.0,2.0,3.0,,,,,,,,,,,,,,,,,,,,,,,hallelujah,0,1,0,0,0,0,0,0,0,0,0
5410fe9f08ad6ee3090e5709,5410fe9f08ad6ee3090e5709,dublin,female,1993-01-01,True,other,,4,False,18.0,False,,,,,,,,,,2.0,,,,,,,,,,,,,,,,1.0,,,,5.0,5.0,,,,,,,,,3.0,5.0,1.0,4.0,1.0,,,,,,,,,,,,,hallelujah,0,1,0,0,0,0,0,0,0,0,0
5410fea008ad6ee3090e5711,5410fea008ad6ee3090e5711,dublin,male,1989-01-01,False,other,,2,False,22.0,False,,,,,,,,,,1.0,,,,,,,,,,,,,,,,2.0,,,,5.0,5.0,,,,,,,,,5.0,4.0,2.0,4.0,5.0,,,,,,,,,,,,,hallelujah,0,1,0,0,0,0,0,0,0,0,0
5410fea008ad6ee3090e5718,5410fea008ad6ee3090e5718,dublin,female,1994-01-01,False,other,,3,False,17.0,False,,,,,,,,,,2.0,,,,,,,,,,,,,,,,4.0,,,,4.0,4.0,,,,,,,,,3.0,2.0,3.0,4.0,4.0,,,,,,,,,,,,,hallelujah,0,1,0,0,0,0,0,0,0,0,0
5410ff7208ad6ee3090e5a53,5410ff7208ad6ee3090e5a53,dublin,male,1985-01-01,,irish,,,False,26.0,False,,,,,,,,,4.0,3.0,5.0,2.0,2.0,1.0,,,,,,,,,,,3.0,4.0,4.0,2.0,1.0,4.0,4.0,2.0,3.0,1.0,,,,,,,,,,,,,,,,,,,,,,,hallelujah,0,1,1,0,0,0,0,0,1,1,0
5410ff9208ad6ee3090e5ad9,5410ff9208ad6ee3090e5ad9,dublin,male,1990-01-01,True,irish,,2,False,21.0,False,,,,,,,,,,1.0,,,,,,,,,,,,,,,,3.0,,,,3.0,5.0,,,,,,,,,4.0,4.0,1.0,2.0,4.0,,,,,,,,,,,,,hallelujah,0,0,1,0,0,0,1,0,1,1,0
5410ffda08ad6ee3090e5baa,5410ffda08ad6ee3090e5baa,dublin,male,1990-01-01,False,other,,3,False,21.0,False,,,,,,,,1.0,4.0,3.0,2.0,4.0,3.0,2.0,,,,,,,,,,,,,,,,,,,,,,,,,,,,,,,,,,,,,,,,,,,hallelujah,1,0,0,0,0,0,0,0,0,0,0
5410ffdb08ad6ee3090e5bb8,5410ffdb08ad6ee3090e5bb8,dublin,male,1990-01-01,False,irish,,1,False,21.0,False,,,,,,,,1.0,3.0,4.0,4.0,3.0,3.0,2.0,,,,,,,,,,,,,,,,,,,,,,,,,,,,,,,,,,,,,,,,,,,hallelujah,0,0,1,0,0,0,0,0,1,0,0
5411002b08ad6ee3090e5cfb,5411002b08ad6ee3090e5cfb,dublin,female,1980-01-01,True,irish,,5,False,31.0,False,,,,,,,,,,1.0,,,,,,,,,,,,,,,,4.0,,,,4.0,5.0,,,,,,,,,4.0,1.0,3.0,4.0,4.0,,,,,,,,,,,,,hallelujah,0,1,0,0,0,0,0,1,0,1,0
5411002c08ad6ee3090e5d04,5411002c08ad6ee3090e5d04,dublin,male,1983-01-01,True,irish,,3,False,28.0,True,,,,,,,,,,1.0,,,,,,,,,,,,,,,,3.0,,,,4.0,4.0,,,,,,,,,4.0,3.0,3.0,5.0,4.0,,,,,,,,,,,,,hallelujah,0,1,1,0,0,0,0,0,1,0,0
5411008708ad6ee3090e5e6a,5411008708ad6ee3090e5e6a,dublin,male,1986-01-01,,irish,,,False,25.0,False,,,,,,,,,3.0,3.0,4.0,1.0,3.0,1.0,,,,,,,,,,,2.0,1.0,4.0,1.0,1.0,3.0,3.0,2.0,1.0,1.0,,,,,,,,,,,,,,,,,,,,,,,hallelujah,0,1,0,0,0,0,0,0,1,1,0
5411008808ad6ee3090e5e73,5411008808ad6ee3090e5e73,dublin,male,1999-01-01,,irish,,,True,12.0,False,,,,,,,,,3.0,5.0,3.0,2.0,2.0,3.0,,,,,,,,,,,4.0,3.0,3.0,1.0,2.0,2.0,3.0,1.0,2.0,4.0,,,,,,,,,,,,,,,,,,,,,,,hallelujah,0,1,0,0,0,0,0,0,0,0,0
541100bb08ad6ee3090e5f1f,541100bb08ad6ee3090e5f1f,dublin,female,1995-01-01,True,irish,,4,False,16.0,True,,,,,,,,,,1.0,,,,,,,,,,,,,,,,4.0,,,,5.0,4.0,,,,,,,,,3.0,2.0,2.0,4.0,3.0,,,,,,,,,,,,,hallelujah,0,1,0,0,0,0,0,0,0,0,0
5411012808ad6ee3090e60ba,5411012808ad6ee3090e60ba,dublin,female,1983-01-01,True,other,,3,False,28.0,False,,,,,,,,,,1.0,,,,,,,,,,,,,,,,2.0,,,,3.0,4.0,,,,,,,,,2.0,2.0,3.0,3.0,1.0,,,,,,,,,,,,,hallelujah,0,1,0,0,0,0,0,0,1,0,0
5411012808ad6ee3090e60bb,5411012808ad6ee3090e60bb,dublin,male,1986-01-01,True,irish,,5,False,25.0,False,,,,,,,,,,1.0,,,,,,,,,,,,,,,,4.0,,,,5.0,4.0,,,,,,,,,5.0,4.0,2.0,3.0,4.0,,,,,,,,,,,,,hallelujah,0,1,1,0,0,0,0,0,1,1,0
5411012908ad6ee3090e60c9,5411012908ad6ee3090e60c9,dublin,male,1988-01-01,False,other,,2,False,23.0,False,,,,,,,,,,1.0,,,,,,,,,,,,,,,,3.0,,,,3.0,4.0,,,,,,,,,3.0,2.0,3.0,4.0,3.0,,,,,,,,,,,,,hallelujah,0,0,0,0,0,0,0,0,1,0,0
5411015508ad6ee3090e6160,5411015508ad6ee3090e6160,dublin,male,1978-01-01,False,other,,1,False,33.0,False,,,,,,,,2.0,3.0,4.0,4.0,2.0,3.0,2.0,,,,,,,,,,,,,,,,,,,,,,,,,,,,,,,,,,,,,,,,,,,hallelujah,0,1,0,0,0,0,0,0,1,1,0
5411015608ad6ee3090e6171,5411015608ad6ee3090e6171,dublin,male,1999-01-01,False,irish,,2,False,12.0,False,,,,,,,,1.0,3.0,4.0,3.0,3.0,3.0,4.0,,,,,,,,,,,,,,,,,,,,,,,,,,,,,,,,,,,,,,,,,,,hallelujah,0,1,0,0,0,0,0,0,0,0,0
5411018808ad6ee3090e623b,5411018808ad6ee3090e623b,dublin,female,1988-01-01,,irish,,,False,23.0,False,,,,,,,,,3.0,4.0,5.0,1.0,3.0,1.0,,,,,,,,,,,4.0,4.0,1.0,4.0,4.0,4.0,4.0,4.0,4.0,4.0,,,,,,,,,,,,,,,,,,,,,,,hallelujah,0,1,1,0,0,0,0,0,1,1,0
5411018808ad6ee3090e6244,5411018808ad6ee3090e6244,dublin,female,1987-01-01,,irish,,,False,24.0,False,,,,,,,,,5.0,4.0,4.0,3.0,4.0,1.0,,,,,,,,,,,4.0,3.0,4.0,2.0,4.0,5.0,1.0,4.0,4.0,3.0,,,,,,,,,,,,,,,,,,,,,,,hallelujah,0,1,0,0,0,0,0,1,1,1,0
5411018908ad6ee3090e6256,5411018908ad6ee3090e6256,dublin,male,1947-01-01,,irish,,,False,64.0,False,,,,,,,,,3.0,3.0,3.0,2.0,2.0,3.0,,,,,,,,,,,3.0,3.0,3.0,2.0,3.0,2.0,2.0,3.0,3.0,3.0,,,,,,,,,,,,,,,,,,,,,,,hallelujah,0,0,0,0,0,0,0,1,0,0,0
541101b808ad6ee3090e62eb,541101b808ad6ee3090e62eb,dublin,male,1972-01-01,False,irish,,2,False,39.0,False,,,,,,,,4.0,4.0,3.0,4.0,1.0,3.0,3.0,,,,,,,,,,,,,,,,,,,,,,,,,,,,,,,,,,,,,,,,,,,hallelujah,0,1,1,0,0,0,0,1,0,0,0
541101b908ad6ee3090e62f8,541101b908ad6ee3090e62f8,dublin,male,1975-01-01,True,other,,4,False,36.0,False,,,,,,,,1.0,4.0,4.0,1.0,3.0,2.0,4.0,,,,,,,,,,,,,,,,,,,,,,,,,,,,,,,,,,,,,,,,,,,hallelujah,0,1,1,0,0,0,0,0,1,1,0
541101b908ad6ee3090e6304,541101b908ad6ee3090e6304,dublin,female,1982-01-01,False,irish,,3,False,29.0,False,,,,,,,,1.0,4.0,4.0,4.0,2.0,3.0,2.0,,,,,,,,,,,,,,,,,,,,,,,,,,,,,,,,,,,,,,,,,,,hallelujah,1,1,0,0,0,0,0,0,1,0,0
541101e408ad6ee3090e63b2,541101e408ad6ee3090e63b2,dublin,male,1972-01-01,,british,,,False,39.0,False,,,,,,,,,4.0,4.0,4.0,4.0,4.0,5.0,,,,,,,,,,,1.0,1.0,1.0,1.0,1.0,1.0,1.0,1.0,1.0,1.0,,,,,,,,,,,,,,,,,,,,,,,hallelujah,0,0,0,0,0,0,0,0,1,0,0
5411020b08ad6ee3090e643a,5411020b08ad6ee3090e643a,dublin,male,1986-01-01,True,irish,,2,False,25.0,False,,,,,,,,,,,,,,,,,,,,,,,,,,,,,,,,,,,,,,,,,,,,,,,,,,,,,,,,,hallelujah,0,1,0,0,0,0,0,0,1,0,0
5411020b08ad6ee3090e6442,5411020b08ad6ee3090e6442,dublin,male,1970-01-01,False,irish,,2,False,41.0,False,,,,,,,,,,,,,,,,,,,,,,,,,,,,,,,,,,,,,,,,,,,,,,,,,,,,,,,,,hallelujah,0,1,1,0,0,1,1,0,1,0,0
541102af08ad6ee3090e6651,541102af08ad6ee3090e6651,dublin,female,1970-01-01,,other,,,False,41.0,False,,,,,,,,2.0,1.0,4.0,4.0,2.0,1.0,1.0,,,,,,,,,,,,,,,,,,,,,,,,,,,,,,,,,,,,,,,,,,,hallelujah,1,0,0,0,0,0,0,0,1,0,0
541102af08ad6ee3090e6655,541102af08ad6ee3090e6655,dublin,male,1980-01-01,,irish,,,False,31.0,False,,,,,,,,3.0,2.0,4.0,4.0,2.0,2.0,2.0,,,,,,,,,,,,,,,,,,,,,,,,,,,,,,,,,,,,,,,,,,,hallelujah,0,1,1,0,0,0,1,0,1,0,0
541102b008ad6ee3090e6671,541102b008ad6ee3090e6671,dublin,female,1970-01-01,,irish,,,False,41.0,True,,,,,,,,2.0,3.0,4.0,4.0,4.0,3.0,3.0,,,,,,,,,,,,,,,,,,,,,,,,,,,,,,,,,,,,,,,,,,,hallelujah,0,0,0,0,0,0,0,0,1,0,0
541102b108ad6ee3090e6683,541102b108ad6ee3090e6683,dublin,female,1990-01-01,,irish,,,False,21.0,True,,,,,,,,2.0,4.0,4.0,2.0,5.0,3.0,4.0,,,,,,,,,,,,,,,,,,,,,,,,,,,,,,,,,,,,,,,,,,,hallelujah,0,1,0,0,0,0,0,0,0,0,0
541102d908ad6ee3090e671a,541102d908ad6ee3090e671a,dublin,male,1993-01-01,False,other,,2,False,18.0,False,,,,,,,,,,,,,,,,,,,,,,,,,,,,,,,,,,,,,,,,,,,,,,,,,,,,,,,,,hallelujah,0,0,0,0,0,0,0,0,1,0,0
5411031008ad6ee3090e67e0,5411031008ad6ee3090e67e0,dublin,female,1977-01-01,True,irish,,4,True,34.0,False,,,,,,,,4.0,2.0,5.0,5.0,1.0,1.0,1.0,,,,,,,,,,,,,,,,,,,,,,,,,,,,,,,,,,,,,,,,,,,hallelujah,0,1,0,0,0,0,0,0,1,0,0
5411031108ad6ee3090e67ed,5411031108ad6ee3090e67ed,dublin,male,1992-01-01,True,irish,,5,False,19.0,False,,,,,,,,5.0,2.0,1.0,5.0,1.0,4.0,1.0,,,,,,,,,,,,,,,,,,,,,,,,,,,,,,,,,,,,,,,,,,,hallelujah,0,0,0,0,0,0,0,0,1,0,0
5411031108ad6ee3090e67f0,5411031108ad6ee3090e67f0,dublin,female,1988-01-01,True,other,,4,False,23.0,False,,,,,,,,2.0,3.0,3.0,5.0,2.0,2.0,1.0,,,,,,,,,,,,,,,,,,,,,,,,,,,,,,,,,,,,,,,,,,,hallelujah,0,1,0,0,0,1,1,1,1,1,0
5411031208ad6ee3090e67fb,5411031208ad6ee3090e67fb,dublin,male,1982-01-01,True,irish,,4,False,29.0,False,,,,,,,,4.0,2.0,4.0,5.0,2.0,4.0,1.0,,,,,,,,,,,,,,,,,,,,,,,,,,,,,,,,,,,,,,,,,,,hallelujah,1,0,1,0,0,0,0,1,1,0,0
5411036108ad6ee3090e68dc,5411036108ad6ee3090e68dc,dublin,female,1980-01-01,,other,,,True,31.0,False,,,,,,,,2.0,5.0,3.0,4.0,2.0,4.0,2.0,,,,,,,,,,,,,,,,,,,,,,,,,,,,,,,,,,,,,,,,,,,hallelujah,0,0,1,0,0,0,0,0,0,0,0
5411036108ad6ee3090e68e1,5411036108ad6ee3090e68e1,dublin,male,2000-01-01,,irish,,,False,11.0,False,,,,,,,,1.0,2.0,3.0,5.0,2.0,3.0,2.0,,,,,,,,,,,,,,,,,,,,,,,,,,,,,,,,,,,,,,,,,,,hallelujah,0,0,0,0,0,0,0,0,1,0,0
5411036108ad6ee3090e68e5,5411036108ad6ee3090e68e5,dublin,male,1970-01-01,,irish,,,False,41.0,False,,,,,,,,2.0,3.0,4.0,4.0,3.0,2.0,2.0,,,,,,,,,,,,,,,,,,,,,,,,,,,,,,,,,,,,,,,,,,,hallelujah,0,1,1,0,0,0,0,0,1,0,0
5411036108ad6ee3090e68eb,5411036108ad6ee3090e68eb,dublin,male,1990-01-01,,irish,,,False,21.0,False,,,,,,,,1.0,4.0,4.0,4.0,3.0,2.0,2.0,,,,,,,,,,,,,,,,,,,,,,,,,,,,,,,,,,,,,,,,,,,hallelujah,0,1,1,0,0,1,1,1,1,0,0
541103ac08ad6ee3090e69ee,541103ac08ad6ee3090e69ee,dublin,female,1993-01-01,True,irish,,3,False,18.0,True,,,,,,,,,,,,,,,,,,,,,,,,,,,,,,,,,,,,,,,,,,,,,,,,,,,,,,,,,hallelujah,0,0,0,0,0,0,0,0,1,0,0
541103ad08ad6ee3090e6a09,541103ad08ad6ee3090e6a09,dublin,female,1990-01-01,False,other,,3,False,21.0,False,,,,,,,,,,,,,,,,,,,,,,,,,,,,,,,,,,,,,,,,,,,,,,,,,,,,,,,,,hallelujah,1,1,1,0,0,0,0,1,1,0,0
5411041008ad6ee3090e6b59,5411041008ad6ee3090e6b59,dublin,female,1990-01-01,,other,,,False,21.0,False,,,,,,,,2.0,3.0,4.0,4.0,2.0,4.0,1.0,,,,,,,,,,,,,,,,,,,,,,,,,,,,,,,,,,,,,,,,,,,hallelujah,0,1,0,0,0,0,0,0,0,0,0
5411041108ad6ee3090e6b69,5411041108ad6ee3090e6b69,dublin,male,1980-01-01,,irish,,,False,31.0,False,,,,,,,,1.0,3.0,4.0,1.0,2.0,2.0,3.0,,,,,,,,,,,,,,,,,,,,,,,,,,,,,,,,,,,,,,,,,,,hallelujah,0,1,0,0,0,0,0,0,1,0,0
5411041208ad6ee3090e6b71,5411041208ad6ee3090e6b71,dublin,male,1990-01-01,,other,,,True,21.0,True,,,,,,,,2.0,3.0,3.0,2.0,3.0,3.0,3.0,,,,,,,,,,,,,,,,,,,,,,,,,,,,,,,,,,,,,,,,,,,hallelujah,0,1,0,0,0,0,1,0,0,0,0
5411043a08ad6ee3090e6bfd,5411043a08ad6ee3090e6bfd,dublin,female,1998-01-01,True,irish,,3,False,13.0,True,,,,,,,,,,,,,,,,,,,,,,,,,,,,,,,,,,,,,,,,,,,,,,,,,,,,,,,,,hallelujah,0,1,1,0,0,0,1,1,0,0,0
5411047508ad6ee3090e6cbe,5411047508ad6ee3090e6cbe,dublin,female,1963-01-01,False,irish,,2,False,48.0,False,,,,,,,,1.0,4.0,3.0,1.0,3.0,3.0,3.0,,,,,,,,,,,,,,,,,,,,,,,,,,,,,,,,,,,,,,,,,,,hallelujah,1,0,0,0,0,0,0,0,1,0,0
5411047608ad6ee3090e6ccd,5411047608ad6ee3090e6ccd,dublin,female,1955-01-01,False,irish,,4,False,56.0,False,,,,,,,,5.0,1.0,4.0,5.0,1.0,1.0,1.0,,,,,,,,,,,,,,,,,,,,,,,,,,,,,,,,,,,,,,,,,,,hallelujah,1,0,0,0,0,1,0,0,1,1,0
5411047808ad6ee3090e6ce1,5411047808ad6ee3090e6ce1,dublin,male,1957-01-01,False,irish,,3,False,54.0,True,,,,,,,,1.0,4.0,3.0,3.0,3.0,3.0,2.0,,,,,,,,,,,,,,,,,,,,,,,,,,,,,,,,,,,,,,,,,,,hallelujah,0,0,0,0,0,1,0,0,1,1,0
5411047808ad6ee3090e6ce6,5411047808ad6ee3090e6ce6,dublin,female,1993-01-01,True,irish,,4,False,18.0,False,,,,,,,,1.0,4.0,4.0,4.0,3.0,2.0,3.0,,,,,,,,,,,,,,,,,,,,,,,,,,,,,,,,,,,,,,,,,,,hallelujah,0,0,1,0,0,0,0,0,0,0,0
541104c108ad6ee3090e6ddd,541104c108ad6ee3090e6ddd,dublin,male,1988-01-01,False,other,,3,False,23.0,False,,,,,,,,2.0,4.0,4.0,4.0,2.0,4.0,2.0,,,,,,,,,,,,,,,,,,,,,,,,,,,,,,,,,,,,,,,,,,,hallelujah,0,0,1,0,0,0,0,0,0,0,0
541104c208ad6ee3090e6df3,541104c208ad6ee3090e6df3,dublin,female,1995-01-01,True,irish,,4,False,16.0,False,,,,,,,,1.0,4.0,4.0,4.0,2.0,2.0,3.0,,,,,,,,,,,,,,,,,,,,,,,,,,,,,,,,,,,,,,,,,,,hallelujah,0,1,0,0,0,0,0,0,1,1,0
5411051608ad6ee3090e6f03,5411051608ad6ee3090e6f03,dublin,female,1980-01-01,,other,,,False,31.0,False,,,,,,,,1.0,4.0,5.0,3.0,2.0,3.0,2.0,,,,,,,,,,,,,,,,,,,,,,,,,,,,,,,,,,,,,,,,,,,hallelujah,1,1,1,0,0,0,1,1,1,1,0
5411051708ad6ee3090e6f1c,5411051708ad6ee3090e6f1c,dublin,male,1990-01-01,,other,,,False,21.0,False,,,,,,,,4.0,2.0,3.0,4.0,2.0,2.0,2.0,,,,,,,,,,,,,,,,,,,,,,,,,,,,,,,,,,,,,,,,,,,hallelujah,1,0,0,0,0,1,1,0,1,1,0
5411054d08ad6ee3090e6fe3,5411054d08ad6ee3090e6fe3,dublin,female,1977-01-01,False,irish,,2,False,34.0,False,,,,,,,,4.0,4.0,3.0,4.0,3.0,2.0,1.0,,,,,,,,,,,,,,,,,,,,,,,,,,,,,,,,,,,,,,,,,,,hallelujah,0,1,0,0,0,0,0,0,1,1,0
5411059808ad6ee3090e70dc,5411059808ad6ee3090e70dc,dublin,female,2000-01-01,,irish,,,False,11.0,False,,,,,,,,1.0,3.0,5.0,3.0,5.0,2.0,3.0,,,,,,,,,,,,,,,,,,,,,,,,,,,,,,,,,,,,,,,,,,,hallelujah,0,1,0,0,0,0,0,0,0,0,0
5411059908ad6ee3090e70ee,5411059908ad6ee3090e70ee,dublin,male,1960-01-01,,irish,,,False,51.0,False,,,,,,,,2.0,4.0,5.0,3.0,2.0,2.0,2.0,,,,,,,,,,,,,,,,,,,,,,,,,,,,,,,,,,,,,,,,,,,hallelujah,0,1,0,0,0,0,0,0,1,0,0
5411059a08ad6ee3090e70f8,5411059a08ad6ee3090e70f8,dublin,female,1990-01-01,,other,,,False,21.0,False,,,,,,,,2.0,3.0,2.0,2.0,3.0,4.0,4.0,,,,,,,,,,,,,,,,,,,,,,,,,,,,,,,,,,,,,,,,,,,hallelujah,0,0,0,0,0,0,0,0,1,0,0
541105e008ad6ee3090e720c,541105e008ad6ee3090e720c,dublin,female,1991-01-01,True,irish,,3,False,20.0,False,,,,,,,,1.0,3.0,3.0,3.0,2.0,2.0,3.0,,,,,,,,,,,,,,,,,,,,,,,,,,,,,,,,,,,,,,,,,,,hallelujah,1,1,0,0,0,0,1,1,1,0,0
541105e008ad6ee3090e7216,541105e008ad6ee3090e7216,dublin,male,1995-01-01,True,irish,,3,False,16.0,False,,,,,,,,3.0,4.0,2.0,3.0,5.0,3.0,4.0,,,,,,,,,,,,,,,,,,,,,,,,,,,,,,,,,,,,,,,,,,,hallelujah,0,0,0,0,0,0,0,0,1,0,0
541105e108ad6ee3090e7221,541105e108ad6ee3090e7221,dublin,female,1953-01-01,False,irish,,2,False,58.0,False,,,,,,,,1.0,2.0,4.0,4.0,4.0,2.0,3.0,,,,,,,,,,,,,,,,,,,,,,,,,,,,,,,,,,,,,,,,,,,hallelujah,0,0,0,0,0,1,0,0,0,0,0
5411061e08ad6ee3090e72f7,5411061e08ad6ee3090e72f7,dublin,female,1930-01-01,,irish,,,False,81.0,False,,,,,,,,3.0,1.0,5.0,4.0,1.0,1.0,2.0,,,,,,,,,,,,,,,,,,,,,,,,,,,,,,,,,,,,,,,,,,,hallelujah,0,0,0,0,0,1,0,0,0,1,0
5411061f08ad6ee3090e72fc,5411061f08ad6ee3090e72fc,dublin,male,1980-01-01,,other,,,False,31.0,False,,,,,,,,1.0,4.0,4.0,4.0,4.0,3.0,3.0,,,,,,,,,,,,,,,,,,,,,,,,,,,,,,,,,,,,,,,,,,,hallelujah,0,0,0,0,0,0,0,0,1,0,0
5411061f08ad6ee3090e7305,5411061f08ad6ee3090e7305,dublin,female,1970-01-01,,irish,,,False,41.0,False,,,,,,,,3.0,3.0,3.0,4.0,2.0,2.0,2.0,,,,,,,,,,,,,,,,,,,,,,,,,,,,,,,,,,,,,,,,,,,hallelujah,0,1,0,0,0,0,0,1,1,0,0
5411065508ad6ee3090e73b9,5411065508ad6ee3090e73b9,dublin,male,1995-01-01,False,irish,,1,True,16.0,True,,,,,,,,,,,,,,,,,,,,,,,,,,,,,,,,,,,,,,,,,,,,,,,,,,,,,,,,,hallelujah,0,0,0,0,0,0,1,0,0,0,0
5411065608ad6ee3090e73be,5411065608ad6ee3090e73be,dublin,male,1993-01-01,True,irish,,4,False,18.0,True,,,,,,,,,,,,,,,,,,,,,,,,,,,,,,,,,,,,,,,,,,,,,,,,,,,,,,,,,hallelujah,0,1,1,0,0,0,0,1,0,1,0
5411065608ad6ee3090e73c6,5411065608ad6ee3090e73c6,dublin,male,1968-01-01,True,other,,4,False,43.0,True,,,,,,,,,,,,,,,,,,,,,,,,,,,,,,,,,,,,,,,,,,,,,,,,,,,,,,,,,hallelujah,0,0,0,0,0,0,0,0,0,1,0
5411065608ad6ee3090e73c9,5411065608ad6ee3090e73c9,dublin,male,1994-01-01,False,irish,,3,False,17.0,True,,,,,,,,,,,,,,,,,,,,,,,,,,,,,,,,,,,,,,,,,,,,,,,,,,,,,,,,,hallelujah,0,0,0,0,0,1,0,0,1,0,0
5411065708ad6ee3090e73d0,5411065708ad6ee3090e73d0,dublin,female,1962-01-01,True,other,,5,False,49.0,False,,,,,,,,,,,,,,,,,,,,,,,,,,,,,,,,,,,,,,,,,,,,,,,,,,,,,,,,,hallelujah,1,1,0,0,0,1,0,0,1,1,0
5411065708ad6ee3090e73dc,5411065708ad6ee3090e73dc,dublin,female,1956-01-01,True,irish,,4,False,55.0,True,,,,,,,,,,,,,,,,,,,,,,,,,,,,,,,,,,,,,,,,,,,,,,,,,,,,,,,,,hallelujah,0,1,1,0,0,0,0,0,0,1,0
5411065808ad6ee3090e73e1,5411065808ad6ee3090e73e1,dublin,female,1982-01-01,True,irish,,3,False,29.0,False,,,,,,,,,,,,,,,,,,,,,,,,,,,,,,,,,,,,,,,,,,,,,,,,,,,,,,,,,hallelujah,0,1,1,0,0,0,0,0,1,0,0
541106b708ad6ee3090e752c,541106b708ad6ee3090e752c,dublin,male,1990-01-01,,other,,,False,21.0,False,,,,,,,,5.0,2.0,4.0,5.0,1.0,1.0,1.0,,,,,,,,,,,,,,,,,,,,,,,,,,,,,,,,,,,,,,,,,,,hallelujah,0,1,0,0,0,1,0,0,1,0,0
541106b708ad6ee3090e752e,541106b708ad6ee3090e752e,dublin,male,1970-01-01,,irish,,,False,41.0,False,,,,,,,,4.0,4.0,5.0,5.0,1.0,1.0,1.0,,,,,,,,,,,,,,,,,,,,,,,,,,,,,,,,,,,,,,,,,,,hallelujah,0,0,0,0,0,0,0,0,1,0,0
541106b708ad6ee3090e7536,541106b708ad6ee3090e7536,dublin,female,1980-01-01,,irish,,,False,31.0,False,,,,,,,,1.0,3.0,3.0,3.0,4.0,3.0,2.0,,,,,,,,,,,,,,,,,,,,,,,,,,,,,,,,,,,,,,,,,,,hallelujah,0,1,0,0,0,0,0,0,1,0,0
541106b808ad6ee3090e753f,541106b808ad6ee3090e753f,dublin,male,1960-01-01,,other,,,False,51.0,False,,,,,,,,4.0,3.0,4.0,5.0,1.0,1.0,1.0,,,,,,,,,,,,,,,,,,,,,,,,,,,,,,,,,,,,,,,,,,,hallelujah,0,0,0,0,0,0,0,0,1,0,0
541106b808ad6ee3090e7546,541106b808ad6ee3090e7546,dublin,female,1990-01-01,,irish,,,False,21.0,False,,,,,,,,3.0,4.0,4.0,4.0,3.0,3.0,3.0,,,,,,,,,,,,,,,,,,,,,,,,,,,,,,,,,,,,,,,,,,,hallelujah,0,1,1,0,0,0,1,0,1,0,0
5411070e08ad6ee3090e761d,5411070e08ad6ee3090e761d,dublin,male,1972-01-01,True,irish,,2,False,39.0,False,,,,,,,,,,,,,,,,,,,,,,,,,,,,,,,,,,,,,,,,,,,,,,,,,,,,,,,,,hallelujah,0,1,0,0,0,0,0,0,1,0,0
5411070e08ad6ee3090e7627,5411070e08ad6ee3090e7627,dublin,female,1984-01-01,False,irish,,3,False,27.0,False,,,,,,,,,,,,,,,,,,,,,,,,,,,,,,,,,,,,,,,,,,,,,,,,,,,,,,,,,hallelujah,0,1,0,0,0,0,0,0,1,0,0
5411070f08ad6ee3090e762b,5411070f08ad6ee3090e762b,dublin,male,1989-01-01,True,irish,,2,False,22.0,False,,,,,,,,,,,,,,,,,,,,,,,,,,,,,,,,,,,,,,,,,,,,,,,,,,,,,,,,,hallelujah,0,0,0,0,0,0,0,0,1,0,0
5411070f08ad6ee3090e7637,5411070f08ad6ee3090e7637,dublin,female,1989-01-01,False,irish,,2,False,22.0,False,,,,,,,,,,,,,,,,,,,,,,,,,,,,,,,,,,,,,,,,,,,,,,,,,,,,,,,,,hallelujah,0,1,0,0,0,0,0,0,1,0,0
5411070f08ad6ee3090e7639,5411070f08ad6ee3090e7639,dublin,female,1979-01-01,False,irish,,2,False,32.0,True,,,,,,,,,,,,,,,,,,,,,,,,,,,,,,,,,,,,,,,,,,,,,,,,,,,,,,,,,hallelujah,0,1,1,0,0,0,0,0,1,0,0
5411076d08ad6ee3090e7774,5411076d08ad6ee3090e7774,dublin,male,1970-01-01,,irish,,,False,41.0,True,,,,,,,,2.0,2.0,4.0,4.0,1.0,1.0,3.0,,,,,,,,,,,,,,,,,,,,,,,,,,,,,,,,,,,,,,,,,,,hallelujah,0,1,1,0,0,0,0,1,1,0,0
5411076f08ad6ee3090e7798,5411076f08ad6ee3090e7798,dublin,male,1980-01-01,,irish,,,False,31.0,False,,,,,,,,4.0,4.0,4.0,4.0,2.0,2.0,1.0,,,,,,,,,,,,,,,,,,,,,,,,,,,,,,,,,,,,,,,,,,,hallelujah,0,0,0,0,0,0,0,1,1,0,0
5411076f08ad6ee3090e779a,5411076f08ad6ee3090e779a,dublin,male,1990-01-01,,other,,,False,21.0,False,,,,,,,,1.0,4.0,4.0,2.0,4.0,3.0,4.0,,,,,,,,,,,,,,,,,,,,,,,,,,,,,,,,,,,,,,,,,,,hallelujah,0,1,1,0,0,0,0,0,0,0,0
5411077108ad6ee3090e77b3,5411077108ad6ee3090e77b3,dublin,female,1990-01-01,,irish,,,False,21.0,False,,,,,,,,2.0,2.0,2.0,5.0,2.0,1.0,1.0,,,,,,,,,,,,,,,,,,,,,,,,,,,,,,,,,,,,,,,,,,,hallelujah,1,1,0,0,0,0,0,1,1,1,0
570eb72f83a73509d0e02101,570eb72f83a73509d0e02101,taichung_city,female,,,taiwanese,,1,False,19.0,False,,5,3,-1,4,4,5,,2.0,2.0,4.0,3.0,4.0,2.0,,,,,,,,,,,,,,,,,,,,,,,,,3,,,,,5.0,en,4.0,1.0,4.0,4.0,3.0,3.0,4.0,2.0,4.0,4.0,5.0,hallelujah,0,1,0,0,0,0,0,0,0,0,0
570eb75c83a73509d0e02ff2,570eb75c83a73509d0e02ff2,taipei_city,male,,,taiwanese,,3,False,12.0,False,,3,3,-1,2,3,2,,4.0,5.0,5.0,4.0,5.0,5.0,,,,,,,,,,,,,,,,,,,,,,,,,4,,,,,2.0,en,4.0,3.0,5.0,4.0,3.0,4.0,3.0,4.0,4.0,2.0,4.0,hallelujah,0,1,0,0,0,0,0,0,0,1,0
570eb7ac83a73509d0e04918,570eb7ac83a73509d0e04918,taipei_city,female,,,japanese,,2,False,54.0,True,,4,1,-1,1,1,1,,4.0,5.0,1.0,5.0,5.0,4.0,,,,,,,,,,,,,,,,,,,,,,,,,2,,,,,4.0,en,4.0,2.0,4.0,2.0,2.0,4.0,2.0,4.0,3.0,1.0,5.0,hallelujah,0,0,0,0,0,0,0,0,0,1,0
570eb75283a73509d0e02c68,570eb75283a73509d0e02c68,taipei_city,male,,,taiwanese,,3,False,50.0,False,,4,4,-1,3,3,2,,2.0,3.0,1.0,3.0,3.0,3.0,,,,,,,,,,,,,,,,,,,,,,,,,3,,,,,4.0,zh_TW,3.0,2.0,3.0,3.0,2.0,3.0,3.0,4.0,4.0,4.0,5.0,hallelujah,0,0,0,0,0,0,0,0,0,1,0
570eb76a83a73509d0e034b7,570eb76a83a73509d0e034b7,taichung_city,female,,,taiwanese,,4,False,19.0,True,,3,4,-1,3,3,3,,4.0,5.0,2.0,4.0,5.0,4.0,,,,,,,,,,,,,,,,,,,,,,,,,3,,,,,4.0,en,2.0,1.0,3.0,3.0,3.0,5.0,2.0,3.0,2.0,2.0,5.0,hallelujah,0,1,0,0,0,0,0,0,1,1,0
570eb73683a73509d0e0235a,570eb73683a73509d0e0235a,taipei_city,male,,,taiwanese,,1,False,48.0,True,,3,2,-1,2,2,2,,4.0,3.0,2.0,4.0,4.0,4.0,,,,,,,,,,,,,,,,,,,,,,,,,3,,,,,4.0,en,2.0,3.0,4.0,3.0,2.0,4.0,2.0,4.0,4.0,3.0,3.0,hallelujah,0,1,0,0,0,0,0,1,0,0,0
570eb72983a73509d0e01f07,570eb72983a73509d0e01f07,taichung_city,male,,,taiwanese,,3,False,18.0,True,,3,3,-1,4,3,3,,4.0,4.0,3.0,3.0,4.0,4.0,,,,,,,,,,,,,,,,,,,,,,,,,4,,,,,4.0,en,4.0,2.0,4.0,3.0,3.0,4.0,4.0,4.0,4.0,2.0,3.0,hallelujah,1,1,1,0,1,0,0,1,1,1,1
570eb76d83a73509d0e0359e,570eb76d83a73509d0e0359e,taipei_city,female,,,taiwanese,,5,True,1.0,False,,4,5,-1,5,5,5,,5.0,5.0,5.0,5.0,5.0,5.0,,,,,,,,,,,,,,,,,,,,,,,,,5,,,,,5.0,en,5.0,5.0,5.0,5.0,5.0,5.0,5.0,5.0,5.0,5.0,5.0,hallelujah,0,1,0,0,0,0,0,1,0,0,0
570eb7a683a73509d0e04771,570eb7a683a73509d0e04771,taipei_city,female,,,taiwanese,,1,False,31.0,True,,3,2,-1,4,2,2,,4.0,4.0,1.0,4.0,4.0,4.0,,,,,,,,,,,,,,,,,,,,,,,,,3,,,,,4.0,zh_TW,5.0,2.0,2.0,2.0,4.0,4.0,4.0,4.0,4.0,4.0,2.0,hallelujah,0,0,0,0,1,0,0,0,0,0,0
570eb79483a73509d0e041c5,570eb79483a73509d0e041c5,taichung_city,female,,,taiwanese,,1,False,40.0,False,,3,3,-1,3,3,3,,4.0,4.0,4.0,4.0,4.0,4.0,,,,,,,,,,,,,,,,,,,,,,,,,3,,,,,4.0,en,4.0,2.0,4.0,2.0,3.0,4.0,4.0,4.0,2.0,4.0,4.0,hallelujah,0,1,0,0,0,0,0,0,0,0,0
570eb7a083a73509d0e04592,570eb7a083a73509d0e04592,taipei_city,male,,,taiwanese,,1,False,9.0,True,,3,4,-1,3,3,3,,4.0,4.0,1.0,4.0,4.0,5.0,,,,,,,,,,,,,,,,,,,,,,,,,2,,,,,3.0,en,4.0,2.0,3.0,3.0,2.0,2.0,3.0,2.0,2.0,3.0,3.0,hallelujah,0,0,0,0,0,0,0,0,0,1,0
570eb7b383a73509d0e04b39,570eb7b383a73509d0e04b39,taipei_city,female,,,taiwanese,,1,False,16.0,False,,4,5,-1,4,4,5,,4.0,5.0,1.0,5.0,5.0,5.0,,,,,,,,,,,,,,,,,,,,,,,,,3,,,,,4.0,en,5.0,3.0,1.0,4.0,2.0,3.0,3.0,4.0,3.0,3.0,5.0,hallelujah,0,1,0,0,0,0,0,0,1,0,0
570eb77983a73509d0e0399e,570eb77983a73509d0e0399e,taipei_city,female,,,taiwanese,,2,False,21.0,True,,2,3,-1,2,1,2,,3.0,5.0,4.0,4.0,4.0,5.0,,,,,,,,,,,,,,,,,,,,,,,,,2,,,,,4.0,en,2.0,1.0,4.0,2.0,4.0,4.0,3.0,2.0,2.0,2.0,5.0,hallelujah,0,1,1,0,0,0,0,1,1,0,0
570eb79f83a73509d0e0454a,570eb79f83a73509d0e0454a,taipei_city,male,,,taiwanese,,1,False,38.0,False,,2,4,-1,4,2,2,,2.0,4.0,4.0,4.0,4.0,4.0,,,,,,,,,,,,,,,,,,,,,,,,,4,,,,,2.0,en,4.0,5.0,4.0,4.0,2.0,4.0,2.0,4.0,2.0,2.0,5.0,hallelujah,1,0,0,0,1,0,0,0,0,0,0
570eb75a83a73509d0e02f2d,570eb75a83a73509d0e02f2d,taipei_city,male,,,taiwanese,,3,False,14.0,False,,4,5,-1,4,4,5,,5.0,5.0,4.0,5.0,5.0,5.0,,,,,,,,,,,,,,,,,,,,,,,,,3,,,,,4.0,en,4.0,1.0,5.0,5.0,2.0,3.0,2.0,4.0,1.0,3.0,5.0,hallelujah,1,1,0,0,0,0,0,0,0,1,0
570eb7bc83a73509d0e04e43,570eb7bc83a73509d0e04e43,taichung_city,female,,,taiwanese,,3,False,7.0,False,,5,5,-1,5,5,5,,1.0,1.0,1.0,1.0,1.0,1.0,,,,,,,,,,,,,,,,,,,,,,,,,4,,,,,1.0,en,4.0,1.0,2.0,4.0,4.0,1.0,4.0,1.0,1.0,2.0,5.0,hallelujah,0,0,0,0,0,0,0,0,0,1,0
570eb74483a73509d0e027df,570eb74483a73509d0e027df,taipei_city,female,,,taiwanese,,1,False,18.0,False,,2,2,-1,2,2,2,,2.0,3.0,1.0,2.0,4.0,3.0,,,,,,,,,,,,,,,,,,,,,,,,,3,,,,,3.0,en,2.0,3.0,2.0,4.0,1.0,4.0,2.0,3.0,3.0,2.0,2.0,hallelujah,0,0,0,0,0,0,0,0,0,1,0
570eb73383a73509d0e0224f,570eb73383a73509d0e0224f,taipei_city,female,,,taiwanese,,2,False,36.0,False,,4,5,-1,4,5,5,,3.0,3.0,3.0,3.0,3.0,3.0,,,,,,,,,,,,,,,,,,,,,,,,,4,,,,,3.0,en,4.0,2.0,4.0,2.0,2.0,5.0,3.0,5.0,4.0,3.0,3.0,hallelujah,0,1,0,0,0,0,0,0,0,0,0
570eb76583a73509d0e032db,570eb76583a73509d0e032db,taipei_city,female,,,taiwanese,,2,False,38.0,False,,3,3,-1,3,3,3,,4.0,4.0,3.0,4.0,4.0,4.0,,,,,,,,,,,,,,,,,,,,,,,,,3,,,,,4.0,en,2.0,2.0,2.0,3.0,2.0,2.0,2.0,4.0,2.0,2.0,3.0,hallelujah,0,1,0,0,0,0,0,0,0,0,0
570eb73483a73509d0e0227d,570eb73483a73509d0e0227d,taipei_city,male,,,taiwanese,,3,False,20.0,False,,3,4,-1,3,4,5,,4.0,4.0,1.0,4.0,5.0,5.0,,,,,,,,,,,,,,,,,,,,,,,,,3,,,,,2.0,en,4.0,1.0,4.0,4.0,2.0,5.0,4.0,5.0,3.0,2.0,4.0,hallelujah,0,0,0,0,0,0,0,1,1,0,0
570eb75883a73509d0e02e8b,570eb75883a73509d0e02e8b,taipei_city,female,,,taiwanese,,3,False,15.0,False,,2,1,-1,2,2,2,,4.0,5.0,5.0,4.0,2.0,5.0,,,,,,,,,,,,,,,,,,,,,,,,,1,,,,,1.0,en,5.0,2.0,3.0,4.0,2.0,5.0,2.0,5.0,4.0,2.0,3.0,hallelujah,0,1,0,0,1,0,0,1,0,1,0
570eb73e83a73509d0e025f2,570eb73e83a73509d0e025f2,taipei_city,female,,,taiwanese,,1,True,16.0,True,,5,5,-1,5,5,4,,5.0,5.0,3.0,4.0,4.0,5.0,,,,,,,,,,,,,,,,,,,,,,,,,5,,,,,5.0,zh_TW,2.0,5.0,5.0,5.0,3.0,4.0,5.0,5.0,5.0,4.0,5.0,hallelujah,0,1,1,0,0,0,0,0,1,0,0
570eb76483a73509d0e03296,570eb76483a73509d0e03296,taipei_city,male,,,taiwanese,,3,False,45.0,False,,5,5,-1,5,4,5,,5.0,5.0,3.0,5.0,5.0,5.0,,,,,,,,,,,,,,,,,,,,,,,,,1,,,,,5.0,en,4.0,2.0,4.0,4.0,4.0,1.0,3.0,3.0,1.0,4.0,5.0,hallelujah,0,0,0,0,1,0,0,0,0,0,0
570eb72483a73509d0e01d55,570eb72483a73509d0e01d55,taipei_city,male,,,taiwanese,,2,False,19.0,False,,3,3,-1,4,2,3,,2.0,5.0,2.0,5.0,4.0,4.0,,,,,,,,,,,,,,,,,,,,,,,,,3,,,,,3.0,en,4.0,2.0,4.0,2.0,4.0,5.0,3.0,3.0,4.0,2.0,5.0,hallelujah,0,1,1,0,0,0,0,0,0,1,0
570eb7b683a73509d0e04c45,570eb7b683a73509d0e04c45,taipei_city,female,,,taiwanese,,4,False,22.0,True,,2,4,-1,4,3,3,,4.0,4.0,5.0,5.0,2.0,5.0,,,,,,,,,,,,,,,,,,,,,,,,,3,,,,,2.0,en,2.0,1.0,4.0,4.0,2.0,4.0,2.0,4.0,2.0,4.0,4.0,hallelujah,0,1,0,0,0,0,0,0,0,0,0
570eb75d83a73509d0e03063,570eb75d83a73509d0e03063,taipei_city,male,,,taiwanese,,1,False,10.0,False,,1,3,-1,1,5,3,,3.0,5.0,1.0,5.0,3.0,5.0,,,,,,,,,,,,,,,,,,,,,,,,,1,,,,,1.0,en,4.0,1.0,5.0,1.0,5.0,5.0,4.0,4.0,1.0,1.0,3.0,hallelujah,0,1,0,0,0,0,0,0,0,0,0
570eb73183a73509d0e021ba,570eb73183a73509d0e021ba,taichung_city,female,,,taiwanese,,3,False,20.0,False,,3,3,-1,1,1,1,,4.0,5.0,1.0,4.0,5.0,4.0,,,,,,,,,,,,,,,,,,,,,,,,,5,,,,,5.0,en,4.0,2.0,4.0,2.0,5.0,4.0,2.0,5.0,2.0,4.0,4.0,hallelujah,0,1,0,0,0,0,0,0,0,0,0
570eb77883a73509d0e0394c,570eb77883a73509d0e0394c,taipei_city,male,,,taiwanese,,2,False,18.0,False,,3,4,-1,4,4,4,,2.0,5.0,3.0,4.0,4.0,4.0,,,,,,,,,,,,,,,,,,,,,,,,,2,,,,,2.0,en,4.0,2.0,4.0,4.0,2.0,4.0,4.0,4.0,4.0,4.0,4.0,hallelujah,0,1,0,0,0,0,0,0,1,0,0
570eb78d83a73509d0e03fb8,570eb78d83a73509d0e03fb8,taipei_city,female,,,taiwanese,,3,False,55.0,True,,3,4,-1,3,4,3,,2.0,5.0,4.0,5.0,5.0,5.0,,,,,,,,,,,,,,,,,,,,,,,,,3,,,,,2.0,en,4.0,2.0,4.0,4.0,4.0,4.0,2.0,4.0,2.0,4.0,4.0,hallelujah,0,1,1,0,1,0,0,0,0,1,0
570eb73283a73509d0e02206,570eb73283a73509d0e02206,taipei_city,male,,,taiwanese,,3,False,13.0,False,,4,4,-1,4,4,4,,4.0,5.0,4.0,5.0,4.0,5.0,,,,,,,,,,,,,,,,,,,,,,,,,3,,,,,4.0,en,4.0,4.0,4.0,4.0,4.0,5.0,5.0,1.0,2.0,2.0,5.0,hallelujah,0,1,0,0,0,0,0,0,0,0,0
570eb72b83a73509d0e01f76,570eb72b83a73509d0e01f76,taipei_city,male,,,indonesian,,5,False,40.0,False,,5,5,-1,5,5,5,,1.0,1.0,1.0,1.0,1.0,1.0,,,,,,,,,,,,,,,,,,,,,,,,,5,,,,,1.0,en,5.0,1.0,5.0,5.0,5.0,1.0,5.0,1.0,5.0,3.0,5.0,hallelujah,0,0,0,0,0,0,0,0,1,0,0
570eb78183a73509d0e03c14,570eb78183a73509d0e03c14,taichung_city,female,,,taiwanese,,1,False,24.0,False,,1,4,-1,2,3,3,,1.0,5.0,4.0,5.0,5.0,5.0,,,,,,,,,,,,,,,,,,,,,,,,,4,,,,,3.0,en,2.0,2.0,2.0,4.0,1.0,5.0,3.0,3.0,2.0,2.0,4.0,hallelujah,0,1,0,0,0,0,0,0,1,0,0
570eb72683a73509d0e01df0,570eb72683a73509d0e01df0,taipei_city,female,,,taiwanese,,1,False,21.0,False,,3,4,-1,1,5,3,,4.0,5.0,5.0,4.0,4.0,5.0,,,,,,,,,,,,,,,,,,,,,,,,,3,,,,,4.0,en,5.0,2.0,4.0,4.0,3.0,5.0,5.0,4.0,4.0,5.0,3.0,hallelujah,0,1,0,0,0,0,0,0,0,0,0
570eb75483a73509d0e02d40,570eb75483a73509d0e02d40,taipei_city,female,,,american,,3,False,14.0,False,,1,3,-1,1,2,1,,4.0,5.0,4.0,5.0,5.0,4.0,,,,,,,,,,,,,,,,,,,,,,,,,4,,,,,4.0,en,4.0,1.0,5.0,3.0,2.0,5.0,4.0,4.0,2.0,3.0,4.0,hallelujah,0,1,0,0,0,0,0,0,0,0,1
570eb7bf83a73509d0e04f0c,570eb7bf83a73509d0e04f0c,taichung_city,female,,,taiwanese,,3,False,11.0,True,,4,4,-1,4,4,5,,4.0,3.0,3.0,3.0,3.0,3.0,,,,,,,,,,,,,,,,,,,,,,,,,4,,,,,4.0,en,4.0,3.0,4.0,3.0,4.0,3.0,4.0,3.0,4.0,3.0,3.0,hallelujah,0,0,0,0,0,0,0,0,0,1,0
570eb74d83a73509d0e02adb,570eb74d83a73509d0e02adb,taichung_city,female,,,taiwanese,,1,False,40.0,False,,3,4,-1,3,3,3,,4.0,4.0,4.0,4.0,4.0,4.0,,,,,,,,,,,,,,,,,,,,,,,,,3,,,,,4.0,en,4.0,2.0,4.0,4.0,2.0,4.0,4.0,4.0,2.0,4.0,4.0,hallelujah,0,1,0,0,0,0,0,0,0,1,0
570eb7b083a73509d0e04a3c,570eb7b083a73509d0e04a3c,taipei_city,female,,,taiwanese,,2,False,47.0,False,,2,4,-1,3,2,2,,3.0,4.0,4.0,4.0,4.0,4.0,,,,,,,,,,,,,,,,,,,,,,,,,4,,,,,4.0,zh_TW,4.0,2.0,4.0,3.0,3.0,3.0,3.0,3.0,3.0,3.0,4.0,hallelujah,0,1,0,0,0,0,0,0,0,1,0
570eb73383a73509d0e02231,570eb73383a73509d0e02231,taipei_city,female,,,taiwanese,,2,False,20.0,True,,2,3,-1,4,2,2,,3.0,4.0,1.0,4.0,4.0,4.0,,,,,,,,,,,,,,,,,,,,,,,,,4,,,,,4.0,en,4.0,1.0,4.0,4.0,2.0,4.0,2.0,5.0,4.0,4.0,4.0,hallelujah,0,1,0,0,0,0,0,0,0,0,1
570eb75283a73509d0e02ca9,570eb75283a73509d0e02ca9,taipei_city,male,,,taiwanese,,5,False,22.0,False,,1,1,-1,3,2,1,,5.0,5.0,1.0,5.0,5.0,5.0,,,,,,,,,,,,,,,,,,,,,,,,,4,,,,,5.0,en,4.0,1.0,5.0,2.0,4.0,4.0,4.0,4.0,4.0,2.0,5.0,hallelujah,0,1,1,0,0,0,0,0,1,0,0
570eb75683a73509d0e02de1,570eb75683a73509d0e02de1,taipei_city,male,,,taiwanese,,5,False,20.0,True,,2,4,-1,3,3,3,,5.0,5.0,1.0,5.0,5.0,5.0,,,,,,,,,,,,,,,,,,,,,,,,,4,,,,,5.0,en,5.0,1.0,4.0,2.0,4.0,4.0,4.0,3.0,4.0,4.0,5.0,hallelujah,0,1,0,0,1,0,0,0,1,1,0
570eb78d83a73509d0e03fa5,570eb78d83a73509d0e03fa5,taipei_city,male,,,taiwanese,,2,False,20.0,True,,2,2,-1,3,2,3,,2.0,5.0,4.0,5.0,4.0,5.0,,,,,,,,,,,,,,,,,,,,,,,,,3,,,,,1.0,en,4.0,2.0,3.0,4.0,2.0,4.0,2.0,4.0,3.0,4.0,5.0,hallelujah,0,1,0,0,0,0,0,0,1,0,0
570eb74883a73509d0e02928,570eb74883a73509d0e02928,taipei_city,male,,,taiwanese,,1,False,25.0,True,,3,2,-1,2,3,2,,4.0,5.0,5.0,5.0,5.0,5.0,,,,,,,,,,,,,,,,,,,,,,,,,3,,,,,1.0,en,4.0,3.0,5.0,2.0,3.0,4.0,3.0,3.0,2.0,5.0,4.0,hallelujah,0,1,0,0,0,0,0,1,0,1,1
570eb74b83a73509d0e02a36,570eb74b83a73509d0e02a36,taipei_city,male,,,taiwanese,,1,False,26.0,True,,2,4,-1,3,3,3,,3.0,4.0,1.0,4.0,5.0,4.0,,,,,,,,,,,,,,,,,,,,,,,,,5,,,,,3.0,en,5.0,4.0,3.0,4.0,2.0,2.0,3.0,3.0,5.0,4.0,4.0,hallelujah,0,1,0,0,0,0,0,0,0,0,0
570eb74683a73509d0e0289b,570eb74683a73509d0e0289b,taipei_city,male,,,taiwanese,,1,False,12.0,False,,2,2,-1,3,3,2,,3.0,4.0,1.0,3.0,4.0,4.0,,,,,,,,,,,,,,,,,,,,,,,,,4,,,,,2.0,zh_TW,5.0,3.0,3.0,5.0,2.0,5.0,2.0,4.0,3.0,2.0,3.0,hallelujah,0,1,0,0,0,0,0,0,0,0,0
570eb74e83a73509d0e02b4f,570eb74e83a73509d0e02b4f,taichung_city,female,,,taiwanese,,3,False,17.0,False,,4,3,-1,2,3,4,,4.0,4.0,5.0,5.0,5.0,5.0,,,,,,,,,,,,,,,,,,,,,,,,,5,,,,,4.0,en,4.0,1.0,5.0,3.0,4.0,4.0,4.0,3.0,4.0,2.0,4.0,hallelujah,0,1,0,0,0,0,0,0,0,1,0
570eb7a283a73509d0e0462b,570eb7a283a73509d0e0462b,taipei_city,female,,,japanese,,4,True,22.0,True,,1,4,-1,4,4,4,,2.0,4.0,2.0,1.0,3.0,2.0,,,,,,,,,,,,,,,,,,,,,,,,,3,,,,,3.0,en,1.0,5.0,5.0,5.0,2.0,4.0,1.0,1.0,3.0,4.0,4.0,hallelujah,0,0,1,0,0,0,0,1,0,0,1
570eb76383a73509d0e0325f,570eb76383a73509d0e0325f,taichung_city,female,,,taiwanese,,4,False,24.0,True,,3,5,-1,1,3,3,,3.0,5.0,5.0,5.0,5.0,5.0,,,,,,,,,,,,,,,,,,,,,,,,,5,,,,,5.0,zh_TW,3.0,3.0,3.0,3.0,3.0,3.0,3.0,3.0,3.0,3.0,3.0,hallelujah,0,0,0,0,0,0,0,0,1,0,0
570eb7b683a73509d0e04c65,570eb7b683a73509d0e04c65,taipei_city,male,,,taiwanese,,3,False,26.0,False,,2,3,-1,4,2,1,,4.0,4.0,4.0,4.0,4.0,4.0,,,,,,,,,,,,,,,,,,,,,,,,,3,,,,,4.0,en,2.0,2.0,4.0,4.0,2.0,4.0,2.0,5.0,4.0,4.0,4.0,hallelujah,0,1,1,0,1,0,0,0,1,0,1
570eb73383a73509d0e0222e,570eb73383a73509d0e0222e,taichung_city,female,,,taiwanese,,1,False,16.0,False,,2,2,-1,2,2,2,,3.0,4.0,4.0,4.0,4.0,4.0,,,,,,,,,,,,,,,,,,,,,,,,,2,,,,,2.0,en,5.0,4.0,4.0,1.0,5.0,5.0,2.0,5.0,5.0,2.0,4.0,hallelujah,0,1,0,0,0,0,0,0,0,0,0
570eb79383a73509d0e0418a,570eb79383a73509d0e0418a,taichung_city,female,,,taiwanese,,3,False,21.0,False,,3,4,-1,1,1,2,,5.0,4.0,4.0,4.0,5.0,5.0,,,,,,,,,,,,,,,,,,,,,,,,,1,,,,,4.0,en,4.0,1.0,5.0,5.0,2.0,5.0,1.0,4.0,4.0,4.0,4.0,hallelujah,0,1,0,0,0,0,0,0,1,0,1
570eb77a83a73509d0e03a11,570eb77a83a73509d0e03a11,taichung_city,female,,,taiwanese,,2,False,21.0,False,,2,1,-1,2,1,1,,3.0,5.0,4.0,4.0,4.0,5.0,,,,,,,,,,,,,,,,,,,,,,,,,1,,,,,2.0,en,4.0,2.0,2.0,2.0,4.0,4.0,2.0,4.0,2.0,4.0,5.0,hallelujah,0,1,0,0,0,0,0,0,1,1,0
570eb78483a73509d0e03cf3,570eb78483a73509d0e03cf3,taipei_city,male,,,taiwanese,,2,False,43.0,False,,2,3,-1,3,4,4,,3.0,4.0,3.0,3.0,3.0,3.0,,,,,,,,,,,,,,,,,,,,,,,,,4,,,,,4.0,en,4.0,2.0,5.0,4.0,2.0,4.0,2.0,4.0,4.0,4.0,3.0,hallelujah,0,0,0,0,0,0,0,0,0,1,0
570eb76a83a73509d0e0349c,570eb76a83a73509d0e0349c,taipei_city,female,,,taiwanese,,3,False,18.0,False,,4,2,-1,4,4,4,,4.0,4.0,1.0,4.0,4.0,3.0,,,,,,,,,,,,,,,,,,,,,,,,,4,,,,,4.0,en,4.0,4.0,2.0,2.0,2.0,4.0,2.0,4.0,2.0,4.0,4.0,hallelujah,1,1,0,0,0,0,0,0,0,0,0
570eb75b83a73509d0e02f7a,570eb75b83a73509d0e02f7a,taipei_city,female,,,taiwanese,,3,False,13.0,False,,3,3,-1,4,4,3,,3.0,4.0,5.0,5.0,4.0,4.0,,,,,,,,,,,,,,,,,,,,,,,,,4,,,,,3.0,en,4.0,1.0,5.0,2.0,4.0,4.0,2.0,4.0,4.0,2.0,4.0,hallelujah,1,1,0,0,0,0,0,0,0,1,0
570eb77083a73509d0e03679,570eb77083a73509d0e03679,taipei_city,female,,,taiwanese,,5,False,20.0,False,,3,4,-1,4,3,3,,3.0,4.0,5.0,5.0,4.0,5.0,,,,,,,,,,,,,,,,,,,,,,,,,5,,,,,4.0,en,3.0,1.0,5.0,4.0,1.0,5.0,4.0,2.0,4.0,3.0,5.0,hallelujah,1,1,0,0,0,0,0,1,1,1,1
570eb77f83a73509d0e03b63,570eb77f83a73509d0e03b63,taichung_city,female,,,taiwanese,,3,False,21.0,False,,2,3,-1,2,3,3,,4.0,3.0,4.0,4.0,2.0,4.0,,,,,,,,,,,,,,,,,,,,,,,,,4,,,,,4.0,en,2.0,1.0,4.0,2.0,4.0,4.0,4.0,4.0,3.0,3.0,4.0,hallelujah,0,1,0,0,0,0,0,0,0,0,0
570eb75b83a73509d0e02f6a,570eb75b83a73509d0e02f6a,taipei_city,female,,,taiwanese,,1,False,25.0,True,,3,4,-1,2,3,3,,2.0,5.0,1.0,4.0,3.0,4.0,,,,,,,,,,,,,,,,,,,,,,,,,1,,,,,2.0,en,4.0,2.0,2.0,4.0,2.0,5.0,2.0,4.0,2.0,2.0,4.0,hallelujah,0,1,1,0,1,0,0,0,1,0,1
570eb76a83a73509d0e03493,570eb76a83a73509d0e03493,taichung_city,male,,,taiwanese,,1,False,17.0,False,,3,3,-1,1,3,3,,3.0,3.0,3.0,3.0,3.0,3.0,,,,,,,,,,,,,,,,,,,,,,,,,3,,,,,3.0,en,1.0,1.0,1.0,1.0,1.0,1.0,1.0,1.0,1.0,1.0,2.0,hallelujah,1,0,0,0,0,0,0,0,0,0,0
570eb7ba83a73509d0e04d91,570eb7ba83a73509d0e04d91,taichung_city,female,,,taiwanese,,2,False,18.0,False,,2,4,-1,3,4,5,,4.0,5.0,1.0,5.0,5.0,5.0,,,,,,,,,,,,,,,,,,,,,,,,,2,,,,,2.0,en,2.0,2.0,2.0,4.0,2.0,4.0,3.0,4.0,4.0,4.0,2.0,hallelujah,0,1,0,0,0,0,0,0,0,0,0
570eb75a83a73509d0e02f39,570eb75a83a73509d0e02f39,taipei_city,female,,,taiwanese,,3,False,14.0,True,,3,4,-1,4,4,4,,4.0,4.0,4.0,5.0,5.0,5.0,,,,,,,,,,,,,,,,,,,,,,,,,3,,,,,4.0,en,2.0,3.0,3.0,2.0,4.0,4.0,3.0,3.0,4.0,2.0,4.0,hallelujah,0,1,1,0,0,0,0,0,0,0,0
570eb74583a73509d0e0281a,570eb74583a73509d0e0281a,taipei_city,male,,,taiwanese,,4,False,28.0,True,,3,4,-1,4,3,3,,4.0,4.0,3.0,5.0,5.0,5.0,,,,,,,,,,,,,,,,,,,,,,,,,4,,,,,4.0,en,4.0,2.0,3.0,3.0,5.0,4.0,5.0,5.0,4.0,4.0,4.0,hallelujah,0,1,0,0,0,0,0,0,0,0,0
570eb74483a73509d0e027e3,570eb74483a73509d0e027e3,taichung_city,female,,,taiwanese,,2,False,22.0,False,,3,3,-1,3,3,3,,3.0,3.0,2.0,4.0,4.0,3.0,,,,,,,,,,,,,,,,,,,,,,,,,2,,,,,2.0,en,5.0,3.0,2.0,4.0,2.0,5.0,2.0,4.0,2.0,4.0,4.0,hallelujah,0,1,0,0,0,0,0,0,0,0,0
570eb74583a73509d0e0280f,570eb74583a73509d0e0280f,taipei_city,female,,,taiwanese,,3,False,12.0,True,,2,3,-1,1,3,1,,4.0,5.0,1.0,4.0,4.0,5.0,,,,,,,,,,,,,,,,,,,,,,,,,3,,,,,2.0,en,3.0,2.0,5.0,1.0,4.0,5.0,3.0,3.0,2.0,1.0,4.0,hallelujah,0,1,0,0,0,0,0,0,0,1,0
570eb78d83a73509d0e03f96,570eb78d83a73509d0e03f96,taipei_city,male,,,taiwanese,,1,False,13.0,True,,3,4,-1,3,4,3,,4.0,5.0,3.0,5.0,3.0,4.0,,,,,,,,,,,,,,,,,,,,,,,,,5,,,,,3.0,en,4.0,4.0,4.0,4.0,3.0,4.0,3.0,5.0,3.0,4.0,4.0,hallelujah,0,1,0,0,0,0,0,0,0,0,0
570eb79583a73509d0e04206,570eb79583a73509d0e04206,taipei_city,male,,,taiwanese,,4,False,16.0,False,,3,3,-1,1,3,2,,4.0,4.0,1.0,4.0,4.0,4.0,,,,,,,,,,,,,,,,,,,,,,,,,3,,,,,4.0,en,5.0,2.0,5.0,4.0,4.0,3.0,4.0,4.0,4.0,3.0,5.0,hallelujah,0,1,0,0,0,0,0,0,0,0,0
570eb73383a73509d0e02263,570eb73383a73509d0e02263,taipei_city,male,,,taiwanese,,1,False,23.0,True,,2,3,-1,3,4,2,,4.0,4.0,1.0,4.0,2.0,4.0,,,,,,,,,,,,,,,,,,,,,,,,,2,,,,,2.0,en,4.0,2.0,4.0,4.0,4.0,4.0,2.0,5.0,4.0,4.0,5.0,hallelujah,0,0,0,0,0,0,0,0,0,0,1
570eb74283a73509d0e0275a,570eb74283a73509d0e0275a,taichung_city,female,,,taiwanese,,2,False,37.0,False,,3,4,-1,4,3,3,,2.0,4.0,3.0,4.0,4.0,4.0,,,,,,,,,,,,,,,,,,,,,,,,,3,,,,,4.0,zh_TW,4.0,2.0,3.0,2.0,4.0,3.0,4.0,3.0,2.0,2.0,4.0,hallelujah,0,1,0,0,0,0,0,1,0,0,0
570eb78883a73509d0e03e08,570eb78883a73509d0e03e08,taipei_city,female,,,taiwanese,,3,False,19.0,False,,5,3,-1,5,3,3,,5.0,5.0,3.0,5.0,5.0,5.0,,,,,,,,,,,,,,,,,,,,,,,,,3,,,,,5.0,en,4.0,4.0,4.0,2.0,5.0,4.0,3.0,3.0,4.0,3.0,5.0,hallelujah,0,1,0,0,0,0,0,0,0,0,1
570eb7a183a73509d0e045c2,570eb7a183a73509d0e045c2,taipei_city,male,,,taiwanese,,1,False,46.0,True,,3,1,-1,2,1,1,,4.0,5.0,4.0,5.0,5.0,4.0,,,,,,,,,,,,,,,,,,,,,,,,,1,,,,,4.0,zh_TW,4.0,2.0,5.0,5.0,2.0,4.0,2.0,5.0,3.0,4.0,5.0,hallelujah,0,1,0,0,0,0,0,0,0,0,0
570eb76283a73509d0e031f8,570eb76283a73509d0e031f8,taipei_city,male,,,taiwanese,,1,False,26.0,True,,1,5,-1,4,4,4,,3.0,5.0,5.0,4.0,5.0,5.0,,,,,,,,,,,,,,,,,,,,,,,,,4,,,,,5.0,en,2.0,2.0,4.0,3.0,4.0,4.0,4.0,4.0,4.0,2.0,4.0,hallelujah,0,1,0,0,0,0,0,0,0,0,0
570eb7b083a73509d0e04a56,570eb7b083a73509d0e04a56,taichung_city,male,,,taiwanese,,4,False,13.0,False,,5,5,-1,5,5,5,,5.0,5.0,5.0,5.0,5.0,5.0,,,,,,,,,,,,,,,,,,,,,,,,,1,,,,,1.0,en,5.0,1.0,5.0,1.0,5.0,1.0,5.0,5.0,1.0,5.0,5.0,hallelujah,0,1,0,0,1,0,0,0,1,0,1
570eb7b483a73509d0e04b6c,570eb7b483a73509d0e04b6c,taipei_city,female,,,taiwanese,,2,False,10.0,False,,5,4,-1,5,4,5,,2.0,5.0,3.0,4.0,4.0,4.0,,,,,,,,,,,,,,,,,,,,,,,,,3,,,,,2.0,zh_TW,5.0,1.0,5.0,4.0,5.0,3.0,5.0,2.0,4.0,2.0,4.0,hallelujah,1,1,1,0,0,0,0,1,0,0,0
570eb72183a73509d0e01c55,570eb72183a73509d0e01c55,taipei_city,female,,,taiwanese,,3,False,35.0,False,,4,5,-1,5,5,5,,3.0,4.0,1.0,5.0,3.0,3.0,,,,,,,,,,,,,,,,,,,,,,,,,5,,,,,3.0,en,4.0,2.0,2.0,4.0,2.0,2.0,4.0,4.0,2.0,4.0,5.0,hallelujah,0,1,0,0,0,0,0,0,0,1,0
570eb77083a73509d0e03694,570eb77083a73509d0e03694,taichung_city,male,,,taiwanese,,1,False,40.0,True,,3,2,-1,2,3,3,,4.0,4.0,4.0,4.0,4.0,5.0,,,,,,,,,,,,,,,,,,,,,,,,,2,,,,,3.0,en,4.0,3.0,4.0,3.0,4.0,4.0,2.0,4.0,2.0,2.0,4.0,hallelujah,0,1,0,0,0,0,0,0,0,0,0
570eb78a83a73509d0e03ea6,570eb78a83a73509d0e03ea6,taipei_city,female,,,taiwanese,,3,False,13.0,False,,3,1,-1,3,3,3,,1.0,5.0,5.0,5.0,5.0,5.0,,,,,,,,,,,,,,,,,,,,,,,,,2,,,,,5.0,en,4.0,3.0,5.0,5.0,4.0,4.0,5.0,5.0,4.0,1.0,5.0,hallelujah,0,1,0,0,0,0,0,0,0,1,0
570eb7b483a73509d0e04b97,570eb7b483a73509d0e04b97,taipei_city,female,,,taiwanese,,3,False,40.0,False,,3,3,-1,2,2,2,,3.0,4.0,3.0,5.0,5.0,5.0,,,,,,,,,,,,,,,,,,,,,,,,,2,,,,,3.0,en,4.0,4.0,1.0,4.0,4.0,4.0,2.0,5.0,4.0,4.0,5.0,hallelujah,0,1,0,0,0,0,0,0,0,0,0
570eb7af83a73509d0e049f1,570eb7af83a73509d0e049f1,taipei_city,male,,,taiwanese,,3,False,32.0,False,,3,3,-1,2,3,2,,4.0,5.0,4.0,5.0,4.0,5.0,,,,,,,,,,,,,,,,,,,,,,,,,3,,,,,4.0,en,4.0,1.0,4.0,2.0,4.0,4.0,4.0,4.0,4.0,4.0,5.0,hallelujah,0,0,1,0,0,0,0,1,0,1,1
570eb79983a73509d0e04371,570eb79983a73509d0e04371,taipei_city,female,,,taiwanese,,3,False,12.0,False,,3,4,-1,5,5,5,,3.0,4.0,1.0,4.0,4.0,4.0,,,,,,,,,,,,,,,,,,,,,,,,,4,,,,,3.0,zh_TW,4.0,3.0,5.0,1.0,5.0,1.0,4.0,4.0,3.0,4.0,5.0,hallelujah,0,1,0,0,0,0,0,0,0,0,0
570eb76c83a73509d0e03568,570eb76c83a73509d0e03568,taipei_city,male,,,taiwanese,,5,False,32.0,False,,5,5,-1,5,5,5,,5.0,5.0,5.0,5.0,5.0,5.0,,,,,,,,,,,,,,,,,,,,,,,,,5,,,,,5.0,en,4.0,4.0,4.0,4.0,4.0,4.0,4.0,4.0,4.0,4.0,5.0,hallelujah,0,0,1,0,0,0,0,0,0,0,0
570eb76783a73509d0e0336d,570eb76783a73509d0e0336d,taipei_city,female,,,taiwanese,,1,False,38.0,False,,2,4,-1,4,5,4,,4.0,1.0,4.0,5.0,2.0,4.0,,,,,,,,,,,,,,,,,,,,,,,,,2,,,,,1.0,en,4.0,2.0,4.0,2.0,4.0,4.0,2.0,3.0,4.0,3.0,5.0,hallelujah,0,1,0,0,0,0,0,1,0,1,0
570eb79383a73509d0e04177,570eb79383a73509d0e04177,taichung_city,female,,,taiwanese,,3,False,16.0,False,,1,5,-1,5,5,5,,4.0,4.0,4.0,4.0,5.0,5.0,,,,,,,,,,,,,,,,,,,,,,,,,3,,,,,3.0,en,5.0,1.0,5.0,4.0,3.0,4.0,2.0,4.0,3.0,5.0,5.0,hallelujah,0,1,0,0,0,0,0,0,0,0,0
570eb78483a73509d0e03cfa,570eb78483a73509d0e03cfa,taipei_city,female,,,taiwanese,,1,False,20.0,True,,3,4,-1,3,3,2,,3.0,4.0,1.0,4.0,4.0,3.0,,,,,,,,,,,,,,,,,,,,,,,,,4,,,,,4.0,en,5.0,2.0,2.0,5.0,2.0,3.0,3.0,5.0,3.0,2.0,5.0,hallelujah,0,1,0,0,0,0,0,0,1,0,0
570eb73c83a73509d0e02565,570eb73c83a73509d0e02565,taichung_city,female,,,taiwanese,,1,False,20.0,False,,1,5,-1,5,3,5,,1.0,3.0,1.0,3.0,3.0,3.0,,,,,,,,,,,,,,,,,,,,,,,,,3,,,,,5.0,en,4.0,2.0,5.0,3.0,4.0,5.0,2.0,3.0,3.0,3.0,4.0,hallelujah,0,0,0,0,0,0,0,0,0,0,1
570eb75283a73509d0e02c77,570eb75283a73509d0e02c77,taichung_city,female,,,taiwanese,,5,True,10.0,False,,5,5,-1,5,5,5,,5.0,5.0,4.0,5.0,5.0,5.0,,,,,,,,,,,,,,,,,,,,,,,,,5,,,,,5.0,en,5.0,1.0,5.0,1.0,5.0,1.0,5.0,1.0,1.0,5.0,5.0,hallelujah,0,1,0,0,0,0,0,0,0,0,0
570eb73083a73509d0e0214b,570eb73083a73509d0e0214b,taipei_city,female,,,taiwanese,,3,False,10.0,False,,3,4,-1,3,3,3,,3.0,4.0,1.0,3.0,3.0,3.0,,,,,,,,,,,,,,,,,,,,,,,,,3,,,,,3.0,en,3.0,3.0,3.0,2.0,4.0,2.0,3.0,4.0,2.0,3.0,3.0,hallelujah,0,1,0,0,0,0,0,0,0,0,0
570eb72e83a73509d0e02095,570eb72e83a73509d0e02095,taichung_city,male,,,taiwanese,,2,False,17.0,False,,1,3,-1,3,3,1,,1.0,4.0,1.0,3.0,3.0,4.0,,,,,,,,,,,,,,,,,,,,,,,,,3,,,,,3.0,en,5.0,5.0,5.0,5.0,5.0,5.0,5.0,5.0,5.0,5.0,3.0,hallelujah,0,1,0,0,0,0,0,0,0,0,0
570eb7be83a73509d0e04ef8,570eb7be83a73509d0e04ef8,taipei_city,female,,,taiwanese,,4,False,18.0,False,,1,3,-1,1,2,1,,2.0,3.0,3.0,3.0,3.0,3.0,,,,,,,,,,,,,,,,,,,,,,,,,1,,,,,2.0,en,4.0,1.0,2.0,2.0,2.0,4.0,2.0,4.0,2.0,1.0,2.0,hallelujah,1,1,0,0,1,0,0,0,0,1,0
570eb7a083a73509d0e045b0,570eb7a083a73509d0e045b0,taipei_city,female,,,taiwanese,,4,False,18.0,False,,3,4,-1,3,4,4,,2.0,2.0,5.0,2.0,4.0,2.0,,,,,,,,,,,,,,,,,,,,,,,,,4,,,,,4.0,en,4.0,1.0,5.0,4.0,3.0,2.0,4.0,2.0,4.0,4.0,2.0,hallelujah,0,1,1,0,0,0,0,0,0,1,0
570eb73883a73509d0e023f7,570eb73883a73509d0e023f7,taipei_city,female,,,taiwanese,,2,False,21.0,False,,4,4,-1,4,4,4,,3.0,4.0,2.0,4.0,3.0,4.0,,,,,,,,,,,,,,,,,,,,,,,,,3,,,,,4.0,en,4.0,4.0,4.0,2.0,4.0,2.0,4.0,2.0,3.0,4.0,4.0,hallelujah,1,1,0,0,0,0,0,0,0,0,0
570eb77b83a73509d0e03a1b,570eb77b83a73509d0e03a1b,taipei_city,male,,,taiwanese,,1,False,27.0,True,,2,2,-1,3,2,2,,3.0,3.0,1.0,4.0,4.0,4.0,,,,,,,,,,,,,,,,,,,,,,,,,4,,,,,4.0,en,4.0,4.0,4.0,4.0,2.0,3.0,2.0,4.0,3.0,2.0,3.0,hallelujah,0,1,0,0,0,0,0,0,0,0,0
570eb74683a73509d0e0284d,570eb74683a73509d0e0284d,taipei_city,female,,,taiwanese,,5,False,22.0,False,,2,2,-1,4,2,2,,4.0,5.0,2.0,2.0,4.0,5.0,,,,,,,,,,,,,,,,,,,,,,,,,2,,,,,4.0,en,4.0,1.0,5.0,2.0,4.0,5.0,4.0,4.0,2.0,4.0,4.0,hallelujah,0,1,0,0,0,0,0,1,0,1,0
570eb73483a73509d0e02274,570eb73483a73509d0e02274,taichung_city,female,,,taiwanese,,3,False,18.0,False,,2,2,-1,3,3,2,,4.0,5.0,1.0,5.0,4.0,5.0,,,,,,,,,,,,,,,,,,,,,,,,,1,,,,,5.0,en,2.0,1.0,4.0,3.0,3.0,4.0,2.0,5.0,4.0,3.0,4.0,hallelujah,0,0,0,0,0,0,0,0,1,0,0
570eb7aa83a73509d0e048ae,570eb7aa83a73509d0e048ae,taipei_city,female,,,taiwanese,,3,False,28.0,True,,3,3,-1,3,2,1,,3.0,5.0,4.0,4.0,5.0,5.0,,,,,,,,,,,,,,,,,,,,,,,,,4,,,,,4.0,zh_TW,4.0,1.0,2.0,4.0,2.0,4.0,4.0,2.0,4.0,4.0,5.0,hallelujah,0,1,0,0,0,0,0,1,1,0,0
570eb76f83a73509d0e0361a,570eb76f83a73509d0e0361a,taichung_city,female,,,taiwanese,,2,False,27.0,False,,5,4,-1,3,4,3,,3.0,4.0,1.0,4.0,4.0,4.0,,,,,,,,,,,,,,,,,,,,,,,,,4,,,,,3.0,en,4.0,4.0,3.0,4.0,1.0,4.0,2.0,4.0,5.0,4.0,2.0,hallelujah,0,1,0,0,1,0,0,0,0,0,0
570eb74783a73509d0e028a8,570eb74783a73509d0e028a8,taipei_city,male,,,taiwanese,,3,False,14.0,True,,3,2,-1,5,2,1,,5.0,5.0,1.0,5.0,5.0,4.0,,,,,,,,,,,,,,,,,,,,,,,,,5,,,,,2.0,en,3.0,2.0,3.0,4.0,3.0,2.0,5.0,2.0,2.0,3.0,5.0,hallelujah,0,1,0,0,0,0,0,0,1,0,0
570eb72c83a73509d0e01ffb,570eb72c83a73509d0e01ffb,taichung_city,female,,,taiwanese,,2,False,22.0,True,,3,4,-1,3,3,3,,4.0,2.0,1.0,2.0,2.0,1.0,,,,,,,,,,,,,,,,,,,,,,,,,5,,,,,2.0,en,5.0,1.0,5.0,5.0,1.0,2.0,3.0,4.0,4.0,5.0,4.0,hallelujah,0,0,0,0,0,0,0,0,1,0,0
570eb76883a73509d0e033ec,570eb76883a73509d0e033ec,taipei_city,male,,,taiwanese,,3,False,17.0,False,,3,2,-1,3,4,4,,4.0,4.0,1.0,5.0,4.0,5.0,,,,,,,,,,,,,,,,,,,,,,,,,3,,,,,3.0,en,4.0,1.0,4.0,4.0,4.0,2.0,4.0,4.0,3.0,4.0,3.0,hallelujah,0,1,0,0,0,0,0,0,1,0,0
570eb78f83a73509d0e04050,570eb78f83a73509d0e04050,taichung_city,male,,,taiwanese,,2,False,41.0,False,,2,2,-1,2,3,3,,3.0,5.0,2.0,4.0,5.0,4.0,,,,,,,,,,,,,,,,,,,,,,,,,3,,,,,2.0,zh_TW,2.0,3.0,2.0,4.0,2.0,3.0,1.0,5.0,4.0,4.0,4.0,hallelujah,1,1,0,0,0,0,0,0,0,1,0
570eb7b683a73509d0e04c1f,570eb7b683a73509d0e04c1f,taipei_city,male,,,taiwanese,,3,False,12.0,False,,1,5,-1,5,5,5,,3.0,5.0,1.0,5.0,5.0,1.0,,,,,,,,,,,,,,,,,,,,,,,,,5,,,,,4.0,en,3.0,3.0,5.0,4.0,5.0,2.0,1.0,4.0,3.0,4.0,4.0,hallelujah,0,0,0,0,0,0,0,0,0,1,0
570eb72283a73509d0e01cb0,570eb72283a73509d0e01cb0,taipei_city,female,,,taiwanese,,1,False,20.0,False,,4,4,-1,4,3,5,,2.0,5.0,5.0,5.0,5.0,5.0,,,,,,,,,,,,,,,,,,,,,,,,,1,,,,,2.0,en,5.0,2.0,4.0,4.0,3.0,5.0,3.0,5.0,4.0,2.0,4.0,hallelujah,0,1,0,0,0,0,0,0,0,0,0
570eb7b883a73509d0e04cd2,570eb7b883a73509d0e04cd2,taichung_city,male,,,taiwanese,,5,False,16.0,False,,5,5,-1,5,5,5,,5.0,5.0,5.0,5.0,5.0,5.0,,,,,,,,,,,,,,,,,,,,,,,,,5,,,,,5.0,en,5.0,5.0,5.0,5.0,5.0,5.0,5.0,5.0,5.0,5.0,5.0,hallelujah,1,1,1,0,1,0,0,1,1,1,1
570eb72883a73509d0e01e8d,570eb72883a73509d0e01e8d,taipei_city,male,,,algerian,,3,False,5.0,False,,3,3,-1,1,3,3,,3.0,3.0,1.0,4.0,4.0,3.0,,,,,,,,,,,,,,,,,,,,,,,,,3,,,,,3.0,zh_TW,3.0,3.0,3.0,3.0,3.0,3.0,3.0,3.0,3.0,3.0,2.0,hallelujah,0,1,0,0,0,0,0,1,0,1,0
570eb75383a73509d0e02cbf,570eb75383a73509d0e02cbf,taipei_city,male,,,taiwanese,,2,False,12.0,False,,3,5,-1,3,4,4,,4.0,5.0,4.0,5.0,5.0,5.0,,,,,,,,,,,,,,,,,,,,,,,,,4,,,,,5.0,zh_TW,3.0,3.0,3.0,3.0,3.0,1.0,3.0,1.0,1.0,3.0,5.0,hallelujah,0,0,0,0,0,0,0,0,1,0,0
570eb79083a73509d0e0407e,570eb79083a73509d0e0407e,taipei_city,male,,,taiwanese,,2,False,33.0,False,,3,4,-1,4,3,2,,4.0,5.0,4.0,5.0,5.0,5.0,,,,,,,,,,,,,,,,,,,,,,,,,4,,,,,1.0,en,5.0,2.0,5.0,2.0,4.0,5.0,5.0,2.0,1.0,1.0,5.0,hallelujah,0,0,1,0,0,0,0,0,1,0,0
570eb72783a73509d0e01e26,570eb72783a73509d0e01e26,taipei_city,female,,,taiwanese,,2,False,48.0,False,,3,4,-1,4,4,3,,3.0,5.0,3.0,5.0,5.0,4.0,,,,,,,,,,,,,,,,,,,,,,,,,5,,,,,5.0,zh_TW,4.0,2.0,4.0,2.0,3.0,4.0,4.0,5.0,4.0,2.0,5.0,hallelujah,0,1,0,0,0,0,0,0,0,0,0
570eb76183a73509d0e031b5,570eb76183a73509d0e031b5,taipei_city,female,,,taiwanese,,3,False,12.0,False,,4,4,-1,2,2,2,,4.0,3.0,3.0,3.0,4.0,3.0,,,,,,,,,,,,,,,,,,,,,,,,,3,,,,,3.0,en,4.0,2.0,3.0,4.0,3.0,4.0,2.0,4.0,4.0,4.0,2.0,hallelujah,0,0,0,0,1,0,0,0,0,0,0
570eb77483a73509d0e037e9,570eb77483a73509d0e037e9,taipei_city,male,,,taiwanese,,3,False,22.0,True,,2,3,-1,1,3,2,,2.0,5.0,5.0,4.0,4.0,4.0,,,,,,,,,,,,,,,,,,,,,,,,,3,,,,,3.0,en,4.0,5.0,4.0,4.0,1.0,5.0,2.0,4.0,4.0,4.0,3.0,hallelujah,0,1,0,0,0,0,0,0,0,0,0
570eb7a183a73509d0e045e0,570eb7a183a73509d0e045e0,taichung_city,female,,,taiwanese,,3,False,16.0,True,,1,5,-1,1,2,1,,3.0,4.0,1.0,3.0,4.0,3.0,,,,,,,,,,,,,,,,,,,,,,,,,1,,,,,3.0,en,4.0,2.0,4.0,2.0,4.0,4.0,3.0,3.0,2.0,3.0,2.0,hallelujah,0,1,0,0,0,0,0,0,1,0,0
570eb76d83a73509d0e035a0,570eb76d83a73509d0e035a0,taipei_city,male,,,taiwanese,,4,False,44.0,True,,2,3,-1,1,2,2,,4.0,4.0,1.0,4.0,5.0,4.0,,,,,,,,,,,,,,,,,,,,,,,,,5,,,,,5.0,en,4.0,2.0,5.0,3.0,3.0,4.0,4.0,3.0,2.0,3.0,4.0,hallelujah,0,1,0,0,0,0,0,0,1,0,0
570eb75183a73509d0e02c09,570eb75183a73509d0e02c09,taipei_city,male,,,taiwanese,,2,False,20.0,True,,5,3,-1,4,5,4,,2.0,5.0,3.0,5.0,5.0,5.0,,,,,,,,,,,,,,,,,,,,,,,,,4,,,,,1.0,en,2.0,2.0,3.0,2.0,3.0,3.0,1.0,3.0,4.0,4.0,5.0,hallelujah,0,1,1,0,1,0,0,0,0,0,0
570eb7b183a73509d0e04a93,570eb7b183a73509d0e04a93,taipei_city,female,,,taiwanese,,1,False,5.0,False,,3,4,-1,3,3,2,,3.0,4.0,1.0,3.0,3.0,2.0,,,,,,,,,,,,,,,,,,,,,,,,,3,,,,,3.0,en,4.0,3.0,4.0,2.0,4.0,3.0,3.0,4.0,4.0,3.0,2.0,hallelujah,0,0,0,0,0,0,0,0,0,0,0
570eb72783a73509d0e01e60,570eb72783a73509d0e01e60,taipei_city,female,,,taiwanese,,3,False,23.0,False,,2,4,-1,4,5,4,,3.0,4.0,5.0,4.0,5.0,5.0,,,,,,,,,,,,,,,,,,,,,,,,,4,,,,,3.0,en,4.0,1.0,4.0,3.0,4.0,4.0,3.0,4.0,4.0,4.0,4.0,hallelujah,0,1,0,0,1,0,0,0,1,0,0
570eb77a83a73509d0e039fc,570eb77a83a73509d0e039fc,taipei_city,female,,,taiwanese,,2,False,16.0,True,,2,4,-1,4,4,4,,3.0,5.0,4.0,5.0,4.0,5.0,,,,,,,,,,,,,,,,,,,,,,,,,4,,,,,3.0,zh_TW,2.0,1.0,5.0,2.0,4.0,4.0,3.0,2.0,4.0,4.0,4.0,hallelujah,0,1,0,0,0,0,0,1,1,1,1
570eb71e83a73509d0e01b7e,570eb71e83a73509d0e01b7e,taipei_city,female,,,taiwanese,,3,False,6.0,False,,3,5,-1,3,5,5,,5.0,5.0,2.0,5.0,5.0,5.0,,,,,,,,,,,,,,,,,,,,,,,,,3,,,,,5.0,en,4.0,1.0,4.0,4.0,4.0,1.0,2.0,4.0,1.0,4.0,5.0,hallelujah,0,0,0,0,1,0,0,0,0,0,0
570eb72983a73509d0e01ee3,570eb72983a73509d0e01ee3,taipei_city,female,,,taiwanese,,3,False,22.0,False,,4,5,-1,4,4,4,,4.0,3.0,2.0,5.0,3.0,4.0,,,,,,,,,,,,,,,,,,,,,,,,,3,,,,,2.0,en,5.0,1.0,4.0,2.0,3.0,4.0,4.0,4.0,2.0,3.0,4.0,hallelujah,0,1,0,0,1,0,0,0,0,0,0
570eb75b83a73509d0e02f73,570eb75b83a73509d0e02f73,taichung_city,male,,,taiwanese,,1,False,17.0,False,,3,2,-1,4,4,2,,5.0,5.0,5.0,5.0,5.0,5.0,,,,,,,,,,,,,,,,,,,,,,,,,1,,,,,5.0,en,4.0,5.0,4.0,2.0,5.0,3.0,4.0,4.0,4.0,3.0,4.0,hallelujah,0,1,0,0,0,0,0,0,0,0,0
570eb7a983a73509d0e0483c,570eb7a983a73509d0e0483c,taichung_city,female,,,taiwanese,,3,False,20.0,False,,3,3,-1,3,3,3,,2.0,4.0,4.0,4.0,4.0,4.0,,,,,,,,,,,,,,,,,,,,,,,,,4,,,,,3.0,en,4.0,2.0,4.0,3.0,4.0,4.0,4.0,5.0,4.0,4.0,3.0,hallelujah,0,1,1,0,0,0,0,0,0,0,1
570eb78d83a73509d0e03f81,570eb78d83a73509d0e03f81,taipei_city,male,,,taiwanese,,2,False,34.0,False,,3,4,-1,2,4,4,,4.0,5.0,1.0,4.0,5.0,5.0,,,,,,,,,,,,,,,,,,,,,,,,,4,,,,,4.0,en,2.0,1.0,4.0,4.0,4.0,4.0,4.0,4.0,4.0,4.0,4.0,hallelujah,0,1,0,0,0,0,0,1,0,1,0
570eb78283a73509d0e03c78,570eb78283a73509d0e03c78,taipei_city,male,,,american,,1,False,5.0,False,,2,2,-1,5,4,4,,1.0,3.0,1.0,3.0,3.0,3.0,,,,,,,,,,,,,,,,,,,,,,,,,2,,,,,2.0,en,1.0,1.0,1.0,1.0,1.0,1.0,1.0,1.0,1.0,1.0,3.0,hallelujah,0,0,0,0,1,0,0,0,0,0,0
570eb78183a73509d0e03c04,570eb78183a73509d0e03c04,taipei_city,male,,,taiwanese,,2,False,11.0,True,,3,5,-1,2,3,3,,4.0,5.0,2.0,3.0,3.0,3.0,,,,,,,,,,,,,,,,,,,,,,,,,5,,,,,4.0,en,4.0,1.0,5.0,3.0,3.0,3.0,4.0,3.0,3.0,3.0,2.0,hallelujah,0,0,0,0,0,0,0,0,0,1,0
570eb73683a73509d0e02365,570eb73683a73509d0e02365,taipei_city,female,,,taiwanese,,3,False,25.0,False,,2,3,-1,4,3,2,,3.0,4.0,2.0,4.0,4.0,4.0,,,,,,,,,,,,,,,,,,,,,,,,,5,,,,,5.0,en,2.0,2.0,5.0,4.0,2.0,4.0,4.0,3.0,4.0,4.0,4.0,hallelujah,0,1,0,0,0,0,0,0,0,0,0
570eb76983a73509d0e03430,570eb76983a73509d0e03430,taipei_city,male,,,taiwanese,,4,False,22.0,False,,2,4,-1,4,4,4,,4.0,5.0,1.0,5.0,4.0,5.0,,,,,,,,,,,,,,,,,,,,,,,,,2,,,,,1.0,zh_TW,3.0,2.0,4.0,2.0,3.0,4.0,3.0,3.0,4.0,4.0,5.0,hallelujah,0,1,0,0,0,0,0,1,1,1,0
570eb74183a73509d0e026db,570eb74183a73509d0e026db,taipei_city,male,,,taiwanese,,5,False,26.0,False,,1,4,-1,1,2,1,,3.0,4.0,3.0,3.0,4.0,3.0,,,,,,,,,,,,,,,,,,,,,,,,,1,,,,,5.0,en,4.0,2.0,5.0,2.0,4.0,5.0,4.0,4.0,3.0,4.0,3.0,hallelujah,0,1,1,0,1,0,0,1,1,0,1
570eb76583a73509d0e032c2,570eb76583a73509d0e032c2,taipei_city,female,,,taiwanese,,3,False,19.0,False,,3,3,-1,4,3,3,,4.0,3.0,3.0,4.0,3.0,3.0,,,,,,,,,,,,,,,,,,,,,,,,,4,,,,,3.0,en,3.0,1.0,3.0,4.0,1.0,4.0,2.0,4.0,3.0,2.0,4.0,hallelujah,0,0,0,0,0,0,0,0,1,0,0
570eb79483a73509d0e0419b,570eb79483a73509d0e0419b,taichung_city,female,,,taiwanese,,2,False,23.0,False,,2,3,-1,2,2,2,,1.0,4.0,1.0,4.0,3.0,3.0,,,,,,,,,,,,,,,,,,,,,,,,,4,,,,,4.0,en,4.0,3.0,5.0,2.0,5.0,4.0,2.0,5.0,4.0,3.0,4.0,hallelujah,0,1,0,0,0,0,0,0,0,0,0
570eb7be83a73509d0e04f07,570eb7be83a73509d0e04f07,taipei_city,male,,,singaporean,,1,False,45.0,True,,1,2,-1,2,1,1,,4.0,4.0,1.0,4.0,4.0,4.0,,,,,,,,,,,,,,,,,,,,,,,,,3,,,,,4.0,en,5.0,4.0,4.0,5.0,4.0,5.0,4.0,4.0,4.0,4.0,2.0,hallelujah,0,1,0,0,0,0,0,0,0,0,0
570eb79383a73509d0e04155,570eb79383a73509d0e04155,taipei_city,female,,,taiwanese,,2,False,40.0,False,,1,2,-1,1,2,1,,3.0,5.0,1.0,4.0,3.0,4.0,,,,,,,,,,,,,,,,,,,,,,,,,4,,,,,3.0,zh_TW,2.0,2.0,4.0,4.0,2.0,2.0,2.0,4.0,4.0,4.0,3.0,hallelujah,0,0,0,0,0,0,0,0,0,1,0
570eb76283a73509d0e03220,570eb76283a73509d0e03220,taipei_city,male,,,taiwanese,,3,False,13.0,False,,5,5,-1,3,5,1,,5.0,5.0,5.0,5.0,5.0,5.0,,,,,,,,,,,,,,,,,,,,,,,,,3,,,,,5.0,zh_TW,3.0,3.0,3.0,3.0,3.0,3.0,3.0,3.0,3.0,3.0,5.0,hallelujah,0,0,0,0,1,0,0,0,0,0,0
570eb7b783a73509d0e04cb8,570eb7b783a73509d0e04cb8,taipei_city,female,,,taiwanese,,1,False,34.0,False,,4,4,-1,4,5,5,,3.0,4.0,1.0,2.0,3.0,3.0,,,,,,,,,,,,,,,,,,,,,,,,,5,,,,,4.0,en,5.0,3.0,3.0,4.0,1.0,2.0,2.0,3.0,1.0,4.0,5.0,hallelujah,0,1,0,0,0,0,0,0,0,0,0
570eb72683a73509d0e01df4,570eb72683a73509d0e01df4,taichung_city,male,,,taiwanese,,2,False,17.0,True,,2,4,-1,3,4,4,,3.0,4.0,1.0,3.0,5.0,3.0,,,,,,,,,,,,,,,,,,,,,,,,,3,,,,,2.0,en,2.0,2.0,4.0,4.0,3.0,4.0,4.0,4.0,4.0,3.0,2.0,hallelujah,0,1,0,0,0,0,0,0,1,0,0
570eb7af83a73509d0e049f2,570eb7af83a73509d0e049f2,taipei_city,male,,,taiwanese,,2,False,10.0,False,,5,4,-1,4,3,3,,3.0,5.0,1.0,5.0,5.0,5.0,,,,,,,,,,,,,,,,,,,,,,,,,3,,,,,3.0,en,5.0,5.0,4.0,3.0,5.0,3.0,3.0,2.0,2.0,3.0,5.0,hallelujah,0,1,0,0,0,0,0,0,1,0,1
570eb76783a73509d0e03372,570eb76783a73509d0e03372,taipei_city,male,,,taiwanese,,3,False,8.0,False,,3,3,-1,1,2,1,,1.0,5.0,1.0,4.0,1.0,5.0,,,,,,,,,,,,,,,,,,,,,,,,,3,,,,,5.0,zh_TW,4.0,1.0,5.0,4.0,5.0,2.0,1.0,2.0,3.0,3.0,1.0,hallelujah,0,0,0,0,0,0,0,0,1,0,0
570eb74683a73509d0e028a1,570eb74683a73509d0e028a1,taipei_city,male,,,taiwanese,,1,False,9.0,False,,4,2,-1,3,3,3,,5.0,5.0,1.0,5.0,5.0,5.0,,,,,,,,,,,,,,,,,,,,,,,,,3,,,,,5.0,en,5.0,5.0,4.0,2.0,3.0,5.0,3.0,5.0,1.0,1.0,4.0,hallelujah,0,1,0,0,0,0,0,0,0,0,0
570eb7a883a73509d0e047f3,570eb7a883a73509d0e047f3,taipei_city,female,,,taiwanese,,3,False,20.0,True,,3,5,-1,4,4,4,,3.0,5.0,1.0,5.0,4.0,4.0,,,,,,,,,,,,,,,,,,,,,,,,,4,,,,,4.0,en,4.0,2.0,4.0,3.0,3.0,4.0,3.0,4.0,4.0,3.0,5.0,hallelujah,0,1,0,0,0,0,0,0,1,0,0
570eb79083a73509d0e040a7,570eb79083a73509d0e040a7,taichung_city,female,,,taiwanese,,3,False,21.0,True,,3,4,-1,2,3,3,,1.0,5.0,1.0,4.0,4.0,5.0,,,,,,,,,,,,,,,,,,,,,,,,,1,,,,,4.0,zh_TW,4.0,3.0,4.0,2.0,5.0,4.0,2.0,5.0,5.0,4.0,4.0,hallelujah,0,0,0,0,0,0,0,0,0,1,0
570eb75e83a73509d0e03083,570eb75e83a73509d0e03083,taipei_city,female,,,taiwanese,,2,False,10.0,False,,5,5,-1,5,5,5,,2.0,5.0,3.0,5.0,5.0,5.0,,,,,,,,,,,,,,,,,,,,,,,,,1,,,,,1.0,en,4.0,2.0,4.0,3.0,2.0,5.0,1.0,5.0,5.0,1.0,5.0,hallelujah,0,1,0,0,0,0,0,0,0,0,0
570eb72a83a73509d0e01f30,570eb72a83a73509d0e01f30,taichung_city,female,,,taiwanese,,3,False,21.0,False,,4,3,-1,4,4,4,,4.0,4.0,1.0,5.0,5.0,4.0,,,,,,,,,,,,,,,,,,,,,,,,,2,,,,,3.0,zh_TW,4.0,3.0,3.0,2.0,4.0,4.0,2.0,5.0,5.0,2.0,4.0,hallelujah,0,1,0,0,0,0,0,0,1,0,0
570eb78c83a73509d0e03f6e,570eb78c83a73509d0e03f6e,taipei_city,male,,,taiwanese,,4,False,11.0,False,,2,5,-1,5,5,5,,4.0,3.0,1.0,3.0,3.0,3.0,,,,,,,,,,,,,,,,,,,,,,,,,5,,,,,3.0,en,1.0,3.0,5.0,3.0,4.0,2.0,2.0,1.0,3.0,5.0,5.0,hallelujah,0,1,0,0,0,0,0,0,0,0,0
570eb74683a73509d0e02897,570eb74683a73509d0e02897,taipei_city,male,,,taiwanese,,5,False,12.0,False,,5,4,-1,5,5,4,,5.0,5.0,5.0,5.0,5.0,5.0,,,,,,,,,,,,,,,,,,,,,,,,,5,,,,,5.0,zh_TW,4.0,4.0,4.0,4.0,4.0,4.0,4.0,4.0,4.0,4.0,5.0,hallelujah,0,0,0,0,0,0,0,0,0,1,0
570eb79783a73509d0e042a0,570eb79783a73509d0e042a0,taipei_city,female,,,taiwanese,,5,False,28.0,False,,3,2,-1,2,2,2,,3.0,4.0,3.0,4.0,5.0,4.0,,,,,,,,,,,,,,,,,,,,,,,,,4,,,,,5.0,zh_TW,4.0,1.0,2.0,4.0,2.0,4.0,5.0,4.0,2.0,3.0,3.0,hallelujah,0,1,0,0,0,0,0,0,0,1,0
570eb71e83a73509d0e01b94,570eb71e83a73509d0e01b94,taipei_city,female,,,taiwanese,,3,False,19.0,False,,2,2,-1,2,1,1,,4.0,5.0,4.0,5.0,5.0,5.0,,,,,,,,,,,,,,,,,,,,,,,,,3,,,,,4.0,en,5.0,1.0,5.0,1.0,5.0,4.0,2.0,5.0,2.0,2.0,5.0,hallelujah,0,1,0,0,0,0,0,0,0,0,0
570eb77383a73509d0e0379f,570eb77383a73509d0e0379f,taichung_city,female,,,taiwanese,,3,False,16.0,False,,2,3,-1,2,2,2,,3.0,4.0,3.0,4.0,4.0,4.0,,,,,,,,,,,,,,,,,,,,,,,,,4,,,,,3.0,en,2.0,3.0,4.0,2.0,4.0,4.0,5.0,4.0,3.0,2.0,3.0,hallelujah,0,1,0,0,0,0,0,0,0,0,0
570eb76883a73509d0e033c5,570eb76883a73509d0e033c5,taichung_city,female,,,taiwanese,,5,False,10.0,False,,4,5,-1,5,5,5,,5.0,5.0,4.0,5.0,5.0,5.0,,,,,,,,,,,,,,,,,,,,,,,,,4,,,,,5.0,zh_TW,5.0,1.0,5.0,1.0,5.0,1.0,5.0,1.0,1.0,5.0,5.0,hallelujah,0,1,0,0,0,0,0,0,0,0,0
570eb74f83a73509d0e02ba7,570eb74f83a73509d0e02ba7,taichung_city,male,,,taiwanese,,2,False,25.0,False,,4,4,-1,4,3,4,,5.0,3.0,4.0,4.0,4.0,4.0,,,,,,,,,,,,,,,,,,,,,,,,,3,,,,,2.0,zh_TW,5.0,2.0,4.0,4.0,4.0,4.0,1.0,5.0,4.0,2.0,3.0,hallelujah,0,1,0,0,0,0,0,0,0,1,0
570eb73283a73509d0e02202,570eb73283a73509d0e02202,taipei_city,female,,,taiwanese,,2,False,16.0,False,,3,4,-1,4,3,2,,3.0,4.0,1.0,4.0,4.0,4.0,,,,,,,,,,,,,,,,,,,,,,,,,3,,,,,3.0,en,4.0,4.0,4.0,4.0,2.0,5.0,4.0,2.0,4.0,2.0,4.0,hallelujah,0,1,0,0,0,0,0,0,1,0,0
570eb7a583a73509d0e0471d,570eb7a583a73509d0e0471d,taipei_city,male,,,taiwanese,,2,False,41.0,False,,4,4,-1,3,4,3,,3.0,4.0,1.0,5.0,4.0,4.0,,,,,,,,,,,,,,,,,,,,,,,,,5,,,,,3.0,en,4.0,2.0,4.0,2.0,4.0,4.0,3.0,2.0,2.0,3.0,4.0,hallelujah,0,1,0,0,0,0,0,0,0,1,0
570eb7aa83a73509d0e0489f,570eb7aa83a73509d0e0489f,taipei_city,female,,,taiwanese,,3,False,34.0,False,,3,2,-1,2,3,2,,4.0,4.0,1.0,4.0,4.0,4.0,,,,,,,,,,,,,,,,,,,,,,,,,2,,,,,4.0,en,5.0,1.0,4.0,4.0,2.0,5.0,2.0,4.0,4.0,2.0,3.0,hallelujah,0,1,0,0,0,0,0,0,0,1,0
570eb7bc83a73509d0e04e30,570eb7bc83a73509d0e04e30,taipei_city,female,,,chinese,,2,False,21.0,True,,2,3,-1,3,3,3,,3.0,4.0,1.0,4.0,3.0,4.0,,,,,,,,,,,,,,,,,,,,,,,,,4,,,,,2.0,zh_TW,5.0,2.0,4.0,4.0,5.0,4.0,4.0,5.0,4.0,2.0,5.0,hallelujah,0,1,0,0,0,0,0,0,0,1,0
570eb7ab83a73509d0e048f8,570eb7ab83a73509d0e048f8,taipei_city,female,,,taiwanese,,1,False,38.0,False,,3,4,-1,3,3,3,,2.0,5.0,3.0,5.0,3.0,5.0,,,,,,,,,,,,,,,,,,,,,,,,,1,,,,,4.0,en,5.0,5.0,5.0,5.0,4.0,5.0,5.0,4.0,4.0,2.0,5.0,hallelujah,0,1,0,0,0,0,0,0,0,0,0
570eb75683a73509d0e02dc5,570eb75683a73509d0e02dc5,taichung_city,male,,,taiwanese,,3,False,21.0,True,,2,2,-1,3,2,1,,3.0,4.0,2.0,5.0,3.0,5.0,,,,,,,,,,,,,,,,,,,,,,,,,4,,,,,1.0,en,2.0,2.0,3.0,4.0,2.0,5.0,2.0,3.0,4.0,1.0,5.0,hallelujah,0,1,1,0,0,0,0,0,0,0,0
570eb78583a73509d0e03d2c,570eb78583a73509d0e03d2c,taipei_city,female,,,taiwanese,,4,False,21.0,False,,2,5,-1,2,3,4,,2.0,4.0,4.0,4.0,4.0,5.0,,,,,,,,,,,,,,,,,,,,,,,,,4,,,,,2.0,en,4.0,1.0,4.0,3.0,3.0,5.0,3.0,3.0,1.0,1.0,5.0,hallelujah,0,1,0,0,0,0,0,1,0,1,0
570eb78f83a73509d0e04058,570eb78f83a73509d0e04058,taipei_city,female,,,taiwanese,,1,False,45.0,True,,3,4,-1,3,4,4,,4.0,4.0,4.0,4.0,4.0,4.0,,,,,,,,,,,,,,,,,,,,,,,,,4,,,,,4.0,en,4.0,2.0,2.0,2.0,4.0,1.0,4.0,5.0,2.0,4.0,4.0,hallelujah,0,1,0,0,0,0,0,0,0,0,0
570eb7b383a73509d0e04b3c,570eb7b383a73509d0e04b3c,taipei_city,male,,,singaporean,,4,False,10.0,False,,2,5,-1,4,4,4,,3.0,3.0,1.0,2.0,3.0,2.0,,,,,,,,,,,,,,,,,,,,,,,,,3,,,,,2.0,en,4.0,5.0,3.0,3.0,4.0,2.0,2.0,4.0,3.0,4.0,4.0,hallelujah,0,0,0,0,0,0,0,0,0,1,0
570eb78a83a73509d0e03e98,570eb78a83a73509d0e03e98,taipei_city,female,,,taiwanese,,1,False,25.0,True,,2,2,-1,3,3,2,,3.0,4.0,1.0,4.0,4.0,3.0,,,,,,,,,,,,,,,,,,,,,,,,,4,,,,,3.0,en,4.0,2.0,2.0,4.0,1.0,3.0,2.0,4.0,2.0,4.0,4.0,hallelujah,0,1,0,0,0,0,0,0,0,0,0
570eb73183a73509d0e021c7,570eb73183a73509d0e021c7,taipei_city,female,,,taiwanese,,1,False,30.0,False,,2,5,-1,5,5,5,,1.0,4.0,1.0,2.0,3.0,3.0,,,,,,,,,,,,,,,,,,,,,,,,,3,,,,,5.0,en,5.0,5.0,5.0,4.0,5.0,5.0,5.0,3.0,4.0,4.0,5.0,hallelujah,1,1,0,0,0,0,0,0,0,0,0
570eb72583a73509d0e01d8a,570eb72583a73509d0e01d8a,taipei_city,female,,,taiwanese,,2,False,60.0,False,,3,3,-1,3,3,3,,2.0,5.0,5.0,5.0,5.0,5.0,,,,,,,,,,,,,,,,,,,,,,,,,3,,,,,4.0,en,2.0,2.0,5.0,3.0,3.0,4.0,3.0,3.0,3.0,4.0,4.0,hallelujah,0,1,0,0,0,0,0,0,0,0,0
570eb74583a73509d0e02811,570eb74583a73509d0e02811,taipei_city,female,,,taiwanese,,2,False,26.0,False,,2,4,-1,3,4,4,,2.0,2.0,1.0,2.0,4.0,3.0,,,,,,,,,,,,,,,,,,,,,,,,,4,,,,,4.0,en,4.0,2.0,5.0,2.0,4.0,2.0,4.0,2.0,4.0,2.0,4.0,hallelujah,0,1,1,0,0,0,0,0,1,0,0
570eb77583a73509d0e0383f,570eb77583a73509d0e0383f,taichung_city,female,,,taiwanese,,2,False,17.0,False,,2,3,-1,3,3,4,,3.0,4.0,4.0,4.0,4.0,3.0,,,,,,,,,,,,,,,,,,,,,,,,,4,,,,,4.0,en,2.0,1.0,3.0,1.0,1.0,5.0,2.0,3.0,4.0,2.0,5.0,hallelujah,0,1,0,0,1,0,0,0,0,1,0
570eb73983a73509d0e02466,570eb73983a73509d0e02466,taichung_city,male,,,taiwanese,,2,False,9.0,False,,4,4,-1,4,3,1,,4.0,4.0,4.0,5.0,5.0,5.0,,,,,,,,,,,,,,,,,,,,,,,,,2,,,,,5.0,en,4.0,1.0,3.0,3.0,5.0,1.0,5.0,5.0,4.0,3.0,4.0,hallelujah,0,0,0,0,0,0,0,1,0,0,0
570eb79983a73509d0e0434d,570eb79983a73509d0e0434d,taipei_city,male,,,taiwanese,,2,False,9.0,False,,3,5,-1,2,3,5,,5.0,5.0,1.0,5.0,5.0,5.0,,,,,,,,,,,,,,,,,,,,,,,,,3,,,,,5.0,zh_TW,3.0,3.0,3.0,3.0,3.0,3.0,3.0,3.0,3.0,3.0,5.0,hallelujah,0,1,0,0,0,0,0,0,0,0,0
570eb72b83a73509d0e01f7c,570eb72b83a73509d0e01f7c,taipei_city,male,,,taiwanese,,1,False,5.0,True,,3,4,-1,4,3,3,,5.0,5.0,1.0,5.0,5.0,5.0,,,,,,,,,,,,,,,,,,,,,,,,,3,,,,,2.0,zh_TW,5.0,2.0,5.0,4.0,2.0,3.0,3.0,4.0,3.0,4.0,3.0,hallelujah,0,0,0,0,0,0,0,0,0,1,0
570eb75283a73509d0e02cad,570eb75283a73509d0e02cad,taipei_city,female,,,taiwanese,,2,False,31.0,False,,3,4,-1,5,5,5,,4.0,5.0,1.0,5.0,5.0,5.0,,,,,,,,,,,,,,,,,,,,,,,,,3,,,,,4.0,en,5.0,2.0,4.0,2.0,5.0,4.0,5.0,2.0,2.0,3.0,5.0,hallelujah,1,1,0,0,0,0,0,1,0,1,0
570eb76883a73509d0e033fc,570eb76883a73509d0e033fc,taipei_city,female,,,taiwanese,,2,False,15.0,False,,4,5,-1,4,3,3,,4.0,5.0,3.0,4.0,5.0,5.0,,,,,,,,,,,,,,,,,,,,,,,,,4,,,,,4.0,zh_TW,2.0,2.0,4.0,2.0,5.0,4.0,4.0,5.0,3.0,4.0,4.0,hallelujah,0,1,0,0,0,0,0,0,0,0,0
570eb7b283a73509d0e04b08,570eb7b283a73509d0e04b08,taipei_city,female,,,taiwanese,,3,False,29.0,True,,2,4,-1,4,5,5,,3.0,5.0,4.0,5.0,5.0,5.0,,,,,,,,,,,,,,,,,,,,,,,,,3,,,,,2.0,en,5.0,1.0,5.0,4.0,3.0,5.0,2.0,5.0,4.0,2.0,4.0,hallelujah,0,1,0,0,0,0,0,1,1,1,0
570eb75c83a73509d0e03009,570eb75c83a73509d0e03009,taipei_city,male,,,taiwanese,,1,False,7.0,False,,3,5,-1,4,3,5,,4.0,5.0,1.0,5.0,2.0,3.0,,,,,,,,,,,,,,,,,,,,,,,,,3,,,,,5.0,en,5.0,4.0,5.0,1.0,5.0,4.0,4.0,2.0,1.0,1.0,4.0,hallelujah,0,0,0,0,1,0,0,0,0,0,0
570eb79b83a73509d0e04409,570eb79b83a73509d0e04409,taipei_city,female,,,taiwanese,,4,False,17.0,False,,3,4,-1,3,4,4,,4.0,5.0,1.0,5.0,4.0,4.0,,,,,,,,,,,,,,,,,,,,,,,,,3,,,,,2.0,en,4.0,2.0,4.0,4.0,1.0,5.0,4.0,4.0,2.0,2.0,4.0,hallelujah,0,1,0,0,0,0,0,1,0,0,0
570eb75c83a73509d0e03001,570eb75c83a73509d0e03001,taipei_city,male,,,taiwanese,,3,False,23.0,True,,4,5,-1,2,3,3,,3.0,4.0,3.0,3.0,3.0,3.0,,,,,,,,,,,,,,,,,,,,,,,,,3,,,,,4.0,en,5.0,2.0,2.0,4.0,2.0,5.0,2.0,4.0,4.0,4.0,5.0,hallelujah,0,1,1,0,0,0,0,0,0,0,1
570eb78b83a73509d0e03f1b,570eb78b83a73509d0e03f1b,taipei_city,male,,,taiwanese,,1,False,9.0,False,,4,2,-1,3,3,3,,5.0,4.0,2.0,5.0,4.0,5.0,,,,,,,,,,,,,,,,,,,,,,,,,2,,,,,2.0,en,2.0,2.0,4.0,4.0,2.0,2.0,4.0,2.0,4.0,4.0,4.0,hallelujah,0,0,0,0,0,0,0,0,0,1,0
570eb77083a73509d0e0368e,570eb77083a73509d0e0368e,taichung_city,female,,,taiwanese,,5,False,14.0,True,,1,5,-1,1,3,1,,1.0,5.0,3.0,5.0,5.0,5.0,,,,,,,,,,,,,,,,,,,,,,,,,3,,,,,3.0,zh_TW,5.0,5.0,5.0,3.0,5.0,5.0,3.0,4.0,3.0,3.0,5.0,hallelujah,0,1,0,0,0,0,0,0,0,0,0
570eb74783a73509d0e028c9,570eb74783a73509d0e028c9,taipei_city,female,,,taiwanese,,1,False,14.0,True,,2,2,-1,1,3,1,,3.0,4.0,3.0,4.0,4.0,4.0,,,,,,,,,,,,,,,,,,,,,,,,,3,,,,,2.0,en,3.0,3.0,3.0,3.0,3.0,3.0,3.0,3.0,3.0,3.0,2.0,hallelujah,0,1,0,0,0,0,0,0,0,0,0
570eb79583a73509d0e0421c,570eb79583a73509d0e0421c,taipei_city,female,,,taiwanese,,2,False,13.0,False,,3,4,-1,4,4,5,,4.0,5.0,4.0,4.0,5.0,5.0,,,,,,,,,,,,,,,,,,,,,,,,,3,,,,,3.0,en,4.0,3.0,3.0,3.0,3.0,5.0,3.0,3.0,4.0,2.0,3.0,hallelujah,0,1,0,0,0,0,0,0,0,0,0
570eb7b983a73509d0e04d3d,570eb7b983a73509d0e04d3d,taipei_city,male,,,taiwanese,,5,False,19.0,False,,1,1,-1,1,1,1,,1.0,1.0,5.0,1.0,1.0,1.0,,,,,,,,,,,,,,,,,,,,,,,,,1,,,,,1.0,en,1.0,1.0,1.0,1.0,1.0,1.0,1.0,1.0,1.0,1.0,1.0,hallelujah,0,0,0,0,0,0,0,0,1,0,0
570eb75f83a73509d0e03115,570eb75f83a73509d0e03115,taipei_city,female,,,taiwanese,,4,False,12.0,True,,2,5,-1,5,5,5,,1.0,5.0,1.0,5.0,2.0,5.0,,,,,,,,,,,,,,,,,,,,,,,,,3,,,,,1.0,en,3.0,1.0,5.0,1.0,3.0,5.0,1.0,5.0,5.0,5.0,5.0,hallelujah,0,0,0,0,0,0,0,0,0,1,0
570eb7b383a73509d0e04b54,570eb7b383a73509d0e04b54,taipei_city,male,,,taiwanese,,1,False,10.0,False,,3,3,-1,5,3,1,,4.0,5.0,1.0,5.0,4.0,5.0,,,,,,,,,,,,,,,,,,,,,,,,,2,,,,,5.0,zh_TW,4.0,4.0,3.0,3.0,3.0,5.0,3.0,3.0,3.0,3.0,5.0,hallelujah,0,0,0,0,0,0,0,0,1,0,0
570eb7a183a73509d0e045d2,570eb7a183a73509d0e045d2,taipei_city,male,,,taiwanese,,2,False,7.0,False,,3,3,-1,5,4,3,,4.0,3.0,1.0,4.0,3.0,3.0,,,,,,,,,,,,,,,,,,,,,,,,,4,,,,,4.0,en,4.0,3.0,4.0,3.0,4.0,4.0,3.0,3.0,2.0,3.0,3.0,hallelujah,0,0,0,0,0,0,0,0,0,1,0
570eb75a83a73509d0e02f25,570eb75a83a73509d0e02f25,taichung_city,female,,,taiwanese,,2,False,28.0,False,,2,3,-1,1,3,3,,3.0,4.0,1.0,4.0,4.0,4.0,,,,,,,,,,,,,,,,,,,,,,,,,3,,,,,2.0,en,2.0,1.0,5.0,4.0,2.0,5.0,1.0,5.0,3.0,2.0,3.0,hallelujah,0,1,0,0,0,0,0,0,1,0,1
570eb73683a73509d0e02363,570eb73683a73509d0e02363,taipei_city,male,,,taiwanese,,1,False,5.0,False,,3,5,-1,5,5,5,,3.0,5.0,5.0,5.0,5.0,5.0,,,,,,,,,,,,,,,,,,,,,,,,,5,,,,,5.0,en,4.0,2.0,4.0,4.0,2.0,3.0,3.0,2.0,3.0,3.0,5.0,hallelujah,0,1,0,0,0,0,0,0,0,0,0
570eb7aa83a73509d0e048af,570eb7aa83a73509d0e048af,taipei_city,male,,,taiwanese,,4,False,18.0,True,,2,2,-1,3,3,3,,3.0,4.0,1.0,3.0,4.0,3.0,,,,,,,,,,,,,,,,,,,,,,,,,5,,,,,4.0,en,4.0,1.0,4.0,2.0,3.0,4.0,5.0,3.0,4.0,4.0,3.0,hallelujah,0,1,0,0,0,0,0,0,0,1,0
570eb76683a73509d0e03340,570eb76683a73509d0e03340,taichung_city,male,,,taiwanese,,2,False,29.0,False,,2,4,-1,2,3,3,,3.0,4.0,4.0,3.0,4.0,4.0,,,,,,,,,,,,,,,,,,,,,,,,,4,,,,,4.0,en,4.0,1.0,5.0,4.0,4.0,4.0,2.0,4.0,4.0,4.0,3.0,hallelujah,0,1,0,0,0,0,0,1,1,1,0
570eb72c83a73509d0e01ff0,570eb72c83a73509d0e01ff0,taipei_city,male,,,taiwanese,,2,False,8.0,True,,3,2,-1,2,1,1,,3.0,5.0,1.0,5.0,4.0,5.0,,,,,,,,,,,,,,,,,,,,,,,,,2,,,,,3.0,zh_TW,5.0,4.0,4.0,4.0,2.0,4.0,2.0,4.0,5.0,3.0,3.0,hallelujah,0,1,0,0,0,0,0,0,1,0,0
570eb74983a73509d0e02992,570eb74983a73509d0e02992,taipei_city,male,,,british,,5,False,15.0,False,,3,5,-1,4,3,2,,4.0,5.0,1.0,4.0,4.0,5.0,,,,,,,,,,,,,,,,,,,,,,,,,4,,,,,4.0,en,4.0,3.0,3.0,5.0,4.0,4.0,5.0,5.0,4.0,5.0,5.0,hallelujah,1,0,0,0,1,0,0,1,0,1,0
570eb75083a73509d0e02bf1,570eb75083a73509d0e02bf1,taipei_city,female,,,taiwanese,,1,False,10.0,False,,2,4,-1,4,3,3,,2.0,4.0,2.0,4.0,4.0,4.0,,,,,,,,,,,,,,,,,,,,,,,,,3,,,,,3.0,en,4.0,4.0,4.0,2.0,4.0,4.0,2.0,5.0,2.0,2.0,4.0,hallelujah,0,1,0,0,0,0,0,0,1,1,0
570eb77983a73509d0e03971,570eb77983a73509d0e03971,taipei_city,male,,,taiwanese,,4,False,11.0,False,,5,5,-1,4,3,4,,4.0,5.0,1.0,4.0,4.0,3.0,,,,,,,,,,,,,,,,,,,,,,,,,5,,,,,5.0,zh_TW,5.0,4.0,5.0,1.0,5.0,1.0,4.0,3.0,1.0,3.0,5.0,hallelujah,0,1,0,0,0,0,0,0,1,0,0
570eb74f83a73509d0e02b62,570eb74f83a73509d0e02b62,taichung_city,male,,,taiwanese,,3,False,27.0,True,,2,3,-1,2,2,1,,3.0,3.0,1.0,3.0,4.0,3.0,,,,,,,,,,,,,,,,,,,,,,,,,1,,,,,2.0,zh_TW,2.0,2.0,4.0,3.0,3.0,4.0,4.0,4.0,4.0,2.0,3.0,hallelujah,0,1,0,0,0,0,0,1,1,0,0
570eb7a983a73509d0e04875,570eb7a983a73509d0e04875,taipei_city,male,,,taiwanese,,4,False,13.0,False,,1,5,-1,1,3,3,,4.0,4.0,1.0,5.0,5.0,5.0,,,,,,,,,,,,,,,,,,,,,,,,,5,,,,,5.0,en,3.0,3.0,3.0,3.0,3.0,3.0,3.0,3.0,3.0,3.0,5.0,hallelujah,0,1,0,0,0,0,0,1,1,1,0
570eb75583a73509d0e02d98,570eb75583a73509d0e02d98,taipei_city,female,,,taiwanese,,1,False,41.0,False,,3,3,-1,2,4,4,,4.0,5.0,3.0,4.0,4.0,4.0,,,,,,,,,,,,,,,,,,,,,,,,,4,,,,,4.0,zh_TW,4.0,3.0,2.0,2.0,4.0,4.0,4.0,3.0,2.0,3.0,3.0,hallelujah,0,1,0,0,1,0,0,0,0,0,0
570eb7b483a73509d0e04b9e,570eb7b483a73509d0e04b9e,taipei_city,male,,,taiwanese,,4,False,33.0,False,,3,3,-1,3,3,3,,2.0,4.0,4.0,2.0,3.0,2.0,,,,,,,,,,,,,,,,,,,,,,,,,5,,,,,5.0,en,3.0,1.0,3.0,4.0,3.0,4.0,4.0,2.0,5.0,4.0,2.0,hallelujah,1,0,1,0,1,0,0,1,1,1,0
570eb78d83a73509d0e03fa9,570eb78d83a73509d0e03fa9,taipei_city,female,,,taiwanese,,2,False,18.0,False,,2,5,-1,2,2,2,,3.0,5.0,1.0,2.0,5.0,5.0,,,,,,,,,,,,,,,,,,,,,,,,,1,,,,,3.0,en,5.0,2.0,4.0,1.0,5.0,5.0,2.0,2.0,3.0,2.0,4.0,hallelujah,0,1,0,0,0,0,0,0,0,1,0
570eb74283a73509d0e02716,570eb74283a73509d0e02716,taipei_city,female,,,taiwanese,,4,False,17.0,False,,5,3,-1,4,4,4,,5.0,5.0,3.0,5.0,5.0,5.0,,,,,,,,,,,,,,,,,,,,,,,,,3,,,,,5.0,en,5.0,3.0,4.0,3.0,3.0,4.0,3.0,4.0,3.0,3.0,5.0,hallelujah,0,1,0,0,0,0,0,0,0,0,0
570eb72b83a73509d0e01f84,570eb72b83a73509d0e01f84,taipei_city,male,,,taiwanese,,1,False,17.0,False,,2,2,-1,2,2,2,,3.0,3.0,4.0,4.0,4.0,4.0,,,,,,,,,,,,,,,,,,,,,,,,,3,,,,,3.0,en,4.0,4.0,2.0,4.0,2.0,5.0,3.0,5.0,3.0,2.0,3.0,hallelujah,0,1,0,0,0,0,0,0,0,0,0
570eb72383a73509d0e01cf8,570eb72383a73509d0e01cf8,taipei_city,male,,,taiwanese,,1,False,11.0,False,,5,4,-1,5,5,5,,3.0,5.0,3.0,5.0,5.0,5.0,,,,,,,,,,,,,,,,,,,,,,,,,5,,,,,5.0,en,1.0,5.0,5.0,3.0,5.0,5.0,4.0,2.0,4.0,3.0,5.0,hallelujah,0,0,0,0,0,0,0,0,1,0,0
570eb79c83a73509d0e04453,570eb79c83a73509d0e04453,taipei_city,male,,,taiwanese,,2,False,25.0,True,,1,2,-1,3,3,2,,4.0,5.0,4.0,5.0,5.0,5.0,,,,,,,,,,,,,,,,,,,,,,,,,5,,,,,2.0,en,4.0,3.0,5.0,3.0,4.0,4.0,3.0,4.0,3.0,5.0,3.0,hallelujah,0,1,0,0,0,0,0,0,0,0,0
570eb79083a73509d0e040bc,570eb79083a73509d0e040bc,taichung_city,female,,,taiwanese,,4,False,31.0,True,,2,5,-1,2,3,3,,4.0,3.0,4.0,3.0,4.0,2.0,,,,,,,,,,,,,,,,,,,,,,,,,5,,,,,5.0,zh_TW,1.0,4.0,5.0,4.0,2.0,2.0,1.0,4.0,1.0,4.0,4.0,hallelujah,0,1,0,0,0,0,0,0,1,1,0
570eb73b83a73509d0e024f1,570eb73b83a73509d0e024f1,taipei_city,male,,,taiwanese,,3,False,11.0,True,,4,4,-1,2,4,5,,4.0,5.0,2.0,5.0,5.0,5.0,,,,,,,,,,,,,,,,,,,,,,,,,3,,,,,4.0,en,4.0,2.0,4.0,4.0,4.0,4.0,3.0,4.0,4.0,3.0,4.0,hallelujah,0,0,0,0,0,0,0,0,0,1,0
570eb78a83a73509d0e03e96,570eb78a83a73509d0e03e96,taipei_city,male,,,thai,,5,False,9.0,True,,5,5,-1,5,5,5,,5.0,5.0,1.0,5.0,5.0,5.0,,,,,,,,,,,,,,,,,,,,,,,,,5,,,,,5.0,zh_TW,4.0,1.0,5.0,3.0,5.0,2.0,5.0,4.0,2.0,5.0,5.0,hallelujah,0,1,0,0,0,0,0,0,0,0,0
