_id,location,sex,musical_background,nationality,visual_impairments,musical_expertise,hearing_impairments,age,critical_reaction,control_activity,control_tension,control_familiarity,control_engagement,control_positivity,control_like_dislike,song_chillsshiversthrills,song_activity,song_tension,song_familiarity,song_engagement,song_positivity,song_like_dislike,control_power,song_transcendence,song_sadness,song_wonder,song_joyfulactivation,song_tenderness,song_peacefulness,song_nostalgia,song_power,song,musicpref_rock,musicpref_world,musicpref_dance,musicpref_traditional_irish,musicpref_classical,musicpref_pop,musicpref_jazz,musicpref_hip_hop,song_inspired,song_spirituality,song_thrills,song_chills,song_goosebumps,song_overwhelmed,song_shivers,musicpref_none,language,personality_trusting,personality_artistic,personality_imagination,personality_reserved,personality_outgoing,personality_lazy,personality_stress,personality_nervous,personality_fault,personality_thorough,concentration,musicpref_folk,musicpref_hiphop
541102ae08ad6ee3090e6643,dublin,female,,irish,,,False,21.0,True,,,,,,,1.0,4.0,4.0,3.0,2.0,2.0,3.0,,,,,,,,,,dust_dublin,0,0,0,0.0,1,0,0,0.0,,,,,,,,,,,,,,,,,,,,,,
541102b008ad6ee3090e666c,dublin,male,,irish,,,False,21.0,True,,,,,,,5.0,4.0,2.0,2.0,3.0,4.0,3.0,,,,,,,,,,dust_dublin,1,0,0,0.0,0,0,0,0.0,,,,,,,,,,,,,,,,,,,,,,
5411036308ad6ee3090e68ff,dublin,male,,irish,,,False,31.0,True,,,,,,,1.0,4.0,4.0,1.0,4.0,4.0,4.0,,,,,,,,,,dust_dublin,1,1,0,0.0,1,0,1,0.0,,,,,,,,,,,,,,,,,,,,,,
5411041308ad6ee3090e6b77,dublin,male,,other,,,False,31.0,True,,,,,,,2.0,4.0,2.0,4.0,1.0,4.0,1.0,,,,,,,,,,dust_dublin,1,1,0,0.0,1,1,0,1.0,,,,,,,,,,,,,,,,,,,,,,
5411051908ad6ee3090e6f34,dublin,male,,other,,,False,21.0,True,,,,,,,1.0,5.0,5.0,1.0,2.0,4.0,2.0,,,,,,,,,,dust_dublin,1,0,0,0.0,0,0,0,1.0,,,,,,,,,,,,,,,,,,,,,,
5411059908ad6ee3090e70e7,dublin,female,,irish,,,False,41.0,True,,,,,,,2.0,4.0,2.0,5.0,2.0,4.0,2.0,,,,,,,,,,dust_dublin,1,0,1,1.0,1,1,1,0.0,,,,,,,,,,,,,,,,,,,,,,
5411059a08ad6ee3090e70fb,dublin,female,,irish,,,False,31.0,True,,,,,,,5.0,3.0,5.0,5.0,1.0,4.0,1.0,,,,,,,,,,dust_dublin,1,0,1,0.0,1,0,0,0.0,,,,,,,,,,,,,,,,,,,,,,
5411059b08ad6ee3090e7107,dublin,male,,irish,,,False,21.0,True,,,,,,,2.0,3.0,4.0,1.0,2.0,3.0,2.0,,,,,,,,,,dust_dublin,1,0,0,0.0,0,0,0,0.0,,,,,,,,,,,,,,,,,,,,,,
5411061e08ad6ee3090e72f0,dublin,male,,irish,,,False,21.0,True,,,,,,,1.0,3.0,4.0,3.0,3.0,2.0,2.0,,,,,,,,,,dust_dublin,1,0,0,0.0,0,0,0,0.0,,,,,,,,,,,,,,,,,,,,,,
5411061f08ad6ee3090e72ff,dublin,male,,irish,,,False,21.0,True,,,,,,,1.0,2.0,4.0,4.0,3.0,1.0,2.0,,,,,,,,,,dust_dublin,1,0,1,0.0,0,1,0,1.0,,,,,,,,,,,,,,,,,,,,,,
5411062008ad6ee3090e730c,dublin,female,,other,,,False,31.0,True,,,,,,,2.0,3.0,4.0,3.0,2.0,2.0,1.0,,,,,,,,,,dust_dublin,1,1,1,0.0,0,1,0,0.0,,,,,,,,,,,,,,,,,,,,,,
5411076d08ad6ee3090e7777,dublin,female,,other,,,False,41.0,True,,,,,,,4.0,4.0,3.0,1.0,2.0,1.0,2.0,,,,,,,,,,dust_dublin,0,0,1,0.0,1,1,0,0.0,,,,,,,,,,,,,,,,,,,,,,
5410f7b408ad6ee3090e3d12,dublin,female,,irish,,,False,21.0,True,,,,,,,1.0,3.0,4.0,4.0,2.0,2.0,1.0,,,,,,,,,,dust_dublin,0,0,0,0.0,0,1,0,1.0,,,,,,,,,,,,,,,,,,,,,,
5410f7b508ad6ee3090e3d2b,dublin,male,,irish,,,True,81.0,True,,,,,,,1.0,3.0,4.0,1.0,3.0,3.0,3.0,,,,,,,,,,dust_dublin,0,0,0,0.0,1,0,1,0.0,,,,,,,,,,,,,,,,,,,,,,
5410f7b608ad6ee3090e3d34,dublin,male,,other,,,False,31.0,True,,,,,,,3.0,3.0,2.0,2.0,4.0,4.0,3.0,,,,,,,,,,dust_dublin,1,0,0,0.0,0,0,0,0.0,,,,,,,,,,,,,,,,,,,,,,
5410f7b608ad6ee3090e3d37,dublin,female,,irish,,,False,21.0,True,,,,,,,1.0,5.0,5.0,1.0,4.0,3.0,3.0,,,,,,,,,,dust_dublin,1,1,0,0.0,1,1,1,1.0,,,,,,,,,,,,,,,,,,,,,,
5410f91308ad6ee3090e41ea,dublin,male,,irish,,,False,51.0,True,,,,,,,1.0,5.0,5.0,1.0,1.0,1.0,1.0,,,,,,,,,,dust_dublin,1,0,0,1.0,0,0,0,0.0,,,,,,,,,,,,,,,,,,,,,,
5410fab208ad6ee3090e4807,dublin,female,,irish,,,False,31.0,True,,,,,,,1.0,4.0,5.0,1.0,2.0,3.0,3.0,,,,,,,,,,dust_dublin,1,0,1,0.0,0,1,0,0.0,,,,,,,,,,,,,,,,,,,,,,
5410fc0508ad6ee3090e4cf8,dublin,male,,irish,,,True,11.0,True,,,,,,,1.0,1.0,3.0,3.0,1.0,2.0,1.0,,,,,,,,,,dust_dublin,1,1,0,0.0,1,1,0,0.0,,,,,,,,,,,,,,,,,,,,,,
5410fcb808ad6ee3090e4fb9,dublin,male,,irish,,,False,11.0,True,,,,,,,2.0,4.0,4.0,1.0,2.0,3.0,4.0,,,,,,,,,,dust_dublin,1,0,0,0.0,0,1,0,1.0,,,,,,,,,,,,,,,,,,,,,,
5410fe3c08ad6ee3090e55a0,dublin,male,,other,,,False,61.0,True,,,,,,,1.0,3.0,4.0,1.0,4.0,3.0,3.0,,,,,,,,,,dust_dublin,1,1,0,0.0,0,1,0,0.0,,,,,,,,,,,,,,,,,,,,,,
5410fec908ad6ee3090e579f,dublin,male,,irish,,,False,21.0,True,,,,,,,2.0,3.0,5.0,3.0,1.0,4.0,2.0,,,,,,,,,,dust_dublin,1,0,0,0.0,1,0,1,0.0,,,,,,,,,,,,,,,,,,,,,,
5410ffd808ad6ee3090e5b8c,dublin,male,True,irish,,3.0,False,11.0,True,,,,,,,1.0,4.0,3.0,1.0,4.0,3.0,4.0,,,,,,,,,,dust_dublin,1,0,0,0.0,0,0,0,0.0,,,,,,,,,,,,,,,,,,,,,,
5410ffda08ad6ee3090e5bab,dublin,female,False,other,,3.0,False,25.0,True,,,,,,,1.0,4.0,4.0,1.0,4.0,3.0,4.0,,,,,,,,,,dust_dublin,0,0,0,0.0,0,1,0,0.0,,,,,,,,,,,,,,,,,,,,,,
541100f808ad6ee3090e5ff6,dublin,male,False,irish,,2.0,False,14.0,True,,,,,,,3.0,4.0,5.0,2.0,1.0,1.0,1.0,,,,,,,,,,dust_dublin,1,0,0,0.0,0,0,0,0.0,,,,,,,,,,,,,,,,,,,,,,
541100f908ad6ee3090e5fff,dublin,female,True,irish,,3.0,False,14.0,True,,,,,,,1.0,5.0,4.0,1.0,4.0,3.0,4.0,,,,,,,,,,dust_dublin,1,0,0,0.0,0,0,0,0.0,,,,,,,,,,,,,,,,,,,,,,
5411015508ad6ee3090e615e,dublin,male,True,other,,3.0,False,17.0,True,,,,,,,1.0,4.0,4.0,2.0,2.0,3.0,3.0,,,,,,,,,,dust_dublin,1,0,0,0.0,0,1,0,0.0,,,,,,,,,,,,,,,,,,,,,,
541101b908ad6ee3090e62f7,dublin,female,False,irish,,1.0,False,27.0,True,,,,,,,3.0,4.0,5.0,3.0,2.0,3.0,2.0,,,,,,,,,,dust_dublin,1,0,1,0.0,0,1,1,1.0,,,,,,,,,,,,,,,,,,,,,,
541101b908ad6ee3090e6300,dublin,male,True,irish,,3.0,False,55.0,True,,,,,,,4.0,2.0,4.0,5.0,1.0,1.0,1.0,,,,,,,,,,dust_dublin,1,1,0,1.0,1,0,1,0.0,,,,,,,,,,,,,,,,,,,,,,
5411022e08ad6ee3090e64bb,dublin,male,False,other,,3.0,False,27.0,True,,,,,,,2.0,4.0,4.0,1.0,2.0,2.0,3.0,,,,,,,,,,dust_dublin,1,1,0,0.0,0,1,1,1.0,,,,,,,,,,,,,,,,,,,,,,
5411030f08ad6ee3090e67cf,dublin,male,False,irish,,1.0,False,27.0,True,,,,,,,1.0,4.0,4.0,3.0,2.0,4.0,4.0,,,,,,,,,,dust_dublin,1,0,0,0.0,0,1,0,0.0,,,,,,,,,,,,,,,,,,,,,,
5411030f08ad6ee3090e67d7,dublin,female,True,other,,3.0,True,16.0,True,,,,,,,1.0,3.0,5.0,2.0,1.0,2.0,1.0,,,,,,,,,,dust_dublin,0,0,0,0.0,1,1,0,0.0,,,,,,,,,,,,,,,,,,,,,,
5411047508ad6ee3090e6cbd,dublin,male,False,irish,,1.0,False,13.0,True,,,,,,,2.0,3.0,5.0,4.0,2.0,2.0,2.0,,,,,,,,,,dust_dublin,0,0,0,0.0,0,1,0,0.0,,,,,,,,,,,,,,,,,,,,,,
5411047608ad6ee3090e6cc9,dublin,male,False,other,,3.0,False,13.0,True,,,,,,,2.0,5.0,2.0,2.0,5.0,3.0,4.0,,,,,,,,,,dust_dublin,1,0,0,0.0,0,0,0,0.0,,,,,,,,,,,,,,,,,,,,,,
5411054d08ad6ee3090e6fe5,dublin,female,True,irish,,2.0,False,30.0,True,,,,,,,2.0,3.0,4.0,2.0,2.0,2.0,2.0,,,,,,,,,,dust_dublin,1,1,1,1.0,1,1,0,0.0,,,,,,,,,,,,,,,,,,,,,,
5411072208ad6ee3090e767f,dublin,female,True,other,,2.0,False,51.0,True,,,,,,,,,1.0,,,,,,1.0,3.0,2.0,2.0,2.0,3.0,3.0,2.0,dust_dublin,0,0,0,0.0,1,0,0,0.0,,,,,,,,,,,,,,,,,,,,,,
5410f8da08ad6ee3090e4126,dublin,male,False,irish,,2.0,False,20.0,True,,,,,,,,,1.0,,,,,,4.0,4.0,3.0,2.0,4.0,4.0,2.0,4.0,dust_dublin,1,0,1,0.0,0,1,0,1.0,,,,,,,,,,,,,,,,,,,,,,
5411002b08ad6ee3090e5cf8,dublin,female,False,other,,3.0,False,25.0,True,,,,,,,,,1.0,,,,,,5.0,2.0,3.0,3.0,4.0,5.0,3.0,5.0,dust_dublin,0,1,0,0.0,0,0,0,0.0,,,,,,,,,,,,,,,,,,,,,,
541100bc08ad6ee3090e5f2d,dublin,female,False,other,,2.0,False,25.0,True,,,,,,,,,2.0,,,,,,2.0,5.0,3.0,2.0,4.0,5.0,2.0,3.0,dust_dublin,1,0,1,1.0,0,1,0,1.0,,,,,,,,,,,,,,,,,,,,,,
541100bc08ad6ee3090e5f35,dublin,female,False,irish,,2.0,False,56.0,True,,,,,,,,,1.0,,,,,,2.0,2.0,3.0,1.0,2.0,3.0,1.0,2.0,dust_dublin,0,1,0,1.0,1,1,1,0.0,,,,,,,,,,,,,,,,,,,,,,
5411020b08ad6ee3090e6433,dublin,female,True,irish,,3.0,False,23.0,True,,,,,,,,,,,,,,,,,,,,,,,dust_dublin,1,0,0,0.0,0,0,0,0.0,,,,,,,,,,,,,,,,,,,,,,
541103aa08ad6ee3090e69d4,dublin,female,True,irish,,2.0,False,32.0,True,,,,,,,,,,,,,,,,,,,,,,,dust_dublin,1,1,1,0.0,0,1,1,1.0,,,,,,,,,,,,,,,,,,,,,,
5411049008ad6ee3090e6d3e,dublin,female,False,irish,,1.0,False,30.0,True,,,,,,,,,,,,,,,,,,,,,,,dust_dublin,1,1,0,0.0,0,1,0,1.0,,,,,,,,,,,,,,,,,,,,,,
5411015508ad6ee3090e6162,dublin,female,False,irish,,2.0,False,51.0,True,,,,,,,1.0,4.0,3.0,1.0,2.0,2.0,3.0,,,,,,,,,,dust_dublin,0,0,0,0.0,1,0,1,0.0,,,,,,,,,,,,,,,,,,,,,,
5410fc0908ad6ee3090e4d30,dublin,male,,other,,,False,71.0,True,,,,,,,1.0,4.0,4.0,3.0,2.0,2.0,2.0,,,,,,,,,,dust_dublin,1,0,0,1.0,0,0,0,0.0,,,,,,,,,,,,,,,,,,,,,,
541102b108ad6ee3090e667d,dublin,male,,other,,,False,31.0,True,,,,,,,1.0,4.0,5.0,3.0,3.0,3.0,3.0,,,,,,,,,,dust_dublin,1,0,0,0.0,0,1,0,0.0,,,,,,,,,,,,,,,,,,,,,,
5410f7b408ad6ee3090e3d19,dublin,female,,other,,,False,61.0,True,,,,,,,1.0,4.0,4.0,1.0,4.0,3.0,3.0,,,,,,,,,,dust_dublin,1,0,1,0.0,0,1,1,0.0,,,,,,,,,,,,,,,,,,,,,,
5411054d08ad6ee3090e6fed,dublin,female,True,irish,,4.0,False,51.0,True,,,,,,,3.0,1.0,4.0,1.0,1.0,1.0,2.0,,,,,,,,,,dust_dublin,0,1,0,1.0,1,0,1,0.0,,,,,,,,,,,,,,,,,,,,,,
541101b808ad6ee3090e62e4,dublin,female,False,other,,3.0,False,23.0,True,,,,,,,1.0,4.0,5.0,1.0,1.0,3.0,1.0,,,,,,,,,,dust_dublin,1,1,1,0.0,1,1,0,1.0,,,,,,,,,,,,,,,,,,,,,,
5410fd5d08ad6ee3090e5231,dublin,male,,other,,,False,41.0,True,,,,,,,1.0,5.0,5.0,4.0,1.0,2.0,2.0,,,,,,,,,,dust_dublin,0,0,0,0.0,0,0,1,0.0,,,,,,,,,,,,,,,,,,,,,,
5410f91208ad6ee3090e41cc,dublin,male,,other,,,False,21.0,True,,,,,,,4.0,1.0,5.0,4.0,2.0,2.0,2.0,,,,,,,,,,dust_dublin,1,1,1,0.0,1,1,0,1.0,,,,,,,,,,,,,,,,,,,,,,
541102af08ad6ee3090e665f,dublin,male,,irish,,,False,21.0,False,,,,,,,1.0,3.0,3.0,1.0,4.0,3.0,3.0,,,,,,,,,,dust_dublin,1,0,0,0.0,0,1,0,0.0,,,,,,,,,,,,,,,,,,,,,,
5411036108ad6ee3090e68e7,dublin,male,,irish,,,False,61.0,False,,,,,,,2.0,3.0,4.0,1.0,3.0,3.0,3.0,,,,,,,,,,dust_dublin,0,0,0,1.0,1,0,1,0.0,,,,,,,,,,,,,,,,,,,,,,
5411041008ad6ee3090e6b57,dublin,male,,other,,,False,31.0,False,,,,,,,1.0,4.0,4.0,1.0,3.0,2.0,3.0,,,,,,,,,,dust_dublin,0,0,0,0.0,0,0,0,1.0,,,,,,,,,,,,,,,,,,,,,,
5411051808ad6ee3090e6f1f,dublin,female,,irish,,,False,41.0,False,,,,,,,1.0,2.0,5.0,3.0,1.0,1.0,1.0,,,,,,,,,,dust_dublin,1,0,0,0.0,0,0,0,0.0,,,,,,,,,,,,,,,,,,,,,,
5411059908ad6ee3090e70f4,dublin,female,,irish,,,False,21.0,False,,,,,,,1.0,5.0,5.0,3.0,3.0,3.0,3.0,,,,,,,,,,dust_dublin,0,0,0,0.0,0,0,0,1.0,,,,,,,,,,,,,,,,,,,,,,
541106b808ad6ee3090e7540,dublin,male,,irish,,,False,31.0,False,,,,,,,2.0,2.0,3.0,3.0,2.0,2.0,2.0,,,,,,,,,,dust_dublin,1,1,1,1.0,1,1,0,1.0,,,,,,,,,,,,,,,,,,,,,,
5411076e08ad6ee3090e7782,dublin,male,,irish,,,False,51.0,False,,,,,,,4.0,2.0,4.0,4.0,1.0,1.0,1.0,,,,,,,,,,dust_dublin,1,1,1,0.0,1,0,0,1.0,,,,,,,,,,,,,,,,,,,,,,
5411076e08ad6ee3090e7785,dublin,male,,other,,,False,31.0,False,,,,,,,1.0,3.0,4.0,2.0,4.0,3.0,3.0,,,,,,,,,,dust_dublin,1,1,0,0.0,0,1,1,0.0,,,,,,,,,,,,,,,,,,,,,,
5410f69408ad6ee3090e3881,dublin,male,,irish,,,True,41.0,False,,,,,,,1.0,3.0,4.0,3.0,3.0,3.0,3.0,,,,,,,,,,dust_dublin,1,0,0,0.0,0,1,0,0.0,,,,,,,,,,,,,,,,,,,,,,
5410f69608ad6ee3090e38a4,dublin,female,,irish,,,False,21.0,False,,,,,,,3.0,4.0,4.0,4.0,2.0,2.0,1.0,,,,,,,,,,dust_dublin,0,0,0,0.0,1,1,0,0.0,,,,,,,,,,,,,,,,,,,,,,
5410f95308ad6ee3090e42c5,dublin,male,,irish,,,False,41.0,False,,,,,,,2.0,2.0,4.0,1.0,3.0,3.0,4.0,,,,,,,,,,dust_dublin,1,1,1,0.0,1,1,1,1.0,,,,,,,,,,,,,,,,,,,,,,
5410f95408ad6ee3090e42d1,dublin,male,,irish,,,False,41.0,False,,,,,,,1.0,4.0,3.0,3.0,4.0,3.0,4.0,,,,,,,,,,dust_dublin,1,0,1,0.0,0,0,0,0.0,,,,,,,,,,,,,,,,,,,,,,
5410f9f908ad6ee3090e4555,dublin,female,,irish,,,False,31.0,False,,,,,,,3.0,4.0,4.0,1.0,2.0,4.0,3.0,,,,,,,,,,dust_dublin,1,1,0,1.0,1,1,1,0.0,,,,,,,,,,,,,,,,,,,,,,
5410fab008ad6ee3090e47ed,dublin,male,,irish,,,False,41.0,False,,,,,,,1.0,4.0,3.0,1.0,3.0,3.0,2.0,,,,,,,,,,dust_dublin,1,0,1,0.0,0,1,0,1.0,,,,,,,,,,,,,,,,,,,,,,
5410fc0608ad6ee3090e4d07,dublin,male,,irish,,,False,51.0,False,,,,,,,1.0,4.0,5.0,1.0,1.0,1.0,1.0,,,,,,,,,,dust_dublin,1,1,0,1.0,0,0,1,0.0,,,,,,,,,,,,,,,,,,,,,,
5410fc0808ad6ee3090e4d27,dublin,male,,irish,,,False,11.0,False,,,,,,,1.0,1.0,5.0,1.0,1.0,1.0,1.0,,,,,,,,,,dust_dublin,1,1,1,0.0,1,1,1,0.0,,,,,,,,,,,,,,,,,,,,,,
5410fc0908ad6ee3090e4d38,dublin,female,,irish,,,False,21.0,False,,,,,,,3.0,5.0,4.0,3.0,1.0,2.0,1.0,,,,,,,,,,dust_dublin,1,0,0,0.0,0,0,0,0.0,,,,,,,,,,,,,,,,,,,,,,
5410fc0908ad6ee3090e4d3f,dublin,female,,other,,,False,31.0,False,,,,,,,1.0,4.0,4.0,1.0,1.0,4.0,3.0,,,,,,,,,,dust_dublin,1,0,0,0.0,0,0,0,0.0,,,,,,,,,,,,,,,,,,,,,,
5410fcb908ad6ee3090e4fcb,dublin,male,,irish,,,False,31.0,False,,,,,,,1.0,3.0,3.0,3.0,3.0,4.0,3.0,,,,,,,,,,dust_dublin,1,0,1,1.0,1,0,0,1.0,,,,,,,,,,,,,,,,,,,,,,
5410fcb908ad6ee3090e4fcf,dublin,female,,irish,,,False,41.0,False,,,,,,,4.0,5.0,3.0,1.0,3.0,4.0,1.0,,,,,,,,,,dust_dublin,0,0,0,1.0,0,0,0,0.0,,,,,,,,,,,,,,,,,,,,,,
5410fd5d08ad6ee3090e5238,dublin,male,,irish,,,True,41.0,False,,,,,,,2.0,5.0,4.0,4.0,3.0,4.0,2.0,,,,,,,,,,dust_dublin,1,1,0,0.0,1,0,0,0.0,,,,,,,,,,,,,,,,,,,,,,
5410fda408ad6ee3090e5333,dublin,female,,other,,,False,21.0,False,,,,,,,4.0,3.0,5.0,4.0,1.0,2.0,4.0,,,,,,,,,,dust_dublin,0,0,0,0.0,0,1,0,0.0,,,,,,,,,,,,,,,,,,,,,,
5410fda508ad6ee3090e5341,dublin,female,,irish,,,False,31.0,False,,,,,,,1.0,4.0,5.0,1.0,2.0,2.0,2.0,,,,,,,,,,dust_dublin,1,1,0,0.0,0,1,0,1.0,,,,,,,,,,,,,,,,,,,,,,
5410fda608ad6ee3090e5350,dublin,female,,other,,,False,31.0,False,,,,,,,3.0,3.0,4.0,1.0,2.0,3.0,1.0,,,,,,,,,,dust_dublin,1,1,0,0.0,0,1,0,0.0,,,,,,,,,,,,,,,,,,,,,,
5410fda708ad6ee3090e5360,dublin,male,,irish,,,False,41.0,False,,,,,,,2.0,4.0,5.0,1.0,1.0,1.0,2.0,,,,,,,,,,dust_dublin,1,0,1,0.0,0,1,0,1.0,,,,,,,,,,,,,,,,,,,,,,
5410fe3b08ad6ee3090e5585,dublin,male,,irish,,,False,41.0,False,,,,,,,2.0,4.0,4.0,1.0,4.0,3.0,4.0,,,,,,,,,,dust_dublin,0,0,1,0.0,0,0,0,0.0,,,,,,,,,,,,,,,,,,,,,,
5410fec908ad6ee3090e57aa,dublin,male,,other,,,False,41.0,False,,,,,,,2.0,3.0,4.0,1.0,2.0,3.0,2.0,,,,,,,,,,dust_dublin,1,1,0,0.0,0,0,0,0.0,,,,,,,,,,,,,,,,,,,,,,
5410ffd908ad6ee3090e5b98,dublin,male,False,irish,,1.0,False,57.0,False,,,,,,,1.0,3.0,3.0,3.0,5.0,4.0,3.0,,,,,,,,,,dust_dublin,1,0,0,1.0,1,1,1,0.0,,,,,,,,,,,,,,,,,,,,,,
5411005f08ad6ee3090e5db1,dublin,female,False,irish,,3.0,False,49.0,False,,,,,,,1.0,4.0,4.0,3.0,3.0,3.0,4.0,,,,,,,,,,dust_dublin,0,0,0,0.0,0,1,0,0.0,,,,,,,,,,,,,,,,,,,,,,
5411006008ad6ee3090e5dbc,dublin,female,True,other,,3.0,False,27.0,False,,,,,,,1.0,4.0,3.0,1.0,2.0,3.0,4.0,,,,,,,,,,dust_dublin,1,0,0,0.0,0,0,0,0.0,,,,,,,,,,,,,,,,,,,,,,
5411006008ad6ee3090e5dc0,dublin,male,False,other,,1.0,False,50.0,False,,,,,,,1.0,2.0,3.0,2.0,3.0,2.0,3.0,,,,,,,,,,dust_dublin,1,0,0,0.0,0,1,0,0.0,,,,,,,,,,,,,,,,,,,,,,
5411015708ad6ee3090e617c,dublin,male,False,irish,,3.0,False,37.0,False,,,,,,,2.0,3.0,4.0,4.0,3.0,4.0,1.0,,,,,,,,,,dust_dublin,1,1,1,0.0,0,1,0,0.0,,,,,,,,,,,,,,,,,,,,,,
5411031108ad6ee3090e67f3,dublin,female,True,irish,,2.0,False,12.0,False,,,,,,,3.0,1.0,4.0,4.0,1.0,2.0,2.0,,,,,,,,,,dust_dublin,0,0,0,0.0,0,1,0,0.0,,,,,,,,,,,,,,,,,,,,,,
541103e208ad6ee3090e6ac5,dublin,female,True,irish,,2.0,False,9.0,False,,,,,,,1.0,5.0,5.0,1.0,4.0,2.0,4.0,,,,,,,,,,dust_dublin,0,0,1,0.0,0,1,0,0.0,,,,,,,,,,,,,,,,,,,,,,
5411047808ad6ee3090e6cdf,dublin,male,True,other,,4.0,False,23.0,False,,,,,,,1.0,4.0,5.0,3.0,3.0,3.0,3.0,,,,,,,,,,dust_dublin,0,1,0,0.0,1,1,0,0.0,,,,,,,,,,,,,,,,,,,,,,
541104c108ad6ee3090e6de3,dublin,male,True,irish,,2.0,False,54.0,False,,,,,,,1.0,5.0,2.0,1.0,5.0,5.0,5.0,,,,,,,,,,dust_dublin,1,0,0,0.0,0,0,0,0.0,,,,,,,,,,,,,,,,,,,,,,
541104c208ad6ee3090e6ded,dublin,male,False,other,,2.0,False,26.0,False,,,,,,,1.0,4.0,5.0,1.0,2.0,3.0,4.0,,,,,,,,,,dust_dublin,1,0,0,0.0,1,0,0,0.0,,,,,,,,,,,,,,,,,,,,,,
541104c308ad6ee3090e6dfb,dublin,male,True,irish,,3.0,False,24.0,False,,,,,,,1.0,4.0,4.0,1.0,3.0,3.0,2.0,,,,,,,,,,dust_dublin,1,0,0,0.0,0,1,0,0.0,,,,,,,,,,,,,,,,,,,,,,
5411054e08ad6ee3090e6ff3,dublin,male,False,irish,,2.0,False,63.0,False,,,,,,,1.0,4.0,4.0,3.0,3.0,3.0,2.0,,,,,,,,,,dust_dublin,0,0,1,1.0,1,0,0,0.0,,,,,,,,,,,,,,,,,,,,,,
541105e008ad6ee3090e720f,dublin,male,False,irish,,2.0,False,12.0,False,,,,,,,1.0,5.0,3.0,1.0,3.0,3.0,3.0,,,,,,,,,,dust_dublin,1,0,0,0.0,0,0,0,0.0,,,,,,,,,,,,,,,,,,,,,,
541105e008ad6ee3090e7218,dublin,male,False,irish,,2.0,False,21.0,False,,,,,,,2.0,2.0,2.0,3.0,2.0,2.0,3.0,,,,,,,,,,dust_dublin,1,0,0,0.0,0,0,0,0.0,,,,,,,,,,,,,,,,,,,,,,
5410f71408ad6ee3090e3aca,dublin,male,True,irish,,3.0,False,25.0,False,,,,,,,,,1.0,,,,,,3.0,3.0,4.0,2.0,3.0,4.0,4.0,3.0,dust_dublin,1,1,1,0.0,0,1,0,0.0,,,,,,,,,,,,,,,,,,,,,,
5410f8d908ad6ee3090e4117,dublin,female,False,irish,,3.0,False,25.0,False,,,,,,,,,1.0,,,,,,4.0,4.0,4.0,1.0,3.0,5.0,3.0,2.0,dust_dublin,1,0,0,0.0,0,1,0,0.0,,,,,,,,,,,,,,,,,,,,,,
5410f8da08ad6ee3090e4134,dublin,female,False,irish,,1.0,False,41.0,False,,,,,,,,,1.0,,,,,,3.0,1.0,4.0,3.0,4.0,3.0,2.0,1.0,dust_dublin,0,0,0,0.0,0,1,0,0.0,,,,,,,,,,,,,,,,,,,,,,
5410f93408ad6ee3090e426f,dublin,female,False,irish,,3.0,False,43.0,False,,,,,,,,,1.0,,,,,,2.0,3.0,4.0,1.0,4.0,4.0,3.0,2.0,dust_dublin,1,0,1,1.0,1,1,1,0.0,,,,,,,,,,,,,,,,,,,,,,
5410fa8808ad6ee3090e4771,dublin,male,False,irish,,2.0,False,34.0,False,,,,,,,,,3.0,,,,,,2.0,2.0,3.0,2.0,4.0,2.0,4.0,4.0,dust_dublin,1,0,1,1.0,0,1,0,0.0,,,,,,,,,,,,,,,,,,,,,,
5410fea008ad6ee3090e571b,dublin,male,False,other,,1.0,False,39.0,False,,,,,,,,,1.0,,,,,,3.0,3.0,3.0,1.0,4.0,3.0,4.0,2.0,dust_dublin,1,1,1,0.0,1,1,0,0.0,,,,,,,,,,,,,,,,,,,,,,
5410ff2d08ad6ee3090e5949,dublin,male,True,irish,,4.0,False,27.0,False,,,,,,,,,1.0,,,,,,4.0,5.0,5.0,1.0,4.0,4.0,4.0,4.0,dust_dublin,1,0,0,0.0,0,0,0,0.0,,,,,,,,,,,,,,,,,,,,,,
5411020c08ad6ee3090e6446,dublin,female,True,irish,,3.0,False,24.0,False,,,,,,,,,,,,,,,,,,,,,,,dust_dublin,1,0,1,0.0,0,1,0,0.0,,,,,,,,,,,,,,,,,,,,,,
5411024b08ad6ee3090e652c,dublin,male,True,irish,,3.0,False,24.0,False,,,,,,,,,,,,,,,,,,,,,,,dust_dublin,1,0,0,0.0,1,0,0,1.0,,,,,,,,,,,,,,,,,,,,,,
541103ac08ad6ee3090e69fb,dublin,female,False,other,,3.0,False,39.0,False,,,,,,,,,,,,,,,,,,,,,,,dust_dublin,0,0,0,0.0,0,0,1,0.0,,,,,,,,,,,,,,,,,,,,,,
541103ad08ad6ee3090e6a03,dublin,male,False,irish,,3.0,False,15.0,False,,,,,,,,,,,,,,,,,,,,,,,dust_dublin,0,0,0,0.0,0,1,0,0.0,,,,,,,,,,,,,,,,,,,,,,
541105bb08ad6ee3090e7184,dublin,male,True,irish,,4.0,False,32.0,False,,,,,,,,,,,,,,,,,,,,,,,dust_dublin,1,1,1,0.0,0,1,0,1.0,,,,,,,,,,,,,,,,,,,,,,
541105bc08ad6ee3090e7197,dublin,female,False,irish,,3.0,False,25.0,False,,,,,,,,,,,,,,,,,,,,,,,dust_dublin,0,0,1,0.0,0,0,0,0.0,,,,,,,,,,,,,,,,,,,,,,
5410f6d008ad6ee3090e399c,dublin,male,,irish,,,False,20.0,True,,,,,,,,5.0,3.0,2.0,4.0,4.0,3.0,,,,4.0,,4.0,,1.0,,hallelujah_dublin,1,0,1,1.0,0,1,1,0.0,3.0,1.0,1.0,4.0,3.0,2.0,2.0,0.0,,,,,,,,,,,,,,
5410f6d108ad6ee3090e39ad,dublin,male,,british,,,False,32.0,True,,,,,,,,3.0,4.0,5.0,1.0,4.0,1.0,,,,5.0,,5.0,,5.0,,hallelujah_dublin,0,0,0,0.0,0,0,0,0.0,4.0,4.0,1.0,4.0,4.0,4.0,3.0,1.0,,,,,,,,,,,,,,
5410f76708ad6ee3090e3c1a,dublin,male,,irish,,,True,33.0,True,,,,,,,,4.0,3.0,3.0,4.0,4.0,4.0,,,,2.0,,4.0,,2.0,,hallelujah_dublin,0,0,1,0.0,0,0,0,0.0,2.0,4.0,1.0,2.0,1.0,3.0,2.0,0.0,,,,,,,,,,,,,,
5410f7fc08ad6ee3090e3e4e,dublin,male,,british,,,False,25.0,True,,,,,,,,5.0,4.0,4.0,1.0,3.0,2.0,,,,4.0,,5.0,,5.0,,hallelujah_dublin,1,0,0,0.0,0,1,0,0.0,2.0,4.0,4.0,4.0,3.0,4.0,1.0,0.0,,,,,,,,,,,,,,
5410f88208ad6ee3090e407b,dublin,female,,irish,,,True,27.0,True,,,,,,,,4.0,4.0,5.0,1.0,3.0,1.0,,,,4.0,,2.0,,4.0,,hallelujah_dublin,1,0,0,1.0,0,1,0,0.0,2.0,4.0,2.0,1.0,3.0,4.0,2.0,0.0,,,,,,,,,,,,,,
5410fa6408ad6ee3090e46e0,dublin,female,,irish,,,False,23.0,True,,,,,,,,2.0,2.0,4.0,5.0,5.0,5.0,,,,2.0,,1.0,,2.0,,hallelujah_dublin,1,0,0,0.0,0,1,0,1.0,1.0,2.0,1.0,1.0,1.0,1.0,1.0,0.0,,,,,,,,,,,,,,
5410fa6408ad6ee3090e46e4,dublin,female,,irish,,,False,25.0,True,,,,,,,,3.0,4.0,4.0,1.0,2.0,1.0,,,,3.0,,4.0,,5.0,,hallelujah_dublin,1,1,1,1.0,1,1,1,1.0,3.0,4.0,1.0,1.0,1.0,3.0,1.0,0.0,,,,,,,,,,,,,,
5410fa6408ad6ee3090e46ee,dublin,male,,irish,,,True,11.0,True,,,,,,,,1.0,5.0,4.0,1.0,1.0,1.0,,,,1.0,,3.0,,5.0,,hallelujah_dublin,1,0,0,0.0,0,0,0,0.0,5.0,5.0,1.0,1.0,1.0,5.0,1.0,0.0,,,,,,,,,,,,,,
5410fb2f08ad6ee3090e49d7,dublin,female,,other,,,False,28.0,True,,,,,,,,1.0,5.0,5.0,1.0,1.0,1.0,,,,1.0,,4.0,,4.0,,hallelujah_dublin,0,1,1,0.0,0,1,0,0.0,4.0,3.0,1.0,3.0,3.0,1.0,3.0,0.0,,,,,,,,,,,,,,
5410fba108ad6ee3090e4b8b,dublin,female,,irish,,,False,15.0,True,,,,,,,,4.0,4.0,2.0,4.0,3.0,3.0,,,,2.0,,1.0,,2.0,,hallelujah_dublin,1,0,0,0.0,0,0,0,0.0,2.0,2.0,2.0,2.0,2.0,2.0,2.0,0.0,,,,,,,,,,,,,,
5410fba308ad6ee3090e4baa,dublin,female,,irish,,,False,43.0,True,,,,,,,,5.0,5.0,5.0,1.0,4.0,1.0,,,,5.0,,5.0,,5.0,,hallelujah_dublin,0,0,0,0.0,0,1,0,0.0,1.0,5.0,1.0,4.0,3.0,5.0,4.0,0.0,,,,,,,,,,,,,,
5410fc6508ad6ee3090e4e96,dublin,male,,irish,,,False,24.0,True,,,,,,,,3.0,2.0,3.0,1.0,2.0,2.0,,,,2.0,,4.0,,3.0,,hallelujah_dublin,1,0,0,0.0,0,0,0,1.0,3.0,1.0,3.0,2.0,4.0,3.0,2.0,0.0,,,,,,,,,,,,,,
5410fc6508ad6ee3090e4e9a,dublin,male,,british,,,False,20.0,True,,,,,,,,3.0,1.0,3.0,1.0,4.0,2.0,,,,4.0,,4.0,,5.0,,hallelujah_dublin,1,0,0,0.0,0,0,0,0.0,3.0,4.0,4.0,4.0,3.0,4.0,4.0,0.0,,,,,,,,,,,,,,
5410fc6708ad6ee3090e4eb4,dublin,female,,british,,,False,27.0,True,,,,,,,,4.0,4.0,3.0,2.0,2.0,1.0,,,,5.0,,4.0,,5.0,,hallelujah_dublin,1,0,1,0.0,0,1,0,1.0,3.0,3.0,4.0,4.0,1.0,4.0,1.0,0.0,,,,,,,,,,,,,,
5410fe0208ad6ee3090e54c4,dublin,female,,other,,,False,12.0,True,,,,,,,,4.0,4.0,4.0,3.0,2.0,2.0,,,,2.0,,3.0,,1.0,,hallelujah_dublin,1,0,0,0.0,0,1,0,1.0,2.0,3.0,1.0,1.0,1.0,1.0,1.0,0.0,,,,,,,,,,,,,,
5410fe8808ad6ee3090e56ad,dublin,male,,other,,,False,21.0,True,,,,,,,,2.0,3.0,4.0,1.0,3.0,1.0,,,,2.0,,4.0,,3.0,,hallelujah_dublin,1,0,1,0.0,1,1,1,1.0,4.0,4.0,2.0,4.0,2.0,5.0,3.0,0.0,,,,,,,,,,,,,,
5410fe8808ad6ee3090e56b0,dublin,male,,british,,,False,23.0,True,,,,,,,,4.0,4.0,4.0,3.0,4.0,3.0,,,,2.0,,2.0,,2.0,,hallelujah_dublin,0,0,0,0.0,0,1,0,0.0,2.0,2.0,2.0,2.0,4.0,2.0,3.0,0.0,,,,,,,,,,,,,,
541101e408ad6ee3090e63be,dublin,male,,irish,,,False,21.0,True,,,,,,,,2.0,3.0,4.0,1.0,4.0,1.0,,,,2.0,,4.0,,4.0,,hallelujah_dublin,1,0,1,0.0,0,1,0,0.0,4.0,2.0,4.0,4.0,5.0,3.0,3.0,0.0,,,,,,,,,,,,,,
541102b008ad6ee3090e6671,dublin,female,,irish,,,False,41.0,True,,,,,,,2.0,3.0,4.0,4.0,4.0,3.0,3.0,,,,,,,,,,hallelujah_dublin,1,0,0,0.0,0,0,0,0.0,,,,,,,,0.0,,,,,,,,,,,,,,
541102b108ad6ee3090e6683,dublin,female,,irish,,,False,21.0,True,,,,,,,2.0,4.0,4.0,2.0,5.0,3.0,4.0,,,,,,,,,,hallelujah_dublin,0,0,0,0.0,0,1,0,0.0,,,,,,,,0.0,,,,,,,,,,,,,,
5411036108ad6ee3090e68e1,dublin,male,,irish,,,False,11.0,True,,,,,,,1.0,2.0,3.0,5.0,2.0,3.0,2.0,,,,,,,,,,hallelujah_dublin,1,0,0,0.0,0,0,0,0.0,,,,,,,,0.0,,,,,,,,,,,,,,
5411041208ad6ee3090e6b71,dublin,male,,other,,,True,21.0,True,,,,,,,2.0,3.0,3.0,2.0,3.0,3.0,3.0,,,,,,,,,,hallelujah_dublin,0,0,0,0.0,0,1,0,1.0,,,,,,,,0.0,,,,,,,,,,,,,,
5411059808ad6ee3090e70dc,dublin,female,,irish,,,False,11.0,True,,,,,,,1.0,3.0,5.0,3.0,5.0,2.0,3.0,,,,,,,,,,hallelujah_dublin,0,0,0,0.0,0,1,0,0.0,,,,,,,,0.0,,,,,,,,,,,,,,
541106b708ad6ee3090e752c,dublin,male,,other,,,False,21.0,True,,,,,,,5.0,2.0,4.0,5.0,1.0,1.0,1.0,,,,,,,,,,hallelujah_dublin,1,0,0,1.0,0,1,0,0.0,,,,,,,,0.0,,,,,,,,,,,,,,
5411076d08ad6ee3090e7774,dublin,male,,irish,,,False,41.0,True,,,,,,,2.0,2.0,4.0,4.0,1.0,1.0,3.0,,,,,,,,,,hallelujah_dublin,1,0,1,0.0,0,1,1,0.0,,,,,,,,0.0,,,,,,,,,,,,,,
5411077108ad6ee3090e77b3,dublin,female,,irish,,,False,21.0,True,,,,,,,2.0,2.0,2.0,5.0,2.0,1.0,1.0,,,,,,,,,,hallelujah_dublin,1,1,0,0.0,1,1,1,0.0,,,,,,,,0.0,,,,,,,,,,,,,,
5410f7b408ad6ee3090e3d16,dublin,male,,irish,,,False,31.0,True,,,,,,,4.0,1.0,3.0,4.0,1.0,1.0,1.0,,,,,,,,,,hallelujah_dublin,1,0,1,0.0,0,0,0,0.0,,,,,,,,0.0,,,,,,,,,,,,,,
5410f7b408ad6ee3090e3d1c,dublin,male,,irish,,,False,21.0,True,,,,,,,2.0,4.0,4.0,4.0,1.0,3.0,3.0,,,,,,,,,,hallelujah_dublin,1,0,0,0.0,0,1,0,1.0,,,,,,,,0.0,,,,,,,,,,,,,,
5410f7b508ad6ee3090e3d2a,dublin,male,,irish,,,False,41.0,True,,,,,,,3.0,4.0,5.0,5.0,1.0,2.0,1.0,,,,,,,,,,hallelujah_dublin,1,0,0,0.0,0,0,0,0.0,,,,,,,,0.0,,,,,,,,,,,,,,
5410f9f808ad6ee3090e4547,dublin,male,,irish,,,False,41.0,True,,,,,,,2.0,4.0,5.0,4.0,3.0,4.0,2.0,,,,,,,,,,hallelujah_dublin,1,0,0,0.0,0,0,0,0.0,,,,,,,,0.0,,,,,,,,,,,,,,
5410fc0708ad6ee3090e4d0f,dublin,female,,other,,,False,21.0,True,,,,,,,5.0,4.0,2.0,5.0,1.0,3.0,1.0,,,,,,,,,,hallelujah_dublin,1,0,0,0.0,1,1,0,0.0,,,,,,,,0.0,,,,,,,,,,,,,,
5410fc0808ad6ee3090e4d23,dublin,female,,other,,,True,21.0,True,,,,,,,3.0,3.0,5.0,5.0,1.0,1.0,1.0,,,,,,,,,,hallelujah_dublin,1,1,0,0.0,0,1,0,0.0,,,,,,,,0.0,,,,,,,,,,,,,,
5410fc0908ad6ee3090e4d43,dublin,female,,other,,,False,71.0,True,,,,,,,5.0,3.0,4.0,4.0,1.0,1.0,1.0,,,,,,,,,,hallelujah_dublin,1,0,0,1.0,1,0,0,0.0,,,,,,,,0.0,,,,,,,,,,,,,,
5410fcba08ad6ee3090e4fdc,dublin,female,,irish,,,False,31.0,True,,,,,,,5.0,2.0,5.0,5.0,1.0,1.0,1.0,,,,,,,,,,hallelujah_dublin,1,0,0,0.0,0,0,0,0.0,,,,,,,,0.0,,,,,,,,,,,,,,
5410fd5c08ad6ee3090e5223,dublin,male,,irish,,,False,32.0,True,,,,,,,3.0,3.0,3.0,4.0,1.0,3.0,1.0,,,,,,,,,,hallelujah_dublin,1,1,0,1.0,1,1,1,1.0,,,,,,,,0.0,,,,,,,,,,,,,,
5410fda608ad6ee3090e5348,dublin,male,,irish,,,False,21.0,True,,,,,,,1.0,3.0,3.0,3.0,5.0,3.0,4.0,,,,,,,,,,hallelujah_dublin,1,0,0,0.0,0,0,0,0.0,,,,,,,,0.0,,,,,,,,,,,,,,
5410ffdb08ad6ee3090e5bb8,dublin,male,False,irish,,1.0,False,21.0,True,,,,,,,1.0,3.0,4.0,4.0,3.0,3.0,2.0,,,,,,,,,,hallelujah_dublin,1,0,1,0.0,0,0,0,0.0,,,,,,,,0.0,,,,,,,,,,,,,,
5411015608ad6ee3090e6171,dublin,male,False,irish,,2.0,False,12.0,True,,,,,,,1.0,3.0,4.0,3.0,3.0,3.0,4.0,,,,,,,,,,hallelujah_dublin,0,0,0,0.0,0,1,0,0.0,,,,,,,,0.0,,,,,,,,,,,,,,
541101b808ad6ee3090e62eb,dublin,male,False,irish,,2.0,False,39.0,True,,,,,,,4.0,4.0,3.0,4.0,1.0,3.0,3.0,,,,,,,,,,hallelujah_dublin,0,0,1,0.0,0,1,1,0.0,,,,,,,,0.0,,,,,,,,,,,,,,
541101b908ad6ee3090e6304,dublin,female,False,irish,,3.0,False,29.0,True,,,,,,,1.0,4.0,4.0,4.0,2.0,3.0,2.0,,,,,,,,,,hallelujah_dublin,1,1,0,0.0,0,1,0,0.0,,,,,,,,0.0,,,,,,,,,,,,,,
5411031008ad6ee3090e67e0,dublin,female,True,irish,,4.0,True,34.0,True,,,,,,,4.0,2.0,5.0,5.0,1.0,1.0,1.0,,,,,,,,,,hallelujah_dublin,1,0,0,0.0,0,1,0,0.0,,,,,,,,0.0,,,,,,,,,,,,,,
5411031108ad6ee3090e67ed,dublin,male,True,irish,,5.0,False,19.0,True,,,,,,,5.0,2.0,1.0,5.0,1.0,4.0,1.0,,,,,,,,,,hallelujah_dublin,1,0,0,0.0,0,0,0,0.0,,,,,,,,0.0,,,,,,,,,,,,,,
5411031208ad6ee3090e67fb,dublin,male,True,irish,,4.0,False,29.0,True,,,,,,,4.0,2.0,4.0,5.0,2.0,4.0,1.0,,,,,,,,,,hallelujah_dublin,1,1,1,0.0,0,0,1,0.0,,,,,,,,0.0,,,,,,,,,,,,,,
5411047608ad6ee3090e6ccd,dublin,female,False,irish,,4.0,False,56.0,True,,,,,,,5.0,1.0,4.0,5.0,1.0,1.0,1.0,,,,,,,,,,hallelujah_dublin,1,1,0,1.0,1,0,0,0.0,,,,,,,,0.0,,,,,,,,,,,,,,
541105e008ad6ee3090e720c,dublin,female,True,irish,,3.0,False,20.0,True,,,,,,,1.0,3.0,3.0,3.0,2.0,2.0,3.0,,,,,,,,,,hallelujah_dublin,1,1,0,0.0,0,1,1,1.0,,,,,,,,0.0,,,,,,,,,,,,,,
5410f93408ad6ee3090e426d,dublin,female,False,other,,1.0,False,34.0,True,,,,,,,,,1.0,,,,,,2.0,5.0,1.0,1.0,2.0,2.0,5.0,1.0,hallelujah_dublin,0,0,0,0.0,0,0,0,0.0,,,,,,,,1.0,,,,,,,,,,,,,,
5410fb3f08ad6ee3090e4a25,dublin,female,False,other,,1.0,False,33.0,True,,,,,,,,,1.0,,,,,,4.0,4.0,4.0,1.0,1.0,3.0,2.0,4.0,hallelujah_dublin,0,1,1,0.0,0,1,1,0.0,,,,,,,,0.0,,,,,,,,,,,,,,
5410fe9f08ad6ee3090e5709,dublin,female,True,other,,4.0,False,18.0,True,,,,,,,,,2.0,,,,,,3.0,5.0,1.0,1.0,5.0,4.0,5.0,1.0,hallelujah_dublin,0,0,0,0.0,0,1,0,0.0,,,,,,,,0.0,,,,,,,,,,,,,,
5410fea008ad6ee3090e5718,dublin,female,False,other,,3.0,False,17.0,True,,,,,,,,,2.0,,,,,,3.0,2.0,4.0,3.0,4.0,4.0,4.0,4.0,hallelujah_dublin,0,0,0,0.0,0,1,0,0.0,,,,,,,,0.0,,,,,,,,,,,,,,
541100bb08ad6ee3090e5f1f,dublin,female,True,irish,,4.0,False,16.0,True,,,,,,,,,1.0,,,,,,3.0,2.0,4.0,2.0,5.0,4.0,4.0,3.0,hallelujah_dublin,0,0,0,0.0,0,1,0,0.0,,,,,,,,0.0,,,,,,,,,,,,,,
541103ac08ad6ee3090e69ee,dublin,female,True,irish,,3.0,False,18.0,True,,,,,,,,,,,,,,,,,,,,,,,hallelujah_dublin,1,0,0,0.0,0,0,0,0.0,,,,,,,,0.0,,,,,,,,,,,,,,
5411065508ad6ee3090e73b9,dublin,male,False,irish,,1.0,True,16.0,True,,,,,,,,,,,,,,,,,,,,,,,hallelujah_dublin,0,0,0,0.0,0,0,0,1.0,,,,,,,,0.0,,,,,,,,,,,,,,
5411065608ad6ee3090e73c6,dublin,male,True,other,,4.0,False,43.0,True,,,,,,,,,,,,,,,,,,,,,,,hallelujah_dublin,0,0,0,0.0,1,0,0,0.0,,,,,,,,0.0,,,,,,,,,,,,,,
5411065708ad6ee3090e73d0,dublin,female,True,other,,5.0,False,49.0,True,,,,,,,,,,,,,,,,,,,,,,,hallelujah_dublin,1,1,0,1.0,1,1,0,0.0,,,,,,,,0.0,,,,,,,,,,,,,,
5411065708ad6ee3090e73dc,dublin,female,True,irish,,4.0,False,55.0,True,,,,,,,,,,,,,,,,,,,,,,,hallelujah_dublin,0,0,1,0.0,1,1,0,0.0,,,,,,,,0.0,,,,,,,,,,,,,,
5411070e08ad6ee3090e7627,dublin,female,False,irish,,3.0,False,27.0,True,,,,,,,,,,,,,,,,,,,,,,,hallelujah_dublin,1,0,0,0.0,0,1,0,0.0,,,,,,,,0.0,,,,,,,,,,,,,,
5411070f08ad6ee3090e7639,dublin,female,False,irish,,2.0,False,32.0,True,,,,,,,,,,,,,,,,,,,,,,,hallelujah_dublin,1,0,1,0.0,0,1,0,0.0,,,,,,,,0.0,,,,,,,,,,,,,,
5411051708ad6ee3090e6f1c,dublin,male,,other,,,False,21.0,True,,,,,,,4.0,2.0,3.0,4.0,2.0,2.0,2.0,,,,,,,,,,hallelujah_dublin,1,1,0,1.0,1,0,0,1.0,,,,,,,,0.0,,,,,,,,,,,,,,
5411018908ad6ee3090e6256,dublin,male,,irish,,,False,64.0,True,,,,,,,,3.0,3.0,3.0,2.0,2.0,3.0,,,,3.0,,2.0,,2.0,,hallelujah_dublin,0,0,0,0.0,0,0,1,0.0,3.0,3.0,2.0,3.0,3.0,3.0,3.0,0.0,,,,,,,,,,,,,,
5410f91208ad6ee3090e41d9,dublin,male,,irish,,,False,41.0,True,,,,,,,4.0,4.0,5.0,5.0,2.0,1.0,1.0,,,,,,,,,,hallelujah_dublin,1,0,0,0.0,0,0,0,0.0,,,,,,,,0.0,,,,,,,,,,,,,,
5410f69308ad6ee3090e387a,dublin,female,,other,,,False,41.0,True,,,,,,,3.0,4.0,4.0,4.0,2.0,4.0,2.0,,,,,,,,,,hallelujah_dublin,0,0,0,0.0,0,0,1,0.0,,,,,,,,0.0,,,,,,,,,,,,,,
5411076e08ad6ee3090e7781,dublin,female,,irish,,,False,41.0,True,,,,,,,3.0,2.0,4.0,5.0,2.0,2.0,1.0,,,,,,,,,,hallelujah_dublin,0,0,0,0.0,0,0,0,0.0,,,,,,,,1.0,,,,,,,,,,,,,,
5411012908ad6ee3090e60c9,dublin,male,False,other,,2.0,False,23.0,True,,,,,,,,,1.0,,,,,,3.0,2.0,3.0,3.0,3.0,4.0,4.0,3.0,hallelujah_dublin,1,0,0,0.0,0,0,0,0.0,,,,,,,,0.0,,,,,,,,,,,,,,
5410fba308ad6ee3090e4ba2,dublin,male,,irish,,,False,29.0,True,,,,,,,,2.0,2.0,4.0,2.0,2.0,2.0,,,,2.0,,2.0,,3.0,,hallelujah_dublin,1,1,1,0.0,1,1,1,0.0,2.0,1.0,2.0,1.0,2.0,2.0,1.0,0.0,,,,,,,,,,,,,,
5410fea008ad6ee3090e5711,dublin,male,False,other,,2.0,False,22.0,True,,,,,,,,,1.0,,,,,,5.0,4.0,2.0,2.0,5.0,4.0,5.0,5.0,hallelujah_dublin,0,0,0,0.0,0,1,0,0.0,,,,,,,,0.0,,,,,,,,,,,,,,
5411065808ad6ee3090e73e1,dublin,female,True,irish,,3.0,False,29.0,True,,,,,,,,,,,,,,,,,,,,,,,hallelujah_dublin,1,0,1,0.0,0,1,0,0.0,,,,,,,,0.0,,,,,,,,,,,,,,
541106b808ad6ee3090e7546,dublin,female,,irish,,,False,21.0,True,,,,,,,3.0,4.0,4.0,4.0,3.0,3.0,3.0,,,,,,,,,,hallelujah_dublin,1,0,1,0.0,0,1,0,1.0,,,,,,,,0.0,,,,,,,,,,,,,,
5410f76608ad6ee3090e3c16,dublin,male,,irish,,,False,27.0,False,,,,,,,,3.0,4.0,5.0,1.0,1.0,1.0,,,,5.0,,4.0,,5.0,,hallelujah_dublin,0,0,1,0.0,0,0,0,0.0,5.0,5.0,3.0,4.0,1.0,3.0,4.0,0.0,,,,,,,,,,,,,,
5410f76708ad6ee3090e3c1f,dublin,male,,irish,,,False,59.0,False,,,,,,,,3.0,3.0,3.0,5.0,3.0,3.0,,,,1.0,,2.0,,1.0,,hallelujah_dublin,1,0,0,1.0,1,0,0,0.0,1.0,2.0,1.0,1.0,1.0,1.0,1.0,0.0,,,,,,,,,,,,,,
5410f7fc08ad6ee3090e3e51,dublin,male,,other,,,False,29.0,False,,,,,,,,5.0,3.0,2.0,5.0,4.0,5.0,,,,1.0,,2.0,,1.0,,hallelujah_dublin,0,1,1,0.0,0,1,0,0.0,1.0,2.0,1.0,1.0,1.0,1.0,1.0,0.0,,,,,,,,,,,,,,
5410f7fc08ad6ee3090e3e55,dublin,female,,irish,,,False,42.0,False,,,,,,,,4.0,4.0,5.0,2.0,3.0,3.0,,,,1.0,,2.0,,4.0,,hallelujah_dublin,0,1,0,0.0,0,0,0,0.0,1.0,1.0,1.0,1.0,1.0,1.0,1.0,0.0,,,,,,,,,,,,,,
5410f88108ad6ee3090e406f,dublin,female,,british,,,False,21.0,False,,,,,,,,3.0,5.0,4.0,1.0,3.0,2.0,,,,4.0,,1.0,,4.0,,hallelujah_dublin,1,1,1,0.0,0,1,1,0.0,2.0,2.0,1.0,2.0,2.0,3.0,1.0,0.0,,,,,,,,,,,,,,
5410f88208ad6ee3090e4076,dublin,female,,irish,,,False,25.0,False,,,,,,,,4.0,4.0,5.0,1.0,4.0,1.0,,,,4.0,,4.0,,5.0,,hallelujah_dublin,1,0,1,0.0,0,1,0,1.0,4.0,3.0,3.0,3.0,3.0,4.0,4.0,0.0,,,,,,,,,,,,,,
5410f88308ad6ee3090e408d,dublin,male,,irish,,,False,23.0,False,,,,,,,,4.0,5.0,4.0,2.0,3.0,2.0,,,,3.0,,3.0,,4.0,,hallelujah_dublin,1,0,0,0.0,1,1,1,0.0,4.0,3.0,1.0,2.0,2.0,2.0,2.0,0.0,,,,,,,,,,,,,,
5410f9cf08ad6ee3090e4499,dublin,male,,other,,,False,15.0,False,,,,,,,,3.0,4.0,3.0,1.0,2.0,2.0,,,,3.0,,4.0,,5.0,,hallelujah_dublin,1,0,0,0.0,0,1,0,1.0,4.0,3.0,1.0,1.0,2.0,4.0,1.0,0.0,,,,,,,,,,,,,,
5410f9d008ad6ee3090e44a5,dublin,female,,irish,,,False,19.0,False,,,,,,,,4.0,5.0,1.0,1.0,2.0,1.0,,,,3.0,,5.0,,1.0,,hallelujah_dublin,1,0,1,0.0,0,1,0,1.0,1.0,5.0,1.0,4.0,3.0,1.0,4.0,0.0,,,,,,,,,,,,,,
5410f9d108ad6ee3090e44b6,dublin,female,,other,,,False,22.0,False,,,,,,,,3.0,5.0,5.0,1.0,1.0,1.0,,,,2.0,,4.0,,4.0,,hallelujah_dublin,1,1,0,1.0,1,1,1,1.0,3.0,1.0,2.0,2.0,1.0,1.0,2.0,0.0,,,,,,,,,,,,,,
5410fa6308ad6ee3090e46d2,dublin,female,,irish,,,False,17.0,False,,,,,,,,4.0,5.0,4.0,1.0,2.0,1.0,,,,2.0,,4.0,,4.0,,hallelujah_dublin,0,1,0,1.0,1,0,1,0.0,3.0,3.0,3.0,4.0,4.0,2.0,3.0,0.0,,,,,,,,,,,,,,
5410fa6308ad6ee3090e46d5,dublin,female,,irish,,,False,17.0,False,,,,,,,,4.0,4.0,5.0,2.0,2.0,2.0,,,,4.0,,2.0,,3.0,,hallelujah_dublin,0,0,0,0.0,0,1,0,0.0,3.0,4.0,3.0,1.0,3.0,3.0,1.0,0.0,,,,,,,,,,,,,,
5410fa6308ad6ee3090e46dd,dublin,male,,irish,,,False,22.0,False,,,,,,,,5.0,5.0,4.0,2.0,2.0,2.0,,,,1.0,,1.0,,1.0,,hallelujah_dublin,1,0,1,1.0,0,0,0,1.0,1.0,1.0,1.0,1.0,1.0,2.0,1.0,0.0,,,,,,,,,,,,,,
5410fa6508ad6ee3090e46f4,dublin,male,,irish,,,False,21.0,False,,,,,,,,5.0,4.0,3.0,4.0,3.0,2.0,,,,1.0,,1.0,,2.0,,hallelujah_dublin,1,0,1,0.0,1,0,0,0.0,2.0,1.0,1.0,1.0,1.0,1.0,1.0,0.0,,,,,,,,,,,,,,
5410fb2e08ad6ee3090e49ce,dublin,male,,british,,,False,33.0,False,,,,,,,,3.0,4.0,4.0,3.0,2.0,2.0,,,,2.0,,1.0,,1.0,,hallelujah_dublin,1,1,1,0.0,0,0,0,0.0,2.0,1.0,1.0,2.0,2.0,1.0,2.0,0.0,,,,,,,,,,,,,,
5410fb2f08ad6ee3090e49da,dublin,female,,other,,,False,42.0,False,,,,,,,,5.0,4.0,2.0,3.0,3.0,2.0,,,,3.0,,4.0,,4.0,,hallelujah_dublin,1,0,1,0.0,1,1,0,0.0,4.0,4.0,1.0,1.0,2.0,1.0,1.0,0.0,,,,,,,,,,,,,,
5410fba308ad6ee3090e4ba3,dublin,male,,irish,,,False,24.0,False,,,,,,,,3.0,4.0,4.0,2.0,2.0,2.0,,,,3.0,,3.0,,2.0,,hallelujah_dublin,1,1,0,1.0,0,1,0,0.0,4.0,3.0,2.0,1.0,4.0,3.0,1.0,0.0,,,,,,,,,,,,,,
5410fd1708ad6ee3090e514b,dublin,female,,irish,,,False,45.0,False,,,,,,,,4.0,5.0,4.0,3.0,3.0,3.0,,,,1.0,,2.0,,2.0,,hallelujah_dublin,0,1,0,0.0,1,0,1,0.0,2.0,1.0,1.0,2.0,2.0,1.0,1.0,0.0,,,,,,,,,,,,,,
5410fd1808ad6ee3090e5150,dublin,male,,other,,,True,32.0,False,,,,,,,,3.0,4.0,5.0,1.0,2.0,1.0,,,,4.0,,4.0,,4.0,,hallelujah_dublin,1,0,0,0.0,1,1,0,1.0,4.0,5.0,3.0,3.0,3.0,1.0,3.0,0.0,,,,,,,,,,,,,,
541101e408ad6ee3090e63b2,dublin,male,,british,,,False,39.0,False,,,,,,,,4.0,4.0,4.0,4.0,4.0,5.0,,,,1.0,,1.0,,1.0,,hallelujah_dublin,1,0,0,0.0,0,0,0,0.0,1.0,1.0,1.0,1.0,1.0,1.0,1.0,0.0,,,,,,,,,,,,,,
541102af08ad6ee3090e6651,dublin,female,,other,,,False,41.0,False,,,,,,,2.0,1.0,4.0,4.0,2.0,1.0,1.0,,,,,,,,,,hallelujah_dublin,1,1,0,0.0,0,0,0,0.0,,,,,,,,0.0,,,,,,,,,,,,,,
541102af08ad6ee3090e6655,dublin,male,,irish,,,False,31.0,False,,,,,,,3.0,2.0,4.0,4.0,2.0,2.0,2.0,,,,,,,,,,hallelujah_dublin,1,0,1,0.0,0,1,0,1.0,,,,,,,,0.0,,,,,,,,,,,,,,
5411036108ad6ee3090e68dc,dublin,female,,other,,,True,31.0,False,,,,,,,2.0,5.0,3.0,4.0,2.0,4.0,2.0,,,,,,,,,,hallelujah_dublin,0,0,1,0.0,0,0,0,0.0,,,,,,,,0.0,,,,,,,,,,,,,,
5411036108ad6ee3090e68e5,dublin,male,,irish,,,False,41.0,False,,,,,,,2.0,3.0,4.0,4.0,3.0,2.0,2.0,,,,,,,,,,hallelujah_dublin,1,0,1,0.0,0,1,0,0.0,,,,,,,,0.0,,,,,,,,,,,,,,
5411036108ad6ee3090e68eb,dublin,male,,irish,,,False,21.0,False,,,,,,,1.0,4.0,4.0,4.0,3.0,2.0,2.0,,,,,,,,,,hallelujah_dublin,1,0,1,1.0,0,1,1,1.0,,,,,,,,0.0,,,,,,,,,,,,,,
5411041008ad6ee3090e6b59,dublin,female,,other,,,False,21.0,False,,,,,,,2.0,3.0,4.0,4.0,2.0,4.0,1.0,,,,,,,,,,hallelujah_dublin,0,0,0,0.0,0,1,0,0.0,,,,,,,,0.0,,,,,,,,,,,,,,
5411041108ad6ee3090e6b69,dublin,male,,irish,,,False,31.0,False,,,,,,,1.0,3.0,4.0,1.0,2.0,2.0,3.0,,,,,,,,,,hallelujah_dublin,1,0,0,0.0,0,1,0,0.0,,,,,,,,0.0,,,,,,,,,,,,,,
5411051608ad6ee3090e6f03,dublin,female,,other,,,False,31.0,False,,,,,,,1.0,4.0,5.0,3.0,2.0,3.0,2.0,,,,,,,,,,hallelujah_dublin,1,1,1,0.0,1,1,1,1.0,,,,,,,,0.0,,,,,,,,,,,,,,
5411059908ad6ee3090e70ee,dublin,male,,irish,,,False,51.0,False,,,,,,,2.0,4.0,5.0,3.0,2.0,2.0,2.0,,,,,,,,,,hallelujah_dublin,1,0,0,0.0,0,1,0,0.0,,,,,,,,0.0,,,,,,,,,,,,,,
5411059a08ad6ee3090e70f8,dublin,female,,other,,,False,21.0,False,,,,,,,2.0,3.0,2.0,2.0,3.0,4.0,4.0,,,,,,,,,,hallelujah_dublin,1,0,0,0.0,0,0,0,0.0,,,,,,,,0.0,,,,,,,,,,,,,,
5411059c08ad6ee3090e7112,dublin,male,,irish,,,False,41.0,False,,,,,,,3.0,4.0,4.0,4.0,1.0,2.0,2.0,,,,,,,,,,hallelujah_dublin,1,0,1,0.0,1,1,1,1.0,,,,,,,,0.0,,,,,,,,,,,,,,
5411061e08ad6ee3090e72f7,dublin,female,,irish,,,False,81.0,False,,,,,,,3.0,1.0,5.0,4.0,1.0,1.0,2.0,,,,,,,,,,hallelujah_dublin,0,0,0,1.0,1,0,0,0.0,,,,,,,,0.0,,,,,,,,,,,,,,
5411061f08ad6ee3090e72fc,dublin,male,,other,,,False,31.0,False,,,,,,,1.0,4.0,4.0,4.0,4.0,3.0,3.0,,,,,,,,,,hallelujah_dublin,1,0,0,0.0,0,0,0,0.0,,,,,,,,0.0,,,,,,,,,,,,,,
5411061f08ad6ee3090e7305,dublin,female,,irish,,,False,41.0,False,,,,,,,3.0,3.0,3.0,4.0,2.0,2.0,2.0,,,,,,,,,,hallelujah_dublin,1,0,0,0.0,0,1,1,0.0,,,,,,,,0.0,,,,,,,,,,,,,,
541106b708ad6ee3090e752e,dublin,male,,irish,,,False,41.0,False,,,,,,,4.0,4.0,5.0,5.0,1.0,1.0,1.0,,,,,,,,,,hallelujah_dublin,1,0,0,0.0,0,0,0,0.0,,,,,,,,0.0,,,,,,,,,,,,,,
541106b708ad6ee3090e7536,dublin,female,,irish,,,False,31.0,False,,,,,,,1.0,3.0,3.0,3.0,4.0,3.0,2.0,,,,,,,,,,hallelujah_dublin,1,0,0,0.0,0,1,0,0.0,,,,,,,,0.0,,,,,,,,,,,,,,
541106b808ad6ee3090e753f,dublin,male,,other,,,False,51.0,False,,,,,,,4.0,3.0,4.0,5.0,1.0,1.0,1.0,,,,,,,,,,hallelujah_dublin,1,0,0,0.0,0,0,0,0.0,,,,,,,,0.0,,,,,,,,,,,,,,
5411076f08ad6ee3090e7798,dublin,male,,irish,,,False,31.0,False,,,,,,,4.0,4.0,4.0,4.0,2.0,2.0,1.0,,,,,,,,,,hallelujah_dublin,1,0,0,0.0,0,0,1,0.0,,,,,,,,0.0,,,,,,,,,,,,,,
5411076f08ad6ee3090e779a,dublin,male,,other,,,False,21.0,False,,,,,,,1.0,4.0,4.0,2.0,4.0,3.0,4.0,,,,,,,,,,hallelujah_dublin,0,0,1,0.0,0,1,0,0.0,,,,,,,,0.0,,,,,,,,,,,,,,
5410f69508ad6ee3090e3892,dublin,male,,irish,,,False,41.0,False,,,,,,,1.0,4.0,1.0,4.0,4.0,4.0,5.0,,,,,,,,,,hallelujah_dublin,1,0,1,0.0,0,1,0,0.0,,,,,,,,0.0,,,,,,,,,,,,,,
5410f7b508ad6ee3090e3d30,dublin,female,,other,,,True,21.0,False,,,,,,,2.0,4.0,5.0,5.0,1.0,2.0,1.0,,,,,,,,,,hallelujah_dublin,0,0,1,0.0,1,1,0,0.0,,,,,,,,0.0,,,,,,,,,,,,,,
5410f82f08ad6ee3090e3f2f,dublin,male,,other,,,False,31.0,False,,,,,,,1.0,4.0,4.0,3.0,3.0,4.0,2.0,,,,,,,,,,hallelujah_dublin,1,0,0,0.0,0,0,0,0.0,,,,,,,,0.0,,,,,,,,,,,,,,
5410f91208ad6ee3090e41cf,dublin,female,,irish,,,False,21.0,False,,,,,,,3.0,3.0,2.0,5.0,2.0,2.0,1.0,,,,,,,,,,hallelujah_dublin,1,0,0,0.0,0,0,0,0.0,,,,,,,,0.0,,,,,,,,,,,,,,
5410f95308ad6ee3090e42c1,dublin,male,,irish,,,False,21.0,False,,,,,,,1.0,4.0,5.0,5.0,1.0,1.0,2.0,,,,,,,,,,hallelujah_dublin,0,0,0,1.0,0,1,0,1.0,,,,,,,,0.0,,,,,,,,,,,,,,
5410f9f708ad6ee3090e4533,dublin,male,,irish,,,False,41.0,False,,,,,,,3.0,3.0,5.0,5.0,1.0,1.0,1.0,,,,,,,,,,hallelujah_dublin,1,1,1,1.0,0,1,1,0.0,,,,,,,,0.0,,,,,,,,,,,,,,
5410fab008ad6ee3090e47f0,dublin,female,,irish,,,False,18.0,False,,,,,,,1.0,4.0,4.0,3.0,3.0,2.0,3.0,,,,,,,,,,hallelujah_dublin,0,0,0,0.0,0,1,0,0.0,,,,,,,,0.0,,,,,,,,,,,,,,
5410fab108ad6ee3090e47f8,dublin,female,,other,,,True,21.0,False,,,,,,,2.0,4.0,4.0,1.0,4.0,3.0,3.0,,,,,,,,,,hallelujah_dublin,0,1,0,0.0,0,0,0,0.0,,,,,,,,0.0,,,,,,,,,,,,,,
5410fc0508ad6ee3090e4cef,dublin,male,,irish,,,False,21.0,False,,,,,,,1.0,5.0,5.0,3.0,2.0,2.0,2.0,,,,,,,,,,hallelujah_dublin,1,0,0,0.0,0,0,0,0.0,,,,,,,,0.0,,,,,,,,,,,,,,
5410fc0708ad6ee3090e4d18,dublin,male,,other,,,False,51.0,False,,,,,,,1.0,4.0,4.0,4.0,1.0,1.0,1.0,,,,,,,,,,hallelujah_dublin,1,0,0,0.0,0,1,0,0.0,,,,,,,,0.0,,,,,,,,,,,,,,
5410fcb808ad6ee3090e4fc1,dublin,male,,irish,,,True,21.0,False,,,,,,,4.0,3.0,2.0,3.0,2.0,4.0,1.0,,,,,,,,,,hallelujah_dublin,0,0,0,1.0,0,0,0,0.0,,,,,,,,0.0,,,,,,,,,,,,,,
5410fcb908ad6ee3090e4fcd,dublin,male,,other,,,False,21.0,False,,,,,,,2.0,4.0,4.0,2.0,1.0,3.0,4.0,,,,,,,,,,hallelujah_dublin,1,0,0,0.0,0,0,0,0.0,,,,,,,,0.0,,,,,,,,,,,,,,
5410fd5c08ad6ee3090e522d,dublin,female,,other,,,False,21.0,False,,,,,,,4.0,3.0,3.0,4.0,2.0,2.0,2.0,,,,,,,,,,hallelujah_dublin,0,0,0,0.0,0,1,0,0.0,,,,,,,,0.0,,,,,,,,,,,,,,
5410fda608ad6ee3090e534e,dublin,female,,irish,,,False,61.0,False,,,,,,,2.0,4.0,4.0,3.0,1.0,1.0,4.0,,,,,,,,,,hallelujah_dublin,1,0,0,0.0,1,1,1,0.0,,,,,,,,0.0,,,,,,,,,,,,,,
5410fda608ad6ee3090e5354,dublin,male,,other,,,False,41.0,False,,,,,,,2.0,4.0,4.0,4.0,2.0,4.0,2.0,,,,,,,,,,hallelujah_dublin,0,0,0,0.0,0,1,0,0.0,,,,,,,,0.0,,,,,,,,,,,,,,
5410fda708ad6ee3090e5362,dublin,male,,irish,,,False,31.0,False,,,,,,,1.0,3.0,4.0,3.0,2.0,4.0,3.0,,,,,,,,,,hallelujah_dublin,1,0,1,1.0,1,1,1,1.0,,,,,,,,0.0,,,,,,,,,,,,,,
5410fe3c08ad6ee3090e55a2,dublin,male,,irish,,,False,41.0,False,,,,,,,3.0,4.0,3.0,5.0,1.0,3.0,1.0,,,,,,,,,,hallelujah_dublin,1,0,0,0.0,0,1,0,0.0,,,,,,,,0.0,,,,,,,,,,,,,,
5410ffda08ad6ee3090e5baa,dublin,male,False,other,,3.0,False,21.0,False,,,,,,,1.0,4.0,3.0,2.0,4.0,3.0,2.0,,,,,,,,,,hallelujah_dublin,0,1,0,0.0,0,0,0,0.0,,,,,,,,0.0,,,,,,,,,,,,,,
5411015508ad6ee3090e6160,dublin,male,False,other,,1.0,False,33.0,False,,,,,,,2.0,3.0,4.0,4.0,2.0,3.0,2.0,,,,,,,,,,hallelujah_dublin,1,0,0,0.0,1,1,0,0.0,,,,,,,,0.0,,,,,,,,,,,,,,
541101b908ad6ee3090e62f8,dublin,male,True,other,,4.0,False,36.0,False,,,,,,,1.0,4.0,4.0,1.0,3.0,2.0,4.0,,,,,,,,,,hallelujah_dublin,1,0,1,0.0,1,1,0,0.0,,,,,,,,0.0,,,,,,,,,,,,,,
5411031108ad6ee3090e67f0,dublin,female,True,other,,4.0,False,23.0,False,,,,,,,2.0,3.0,3.0,5.0,2.0,2.0,1.0,,,,,,,,,,hallelujah_dublin,1,0,0,1.0,1,1,1,1.0,,,,,,,,0.0,,,,,,,,,,,,,,
5411047508ad6ee3090e6cbe,dublin,female,False,irish,,2.0,False,48.0,False,,,,,,,1.0,4.0,3.0,1.0,3.0,3.0,3.0,,,,,,,,,,hallelujah_dublin,1,1,0,0.0,0,0,0,0.0,,,,,,,,0.0,,,,,,,,,,,,,,
5411047808ad6ee3090e6ce1,dublin,male,False,irish,,3.0,False,54.0,False,,,,,,,1.0,4.0,3.0,3.0,3.0,3.0,2.0,,,,,,,,,,hallelujah_dublin,1,0,0,1.0,1,0,0,0.0,,,,,,,,0.0,,,,,,,,,,,,,,
5411047808ad6ee3090e6ce6,dublin,female,True,irish,,4.0,False,18.0,False,,,,,,,1.0,4.0,4.0,4.0,3.0,2.0,3.0,,,,,,,,,,hallelujah_dublin,0,0,1,0.0,0,0,0,0.0,,,,,,,,0.0,,,,,,,,,,,,,,
541104c108ad6ee3090e6ddd,dublin,male,False,other,,3.0,False,23.0,False,,,,,,,2.0,4.0,4.0,4.0,2.0,4.0,2.0,,,,,,,,,,hallelujah_dublin,0,0,1,0.0,0,0,0,0.0,,,,,,,,0.0,,,,,,,,,,,,,,
541104c208ad6ee3090e6df3,dublin,female,True,irish,,4.0,False,16.0,False,,,,,,,1.0,4.0,4.0,4.0,2.0,2.0,3.0,,,,,,,,,,hallelujah_dublin,1,0,0,0.0,1,1,0,0.0,,,,,,,,0.0,,,,,,,,,,,,,,
5411054d08ad6ee3090e6fe3,dublin,female,False,irish,,2.0,False,34.0,False,,,,,,,4.0,4.0,3.0,4.0,3.0,2.0,1.0,,,,,,,,,,hallelujah_dublin,1,0,0,0.0,1,1,0,0.0,,,,,,,,0.0,,,,,,,,,,,,,,
541105e008ad6ee3090e7216,dublin,male,True,irish,,3.0,False,16.0,False,,,,,,,3.0,4.0,2.0,3.0,5.0,3.0,4.0,,,,,,,,,,hallelujah_dublin,1,0,0,0.0,0,0,0,0.0,,,,,,,,0.0,,,,,,,,,,,,,,
541105e108ad6ee3090e7221,dublin,female,False,irish,,2.0,False,58.0,False,,,,,,,1.0,2.0,4.0,4.0,4.0,2.0,3.0,,,,,,,,,,hallelujah_dublin,0,0,0,1.0,0,0,0,0.0,,,,,,,,0.0,,,,,,,,,,,,,,
5410f8da08ad6ee3090e4127,dublin,female,True,other,,3.0,False,35.0,False,,,,,,,,,2.0,,,,,,3.0,3.0,4.0,4.0,4.0,5.0,4.0,3.0,hallelujah_dublin,1,1,0,1.0,1,1,1,0.0,,,,,,,,0.0,,,,,,,,,,,,,,
5410f8da08ad6ee3090e4132,dublin,female,False,irish,,1.0,False,40.0,False,,,,,,,,,1.0,,,,,,3.0,1.0,3.0,4.0,3.0,3.0,4.0,3.0,hallelujah_dublin,0,1,0,0.0,0,0,0,0.0,,,,,,,,0.0,,,,,,,,,,,,,,
5410fa8808ad6ee3090e476b,dublin,male,True,other,,4.0,False,23.0,False,,,,,,,,,1.0,,,,,,3.0,4.0,4.0,3.0,3.0,4.0,4.0,3.0,hallelujah_dublin,1,0,0,0.0,0,1,0,0.0,,,,,,,,0.0,,,,,,,,,,,,,,
5410fa8808ad6ee3090e476f,dublin,male,False,other,,4.0,False,20.0,False,,,,,,,,,1.0,,,,,,4.0,4.0,4.0,1.0,3.0,4.0,4.0,2.0,hallelujah_dublin,1,0,0,0.0,1,0,0,0.0,,,,,,,,0.0,,,,,,,,,,,,,,
5410fa8808ad6ee3090e4776,dublin,female,False,other,,3.0,False,22.0,False,,,,,,,,,1.0,,,,,,3.0,2.0,4.0,1.0,4.0,4.0,4.0,3.0,hallelujah_dublin,0,0,0,0.0,0,0,0,0.0,,,,,,,,1.0,,,,,,,,,,,,,,
5410fb3f08ad6ee3090e4a1a,dublin,female,False,other,,1.0,False,31.0,False,,,,,,,,,2.0,,,,,,4.0,4.0,3.0,1.0,3.0,3.0,4.0,4.0,hallelujah_dublin,1,0,0,0.0,0,1,0,0.0,,,,,,,,0.0,,,,,,,,,,,,,,
5410fbaf08ad6ee3090e4bd4,dublin,male,True,other,,3.0,True,22.0,False,,,,,,,,,1.0,,,,,,5.0,1.0,5.0,2.0,5.0,4.0,5.0,3.0,hallelujah_dublin,1,0,0,0.0,0,1,0,0.0,,,,,,,,0.0,,,,,,,,,,,,,,
5410ff9208ad6ee3090e5ad9,dublin,male,True,irish,,2.0,False,21.0,False,,,,,,,,,1.0,,,,,,4.0,4.0,3.0,1.0,3.0,2.0,5.0,4.0,hallelujah_dublin,1,0,1,0.0,1,0,0,1.0,,,,,,,,0.0,,,,,,,,,,,,,,
5411002c08ad6ee3090e5d04,dublin,male,True,irish,,3.0,False,28.0,False,,,,,,,,,1.0,,,,,,4.0,3.0,3.0,3.0,4.0,5.0,4.0,4.0,hallelujah_dublin,1,0,1,0.0,0,1,0,0.0,,,,,,,,0.0,,,,,,,,,,,,,,
5411012808ad6ee3090e60ba,dublin,female,True,other,,3.0,False,28.0,False,,,,,,,,,1.0,,,,,,2.0,2.0,2.0,3.0,3.0,3.0,4.0,1.0,hallelujah_dublin,1,0,0,0.0,0,1,0,0.0,,,,,,,,0.0,,,,,,,,,,,,,,
5411012808ad6ee3090e60bb,dublin,male,True,irish,,5.0,False,25.0,False,,,,,,,,,1.0,,,,,,5.0,4.0,4.0,2.0,5.0,3.0,4.0,4.0,hallelujah_dublin,1,0,1,0.0,1,1,0,0.0,,,,,,,,0.0,,,,,,,,,,,,,,
541102d908ad6ee3090e671a,dublin,male,False,other,,2.0,False,18.0,False,,,,,,,,,,,,,,,,,,,,,,,hallelujah_dublin,1,0,0,0.0,0,0,0,0.0,,,,,,,,0.0,,,,,,,,,,,,,,
541103ad08ad6ee3090e6a09,dublin,female,False,other,,3.0,False,21.0,False,,,,,,,,,,,,,,,,,,,,,,,hallelujah_dublin,1,1,1,0.0,0,1,1,0.0,,,,,,,,0.0,,,,,,,,,,,,,,
5411043a08ad6ee3090e6bfd,dublin,female,True,irish,,3.0,False,13.0,False,,,,,,,,,,,,,,,,,,,,,,,hallelujah_dublin,0,0,1,0.0,0,1,1,1.0,,,,,,,,0.0,,,,,,,,,,,,,,
5411065608ad6ee3090e73be,dublin,male,True,irish,,4.0,False,18.0,False,,,,,,,,,,,,,,,,,,,,,,,hallelujah_dublin,0,0,1,0.0,1,1,1,0.0,,,,,,,,0.0,,,,,,,,,,,,,,
5411065608ad6ee3090e73c9,dublin,male,False,irish,,3.0,False,17.0,False,,,,,,,,,,,,,,,,,,,,,,,hallelujah_dublin,1,0,0,1.0,0,0,0,0.0,,,,,,,,0.0,,,,,,,,,,,,,,
5411070e08ad6ee3090e761d,dublin,male,True,irish,,2.0,False,39.0,False,,,,,,,,,,,,,,,,,,,,,,,hallelujah_dublin,1,0,0,0.0,0,1,0,0.0,,,,,,,,0.0,,,,,,,,,,,,,,
5411070f08ad6ee3090e762b,dublin,male,True,irish,,2.0,False,22.0,False,,,,,,,,,,,,,,,,,,,,,,,hallelujah_dublin,1,0,0,0.0,0,0,0,0.0,,,,,,,,0.0,,,,,,,,,,,,,,
5411070f08ad6ee3090e7637,dublin,female,False,irish,,2.0,False,22.0,False,,,,,,,,,,,,,,,,,,,,,,,hallelujah_dublin,1,0,0,0.0,0,1,0,0.0,,,,,,,,0.0,,,,,,,,,,,,,,
5410f6fd08ad6ee3090e3a51,dublin,female,True,irish,,3.0,False,19.0,False,,,,,,,,,,,,,,,,,,,,,,,hallelujah_dublin,0,0,0,0.0,1,1,0,0.0,,,,,,,,0.0,,,,,,,,,,,,,,
570eb78b83a73509d0e03eef,taipei_city,female,,taiwanese,,1.0,False,14.0,True,3.0,5.0,-1.0,3.0,3.0,3.0,,4.0,5.0,1.0,5.0,4.0,5.0,3.0,,,,,,,,2.0,dust_taiwan,0,0,0,,0,1,0,,,,,,,,,,en,4.0,1.0,5.0,2.0,5.0,5.0,4.0,2.0,4.0,2.0,5.0,0.0,0.0
570eb73e83a73509d0e025e5,taipei_city,male,,taiwanese,,5.0,False,9.0,True,5.0,5.0,-1.0,1.0,5.0,5.0,,1.0,5.0,1.0,1.0,3.0,3.0,5.0,,,,,,,,1.0,dust_taiwan,1,0,0,,0,0,0,,,,,,,,,,en,5.0,5.0,5.0,5.0,5.0,5.0,5.0,5.0,5.0,5.0,1.0,0.0,0.0
570eb79d83a73509d0e044a7,taipei_city,male,,taiwanese,,2.0,False,13.0,True,2.0,3.0,-1.0,4.0,3.0,2.0,,5.0,5.0,1.0,5.0,5.0,5.0,4.0,,,,,,,,1.0,dust_taiwan,1,1,1,,1,1,1,,,,,,,,,,zh_TW,4.0,2.0,4.0,3.0,3.0,5.0,1.0,4.0,4.0,1.0,5.0,1.0,1.0
570eb7be83a73509d0e04ed5,taipei_city,male,,taiwanese,,1.0,False,9.0,True,4.0,4.0,-1.0,3.0,3.0,3.0,,4.0,5.0,1.0,4.0,3.0,4.0,3.0,,,,,,,,3.0,dust_taiwan,0,0,0,,1,0,0,,,,,,,,,,zh_TW,3.0,2.0,3.0,3.0,2.0,2.0,3.0,2.0,2.0,3.0,4.0,0.0,0.0
570eb72083a73509d0e01bfe,taipei_city,female,,taiwanese,,5.0,False,11.0,True,4.0,4.0,-1.0,4.0,4.0,1.0,,2.0,5.0,1.0,5.0,5.0,5.0,4.0,,,,,,,,5.0,dust_taiwan,0,0,0,,0,1,0,,,,,,,,,,en,2.0,4.0,3.0,1.0,5.0,5.0,5.0,2.0,3.0,1.0,5.0,0.0,0.0
570eb75b83a73509d0e02fa8,taipei_city,female,,taiwanese,,2.0,False,10.0,True,4.0,2.0,-1.0,2.0,1.0,1.0,,3.0,1.0,1.0,3.0,1.0,1.0,4.0,,,,,,,,4.0,dust_taiwan,0,0,0,,0,1,0,,,,,,,,,,zh_TW,5.0,1.0,5.0,2.0,2.0,5.0,2.0,3.0,1.0,2.0,2.0,0.0,0.0
570eb7a983a73509d0e04838,taipei_city,female,,taiwanese,,3.0,False,15.0,True,3.0,5.0,-1.0,3.0,3.0,4.0,,4.0,5.0,4.0,4.0,4.0,5.0,4.0,,,,,,,,4.0,dust_taiwan,1,1,0,,0,1,0,,,,,,,,,,zh_TW,5.0,2.0,4.0,3.0,4.0,3.0,5.0,3.0,2.0,5.0,5.0,0.0,1.0
570eb72483a73509d0e01d6d,taipei_city,male,,taiwanese,,5.0,False,14.0,True,1.0,1.0,-1.0,3.0,1.0,1.0,,4.0,5.0,1.0,5.0,5.0,5.0,3.0,,,,,,,,1.0,dust_taiwan,0,0,0,,1,1,0,,,,,,,,,,en,5.0,2.0,5.0,2.0,5.0,4.0,5.0,1.0,1.0,5.0,5.0,0.0,0.0
570eb74783a73509d0e028b2,taipei_city,female,,taiwanese,,3.0,False,17.0,True,3.0,4.0,-1.0,2.0,4.0,4.0,,2.0,5.0,1.0,4.0,4.0,5.0,4.0,,,,,,,,2.0,dust_taiwan,0,0,0,,0,1,0,,,,,,,,,,en,4.0,5.0,4.0,4.0,2.0,5.0,2.0,5.0,4.0,1.0,2.0,0.0,0.0
570eb75783a73509d0e02e26,taipei_city,male,,taiwanese,,5.0,False,15.0,True,4.0,3.0,-1.0,3.0,3.0,3.0,,4.0,5.0,3.0,4.0,3.0,5.0,4.0,,,,,,,,4.0,dust_taiwan,0,0,0,,0,1,0,,,,,,,,,,en,4.0,4.0,5.0,4.0,5.0,2.0,4.0,3.0,1.0,5.0,5.0,0.0,0.0
570eb78883a73509d0e03e35,taipei_city,male,,taiwanese,,3.0,False,9.0,True,4.0,4.0,-1.0,5.0,5.0,5.0,,5.0,5.0,4.0,5.0,5.0,5.0,5.0,,,,,,,,5.0,dust_taiwan,0,0,0,,1,0,0,,,,,,,,,,en,5.0,1.0,5.0,1.0,5.0,1.0,5.0,5.0,1.0,4.0,4.0,0.0,0.0
570eb78583a73509d0e03d1e,taipei_city,male,,taiwanese,,4.0,False,15.0,True,3.0,3.0,-1.0,4.0,4.0,5.0,,4.0,4.0,1.0,5.0,2.0,5.0,4.0,,,,,,,,3.0,dust_taiwan,0,0,0,,1,1,0,,,,,,,,,,en,2.0,4.0,5.0,3.0,3.0,4.0,2.0,4.0,3.0,2.0,4.0,0.0,0.0
570eb7c183a73509d0e04fc1,taipei_city,male,,taiwanese,,3.0,False,41.0,True,2.0,3.0,-1.0,1.0,3.0,1.0,,3.0,3.0,1.0,4.0,4.0,4.0,3.0,,,,,,,,1.0,dust_taiwan,1,0,1,,1,1,1,,,,,,,,,,en,4.0,2.0,4.0,4.0,2.0,4.0,3.0,4.0,3.0,4.0,2.0,0.0,0.0
570eb75483a73509d0e02d21,taipei_city,female,,taiwanese,,5.0,False,10.0,True,3.0,1.0,-1.0,4.0,3.0,2.0,,4.0,4.0,1.0,5.0,3.0,3.0,2.0,,,,,,,,3.0,dust_taiwan,0,0,0,,0,1,0,,,,,,,,,,zh_TW,4.0,2.0,2.0,1.0,5.0,1.0,3.0,1.0,1.0,5.0,3.0,0.0,0.0
570eb77c83a73509d0e03a93,taipei_city,female,,taiwanese,,3.0,False,10.0,True,3.0,5.0,-1.0,3.0,5.0,3.0,,2.0,3.0,1.0,1.0,3.0,3.0,2.0,,,,,,,,1.0,dust_taiwan,0,0,0,,1,0,0,,,,,,,,,,en,5.0,1.0,5.0,1.0,4.0,2.0,3.0,3.0,1.0,3.0,3.0,0.0,0.0
570eb77983a73509d0e039a7,taipei_city,female,,taiwanese,,2.0,False,30.0,True,2.0,4.0,-1.0,2.0,2.0,2.0,,3.0,3.0,1.0,3.0,2.0,3.0,3.0,,,,,,,,3.0,dust_taiwan,0,0,0,,0,1,0,,,,,,,,,,en,4.0,2.0,4.0,2.0,3.0,4.0,2.0,5.0,1.0,2.0,2.0,0.0,0.0
570eb74283a73509d0e0271d,taipei_city,female,,taiwanese,,2.0,False,9.0,True,5.0,5.0,-1.0,5.0,5.0,5.0,,1.0,5.0,1.0,5.0,5.0,5.0,2.0,,,,,,,,5.0,dust_taiwan,0,0,0,,0,1,0,,,,,,,,,,en,5.0,1.0,5.0,5.0,3.0,1.0,5.0,5.0,1.0,3.0,5.0,0.0,0.0
570eb78383a73509d0e03ca4,taipei_city,male,,taiwanese,,2.0,False,10.0,True,1.0,1.0,-1.0,1.0,1.0,1.0,,4.0,5.0,1.0,4.0,5.0,4.0,3.0,,,,,,,,5.0,dust_taiwan,0,0,0,,0,1,0,,,,,,,,,,en,3.0,2.0,4.0,3.0,3.0,4.0,3.0,3.0,3.0,3.0,4.0,0.0,0.0
570eb76f83a73509d0e0364a,taipei_city,female,,american,,2.0,False,18.0,True,3.0,3.0,-1.0,3.0,3.0,3.0,,4.0,4.0,1.0,5.0,3.0,5.0,4.0,,,,,,,,4.0,dust_taiwan,0,0,1,,0,1,0,,,,,,,,,,zh_TW,4.0,1.0,5.0,4.0,5.0,4.0,2.0,5.0,4.0,3.0,4.0,0.0,1.0
570eb74683a73509d0e02899,taipei_city,male,,taiwanese,,2.0,False,15.0,True,2.0,5.0,-1.0,4.0,2.0,3.0,,4.0,5.0,1.0,5.0,4.0,5.0,3.0,,,,,,,,4.0,dust_taiwan,0,0,0,,0,1,0,,,,,,,,,,en,4.0,2.0,4.0,2.0,4.0,4.0,5.0,4.0,3.0,3.0,5.0,0.0,0.0
570eb77a83a73509d0e039dc,taipei_city,male,,taiwanese,,2.0,False,30.0,True,5.0,4.0,-1.0,3.0,4.0,4.0,,5.0,4.0,2.0,4.0,5.0,5.0,4.0,,,,,,,,4.0,dust_taiwan,0,0,0,,0,1,0,,,,,,,,,,en,4.0,3.0,2.0,4.0,4.0,4.0,3.0,4.0,4.0,2.0,3.0,0.0,0.0
570eb72383a73509d0e01cff,taichung_city,female,,taiwanese,,1.0,False,18.0,True,3.0,4.0,-1.0,2.0,3.0,3.0,,4.0,5.0,1.0,5.0,5.0,5.0,2.0,,,,,,,,5.0,dust_taiwan,0,0,0,,0,1,0,,,,,,,,,,en,4.0,1.0,5.0,4.0,2.0,4.0,5.0,4.0,4.0,4.0,4.0,0.0,0.0
570eb74a83a73509d0e029f0,taichung_city,female,,taiwanese,,3.0,False,27.0,True,2.0,3.0,-1.0,2.0,3.0,2.0,,3.0,4.0,1.0,4.0,4.0,4.0,4.0,,,,,,,,3.0,dust_taiwan,1,1,0,,1,0,1,,,,,,,,,,en,4.0,2.0,4.0,4.0,3.0,4.0,2.0,5.0,2.0,3.0,4.0,0.0,0.0
570eb77e83a73509d0e03b4c,taichung_city,male,,taiwanese,,3.0,False,21.0,True,2.0,3.0,-1.0,4.0,3.0,3.0,,4.0,4.0,1.0,5.0,4.0,4.0,4.0,,,,,,,,4.0,dust_taiwan,0,1,0,,0,0,0,,,,,,,,,,zh_TW,4.0,2.0,4.0,4.0,2.0,4.0,4.0,4.0,3.0,3.0,4.0,0.0,0.0
570eb76483a73509d0e0327e,taichung_city,female,,taiwanese,,4.0,False,29.0,True,2.0,4.0,-1.0,4.0,3.0,3.0,,2.0,4.0,1.0,5.0,3.0,4.0,4.0,,,,,,,,3.0,dust_taiwan,1,0,0,,0,1,0,,,,,,,,,,en,4.0,1.0,4.0,4.0,2.0,5.0,3.0,4.0,3.0,2.0,5.0,0.0,0.0
570eb78b83a73509d0e03ee5,taichung_city,female,,taiwanese,,2.0,False,19.0,True,3.0,4.0,-1.0,4.0,4.0,4.0,,4.0,5.0,1.0,5.0,5.0,5.0,4.0,,,,,,,,5.0,dust_taiwan,0,0,0,,1,1,0,,,,,,,,,,en,4.0,2.0,5.0,4.0,4.0,3.0,4.0,5.0,2.0,4.0,3.0,0.0,0.0
570eb76683a73509d0e0332d,taichung_city,female,,taiwanese,,1.0,False,36.0,True,3.0,3.0,-1.0,1.0,3.0,3.0,,3.0,4.0,1.0,3.0,3.0,4.0,3.0,,,,,,,,3.0,dust_taiwan,0,0,0,,0,1,0,,,,,,,,,,zh_TW,4.0,3.0,4.0,3.0,4.0,3.0,2.0,5.0,2.0,3.0,4.0,0.0,0.0
570eb7b883a73509d0e04cf3,taichung_city,male,,taiwanese,,1.0,False,51.0,True,2.0,1.0,-1.0,5.0,1.0,1.0,,5.0,5.0,5.0,5.0,5.0,5.0,1.0,,,,,,,,5.0,dust_taiwan,0,0,0,,0,1,0,,,,,,,,,,zh_TW,1.0,3.0,3.0,1.0,3.0,1.0,3.0,3.0,4.0,4.0,5.0,0.0,0.0
570eb79883a73509d0e04330,taichung_city,male,,taiwanese,,3.0,False,16.0,True,4.0,4.0,-1.0,4.0,3.0,4.0,,4.0,4.0,4.0,5.0,2.0,4.0,4.0,,,,,,,,2.0,dust_taiwan,0,0,0,,0,1,0,,,,,,,,,,en,4.0,4.0,4.0,2.0,5.0,5.0,4.0,5.0,4.0,4.0,4.0,0.0,0.0
570eb76c83a73509d0e03564,taipei_city,female,,taiwanese,,4.0,False,14.0,True,1.0,1.0,-1.0,2.0,1.0,1.0,,3.0,5.0,1.0,5.0,5.0,5.0,1.0,,,,,,,,5.0,dust_taiwan,0,0,0,,1,0,0,,,,,,,,,,en,2.0,1.0,2.0,2.0,4.0,2.0,4.0,2.0,2.0,4.0,5.0,0.0,0.0
570eb74283a73509d0e0275d,taipei_city,male,,taiwanese,,2.0,False,10.0,True,1.0,2.0,-1.0,2.0,1.0,1.0,,5.0,5.0,2.0,5.0,5.0,4.0,2.0,,,,,,,,5.0,dust_taiwan,1,0,0,,1,1,0,,,,,,,,,,zh_TW,4.0,4.0,5.0,3.0,2.0,4.0,3.0,4.0,2.0,3.0,4.0,0.0,0.0
570eb77c83a73509d0e03a6b,taipei_city,male,,taiwanese,,4.0,False,11.0,True,3.0,5.0,-1.0,2.0,4.0,2.0,,4.0,5.0,1.0,5.0,5.0,5.0,1.0,,,,,,,,5.0,dust_taiwan,0,0,0,,0,1,0,,,,,,,,,,en,5.0,5.0,5.0,5.0,5.0,5.0,5.0,5.0,5.0,5.0,5.0,0.0,0.0
570eb78183a73509d0e03c12,taipei_city,male,,taiwanese,,1.0,False,46.0,False,3.0,3.0,-1.0,2.0,2.0,2.0,,2.0,4.0,2.0,3.0,2.0,4.0,2.0,,,,,,,,3.0,dust_taiwan,1,0,0,,1,1,0,,,,,,,,,,en,4.0,3.0,4.0,4.0,1.0,4.0,2.0,5.0,4.0,2.0,4.0,0.0,0.0
570eb73983a73509d0e02409,taipei_city,male,,taiwanese,,3.0,False,19.0,False,3.0,3.0,-1.0,4.0,3.0,3.0,,4.0,4.0,3.0,5.0,4.0,4.0,3.0,,,,,,,,3.0,dust_taiwan,0,0,0,,0,1,0,,,,,,,,,,en,4.0,3.0,3.0,4.0,2.0,4.0,2.0,4.0,4.0,3.0,4.0,0.0,0.0
570eb75e83a73509d0e030c4,taipei_city,female,,taiwanese,,2.0,False,18.0,False,2.0,2.0,-1.0,1.0,2.0,1.0,,4.0,5.0,1.0,5.0,4.0,5.0,4.0,,,,,,,,3.0,dust_taiwan,1,0,0,,0,1,0,,,,,,,,,,en,4.0,1.0,4.0,2.0,3.0,4.0,4.0,3.0,3.0,2.0,4.0,0.0,0.0
570eb78183a73509d0e03c0b,taipei_city,female,,taiwanese,,3.0,False,25.0,False,4.0,4.0,-1.0,3.0,4.0,2.0,,4.0,5.0,3.0,5.0,5.0,5.0,3.0,,,,,,,,4.0,dust_taiwan,0,0,0,,0,1,0,,,,,,,,,,zh_TW,3.0,3.0,3.0,3.0,3.0,3.0,3.0,3.0,3.0,3.0,3.0,0.0,0.0
570eb7b883a73509d0e04d15,taipei_city,male,,taiwanese,,4.0,True,20.0,False,3.0,3.0,-1.0,4.0,3.0,2.0,,4.0,5.0,1.0,5.0,5.0,5.0,5.0,,,,,,,,1.0,dust_taiwan,0,0,0,,0,1,0,,,,,,,,,,en,5.0,1.0,5.0,2.0,5.0,4.0,5.0,2.0,1.0,2.0,5.0,0.0,0.0
570eb74b83a73509d0e02a0f,taipei_city,female,,taiwanese,,2.0,False,21.0,False,4.0,3.0,-1.0,4.0,3.0,3.0,,4.0,5.0,1.0,5.0,4.0,5.0,2.0,,,,,,,,1.0,dust_taiwan,0,0,0,,1,1,0,,,,,,,,,,en,3.0,3.0,3.0,2.0,2.0,3.0,2.0,4.0,4.0,3.0,5.0,0.0,0.0
570eb75083a73509d0e02bb7,taipei_city,female,,taiwanese,,3.0,False,31.0,False,4.0,4.0,-1.0,1.0,2.0,3.0,,4.0,4.0,1.0,3.0,3.0,4.0,3.0,,,,,,,,2.0,dust_taiwan,1,0,0,,0,1,0,,,,,,,,,,zh_TW,2.0,1.0,4.0,5.0,1.0,4.0,2.0,5.0,5.0,4.0,1.0,0.0,0.0
570eb78883a73509d0e03df2,taipei_city,female,,taiwanese,,4.0,False,17.0,False,3.0,3.0,-1.0,4.0,3.0,3.0,,3.0,4.0,1.0,5.0,3.0,5.0,5.0,,,,,,,,5.0,dust_taiwan,0,0,0,,1,1,0,,,,,,,,,,en,4.0,1.0,5.0,3.0,3.0,4.0,4.0,4.0,4.0,4.0,4.0,0.0,0.0
570eb72e83a73509d0e020b7,taipei_city,male,,taiwanese,,1.0,False,13.0,False,3.0,5.0,-1.0,4.0,5.0,5.0,,4.0,4.0,1.0,5.0,5.0,5.0,2.0,,,,,,,,5.0,dust_taiwan,0,0,0,,0,1,0,,,,,,,,,,en,5.0,4.0,2.0,2.0,2.0,5.0,5.0,2.0,5.0,4.0,4.0,0.0,0.0
570eb72683a73509d0e01e07,taipei_city,male,,taiwanese,,5.0,False,11.0,False,5.0,1.0,-1.0,1.0,1.0,1.0,,1.0,5.0,1.0,5.0,5.0,5.0,1.0,,,,,,,,5.0,dust_taiwan,0,0,0,,0,1,0,,,,,,,,,,zh_TW,1.0,5.0,5.0,5.0,1.0,1.0,1.0,5.0,3.0,5.0,1.0,0.0,0.0
570eb7b483a73509d0e04b9b,taipei_city,male,,portuguese,,4.0,False,24.0,False,1.0,2.0,-1.0,1.0,2.0,1.0,,5.0,5.0,1.0,5.0,5.0,5.0,2.0,,,,,,,,5.0,dust_taiwan,1,0,1,,0,1,0,,,,,,,,,,en,3.0,1.0,5.0,5.0,3.0,5.0,4.0,5.0,4.0,2.0,5.0,1.0,1.0
570eb77983a73509d0e03979,taipei_city,female,,taiwanese,,3.0,False,16.0,False,3.0,3.0,-1.0,2.0,3.0,3.0,,4.0,4.0,3.0,4.0,4.0,4.0,3.0,,,,,,,,4.0,dust_taiwan,1,0,0,,0,0,0,,,,,,,,,,en,3.0,3.0,3.0,3.0,3.0,3.0,3.0,3.0,3.0,3.0,4.0,1.0,1.0
570eb7a983a73509d0e04847,taipei_city,male,,taiwanese,,3.0,False,14.0,False,2.0,4.0,-1.0,5.0,4.0,5.0,,4.0,4.0,1.0,4.0,5.0,4.0,2.0,,,,,,,,3.0,dust_taiwan,0,0,0,,0,1,0,,,,,,,,,,en,4.0,2.0,4.0,2.0,4.0,3.0,2.0,4.0,3.0,3.0,5.0,0.0,0.0
570eb73283a73509d0e021e5,taipei_city,male,,taiwanese,,3.0,False,19.0,False,3.0,4.0,-1.0,4.0,3.0,4.0,,5.0,5.0,1.0,5.0,5.0,5.0,4.0,,,,,,,,5.0,dust_taiwan,0,0,0,,0,1,0,,,,,,,,,,en,2.0,4.0,2.0,5.0,2.0,5.0,4.0,4.0,5.0,5.0,5.0,0.0,0.0
570eb79483a73509d0e041b3,taipei_city,female,,taiwanese,,3.0,False,19.0,False,3.0,3.0,-1.0,2.0,2.0,2.0,,4.0,4.0,4.0,4.0,4.0,4.0,4.0,,,,,,,,4.0,dust_taiwan,0,0,0,,1,1,0,,,,,,,,,,zh_TW,4.0,1.0,2.0,5.0,1.0,4.0,2.0,4.0,2.0,2.0,4.0,0.0,0.0
570eb79683a73509d0e0424d,taipei_city,male,,taiwanese,,3.0,False,52.0,False,2.0,4.0,-1.0,4.0,4.0,4.0,,2.0,4.0,1.0,4.0,3.0,4.0,2.0,,,,,,,,3.0,dust_taiwan,0,1,0,,0,1,1,,,,,,,,,,en,4.0,2.0,4.0,2.0,3.0,2.0,2.0,4.0,3.0,3.0,4.0,0.0,0.0
570eb73083a73509d0e02147,taipei_city,male,,taiwanese,,3.0,False,36.0,False,4.0,5.0,-1.0,3.0,4.0,5.0,,3.0,5.0,5.0,5.0,4.0,5.0,4.0,,,,,,,,4.0,dust_taiwan,0,0,0,,0,1,0,,,,,,,,,,zh_TW,4.0,1.0,4.0,4.0,4.0,4.0,3.0,4.0,3.0,4.0,5.0,0.0,0.0
570eb78d83a73509d0e03faf,taipei_city,female,,taiwanese,,2.0,False,23.0,False,2.0,3.0,-1.0,2.0,3.0,3.0,,3.0,4.0,1.0,4.0,4.0,4.0,3.0,,,,,,,,3.0,dust_taiwan,0,0,0,,0,0,0,,,,,,,,,,zh_TW,4.0,1.0,3.0,4.0,2.0,5.0,1.0,5.0,3.0,2.0,2.0,1.0,0.0
570eb77283a73509d0e0377e,taipei_city,male,,taiwanese,,4.0,False,8.0,False,4.0,5.0,-1.0,5.0,4.0,4.0,,2.0,5.0,2.0,5.0,5.0,5.0,5.0,,,,,,,,4.0,dust_taiwan,1,0,0,,1,1,1,,,,,,,,,,en,3.0,3.0,4.0,4.0,2.0,4.0,3.0,4.0,4.0,2.0,5.0,0.0,0.0
570eb78a83a73509d0e03eb9,taipei_city,female,,taiwanese,,2.0,False,13.0,False,1.0,5.0,-1.0,5.0,5.0,5.0,,1.0,5.0,1.0,5.0,5.0,5.0,1.0,,,,,,,,1.0,dust_taiwan,0,1,0,,1,1,1,,,,,,,,,,en,5.0,1.0,5.0,5.0,3.0,5.0,5.0,5.0,5.0,5.0,4.0,0.0,0.0
570eb7ba83a73509d0e04daf,taipei_city,female,,taiwanese,,3.0,False,17.0,False,4.0,4.0,-1.0,4.0,4.0,5.0,,3.0,5.0,1.0,5.0,3.0,5.0,3.0,,,,,,,,4.0,dust_taiwan,0,0,1,,0,1,0,,,,,,,,,,en,4.0,1.0,4.0,3.0,5.0,2.0,4.0,4.0,4.0,4.0,5.0,0.0,0.0
570eb77183a73509d0e03720,taipei_city,female,,taiwanese,,2.0,False,15.0,False,2.0,2.0,-1.0,2.0,2.0,2.0,,4.0,4.0,4.0,4.0,4.0,5.0,3.0,,,,,,,,4.0,dust_taiwan,0,0,0,,0,1,0,,,,,,,,,,en,2.0,3.0,2.0,2.0,2.0,5.0,4.0,3.0,2.0,2.0,3.0,0.0,0.0
570eb76e83a73509d0e035eb,taipei_city,male,,taiwanese,,1.0,False,20.0,False,3.0,4.0,-1.0,4.0,4.0,4.0,,2.0,4.0,1.0,4.0,3.0,2.0,2.0,,,,,,,,4.0,dust_taiwan,1,0,0,,0,1,0,,,,,,,,,,en,4.0,1.0,4.0,2.0,4.0,2.0,2.0,5.0,4.0,5.0,4.0,0.0,0.0
570eb71e83a73509d0e01b6f,taipei_city,female,,taiwanese,,4.0,False,29.0,False,2.0,4.0,-1.0,2.0,4.0,4.0,,2.0,4.0,4.0,5.0,5.0,5.0,2.0,,,,,,,,3.0,dust_taiwan,1,0,0,,1,1,1,,,,,,,,,,zh_TW,4.0,2.0,4.0,2.0,4.0,4.0,2.0,5.0,4.0,4.0,5.0,0.0,0.0
570eb76583a73509d0e032c0,taipei_city,male,,taiwanese,,5.0,False,13.0,False,5.0,5.0,-1.0,5.0,5.0,5.0,,5.0,5.0,1.0,5.0,5.0,5.0,5.0,,,,,,,,5.0,dust_taiwan,0,0,0,,1,1,1,,,,,,,,,,en,5.0,1.0,5.0,2.0,5.0,1.0,5.0,2.0,4.0,4.0,5.0,0.0,0.0
570eb72283a73509d0e01c94,taipei_city,female,,taiwanese,,3.0,False,11.0,False,2.0,3.0,-1.0,2.0,3.0,3.0,,3.0,4.0,1.0,5.0,4.0,5.0,4.0,,,,,,,,4.0,dust_taiwan,0,0,0,,0,1,0,,,,,,,,,,en,4.0,5.0,4.0,3.0,4.0,3.0,4.0,3.0,3.0,3.0,4.0,0.0,0.0
570eb74183a73509d0e026af,taipei_city,male,,taiwanese,,2.0,False,14.0,False,3.0,3.0,-1.0,2.0,3.0,2.0,,3.0,4.0,1.0,4.0,4.0,4.0,5.0,,,,,,,,2.0,dust_taiwan,0,0,0,,0,1,0,,,,,,,,,,zh_TW,3.0,4.0,2.0,2.0,3.0,4.0,3.0,2.0,4.0,2.0,4.0,0.0,0.0
570eb79683a73509d0e04236,taipei_city,female,,taiwanese,,1.0,False,41.0,False,3.0,3.0,-1.0,4.0,3.0,3.0,,3.0,3.0,1.0,3.0,3.0,3.0,1.0,,,,,,,,3.0,dust_taiwan,0,1,0,,0,1,0,,,,,,,,,,en,4.0,4.0,2.0,2.0,4.0,4.0,2.0,4.0,4.0,4.0,3.0,0.0,0.0
570eb72083a73509d0e01c27,taipei_city,male,,taiwanese,,3.0,False,28.0,False,4.0,4.0,-1.0,3.0,4.0,4.0,,2.0,4.0,1.0,4.0,5.0,5.0,4.0,,,,,,,,4.0,dust_taiwan,1,0,0,,1,1,1,,,,,,,,,,en,4.0,2.0,4.0,2.0,4.0,4.0,2.0,5.0,2.0,4.0,4.0,0.0,0.0
570eb79d83a73509d0e044ac,taipei_city,male,,taiwanese,,3.0,False,26.0,False,2.0,3.0,-1.0,4.0,2.0,1.0,,4.0,5.0,4.0,5.0,4.0,5.0,3.0,,,,,,,,5.0,dust_taiwan,1,0,1,,1,1,0,,,,,,,,,,en,2.0,1.0,4.0,4.0,3.0,4.0,4.0,4.0,4.0,2.0,5.0,0.0,1.0
570eb75383a73509d0e02cdd,taipei_city,female,,taiwanese,,2.0,False,9.0,False,3.0,4.0,-1.0,3.0,3.0,4.0,,3.0,5.0,2.0,5.0,3.0,5.0,3.0,,,,,,,,3.0,dust_taiwan,0,0,0,,0,1,0,,,,,,,,,,en,3.0,3.0,3.0,3.0,3.0,3.0,3.0,3.0,3.0,3.0,4.0,0.0,0.0
570eb77e83a73509d0e03b28,taipei_city,male,,taiwanese,,3.0,False,18.0,False,1.0,2.0,-1.0,2.0,2.0,1.0,,4.0,5.0,2.0,5.0,4.0,5.0,1.0,,,,,,,,1.0,dust_taiwan,1,0,0,,0,1,0,,,,,,,,,,zh_TW,5.0,2.0,5.0,3.0,1.0,5.0,1.0,5.0,5.0,2.0,4.0,0.0,1.0
570eb74a83a73509d0e029c4,taichung_city,male,,taiwanese,,2.0,False,12.0,False,4.0,4.0,-1.0,4.0,3.0,5.0,,4.0,5.0,1.0,4.0,5.0,5.0,2.0,,,,,,,,2.0,dust_taiwan,0,0,0,,0,1,0,,,,,,,,,,en,4.0,3.0,5.0,4.0,3.0,4.0,2.0,5.0,4.0,2.0,4.0,0.0,0.0
570eb75783a73509d0e02e2f,taichung_city,female,,taiwanese,,3.0,False,18.0,False,3.0,4.0,-1.0,4.0,4.0,4.0,,2.0,4.0,1.0,4.0,2.0,4.0,3.0,,,,,,,,3.0,dust_taiwan,1,0,0,,0,1,0,,,,,,,,,,en,4.0,2.0,3.0,4.0,2.0,3.0,2.0,4.0,4.0,4.0,4.0,0.0,0.0
570eb73583a73509d0e022d2,taichung_city,male,,taiwanese,,5.0,False,36.0,False,2.0,3.0,-1.0,1.0,2.0,1.0,,3.0,5.0,4.0,5.0,4.0,5.0,4.0,,,,,,,,4.0,dust_taiwan,0,0,0,,1,0,0,,,,,,,,,,en,5.0,2.0,5.0,5.0,5.0,1.0,5.0,2.0,4.0,5.0,5.0,0.0,0.0
570eb75b83a73509d0e02fae,taichung_city,male,,taiwanese,,4.0,False,20.0,False,3.0,4.0,-1.0,3.0,3.0,4.0,,2.0,5.0,1.0,4.0,3.0,5.0,5.0,,,,,,,,2.0,dust_taiwan,1,0,1,,0,1,0,,,,,,,,,,en,4.0,4.0,4.0,2.0,4.0,4.0,4.0,3.0,3.0,3.0,4.0,0.0,1.0
570eb7af83a73509d0e049d4,taichung_city,male,,taiwanese,,1.0,False,17.0,False,2.0,4.0,-1.0,2.0,3.0,3.0,,3.0,3.0,2.0,3.0,3.0,3.0,4.0,,,,,,,,2.0,dust_taiwan,1,0,0,,0,1,0,,,,,,,,,,en,3.0,3.0,4.0,2.0,3.0,5.0,2.0,3.0,4.0,4.0,2.0,0.0,0.0
570eb78883a73509d0e03dec,taichung_city,male,,taiwanese,,2.0,False,16.0,False,1.0,2.0,-1.0,2.0,2.0,1.0,,4.0,5.0,1.0,4.0,4.0,5.0,2.0,,,,,,,,5.0,dust_taiwan,0,0,0,,1,1,1,,,,,,,,,,en,5.0,1.0,4.0,4.0,2.0,2.0,2.0,5.0,2.0,1.0,4.0,0.0,0.0
570eb73683a73509d0e02351,taichung_city,male,,american,,4.0,False,24.0,False,3.0,2.0,-1.0,2.0,2.0,2.0,,2.0,3.0,1.0,3.0,4.0,4.0,3.0,,,,,,,,3.0,dust_taiwan,1,1,1,,1,1,1,,,,,,,,,,en,3.0,1.0,5.0,2.0,4.0,2.0,4.0,2.0,2.0,4.0,4.0,1.0,1.0
570eb7b883a73509d0e04cda,taichung_city,male,,taiwanese,,3.0,False,28.0,False,2.0,2.0,-1.0,3.0,2.0,1.0,,2.0,5.0,1.0,5.0,4.0,5.0,2.0,,,,,,,,1.0,dust_taiwan,0,0,0,,0,1,0,,,,,,,,,,en,4.0,1.0,4.0,4.0,4.0,4.0,1.0,3.0,3.0,2.0,5.0,0.0,0.0
570eb73a83a73509d0e024c0,taichung_city,male,,taiwanese,,3.0,False,18.0,False,2.0,3.0,-1.0,3.0,3.0,2.0,,3.0,4.0,1.0,5.0,4.0,4.0,2.0,,,,,,,,2.0,dust_taiwan,0,0,0,,1,1,0,,,,,,,,,,en,5.0,1.0,4.0,4.0,4.0,4.0,5.0,4.0,4.0,2.0,4.0,0.0,1.0
570eb7be83a73509d0e04eda,taichung_city,female,,taiwanese,,2.0,False,20.0,False,2.0,3.0,-1.0,1.0,4.0,3.0,,3.0,4.0,1.0,4.0,4.0,4.0,4.0,,,,,,,,4.0,dust_taiwan,0,0,0,,0,1,0,,,,,,,,,,en,4.0,2.0,5.0,2.0,3.0,5.0,4.0,3.0,3.0,3.0,3.0,0.0,0.0
570eb72f83a73509d0e02110,taichung_city,female,,taiwanese,,4.0,False,28.0,False,2.0,2.0,-1.0,2.0,3.0,3.0,,3.0,4.0,1.0,4.0,4.0,4.0,2.0,,,,,,,,1.0,dust_taiwan,0,0,0,,0,1,0,,,,,,,,,,en,3.0,1.0,3.0,3.0,3.0,4.0,2.0,4.0,4.0,3.0,4.0,0.0,0.0
570eb73783a73509d0e02393,taichung_city,male,,taiwanese,,3.0,False,19.0,False,3.0,2.0,-1.0,3.0,4.0,4.0,,3.0,4.0,2.0,4.0,4.0,4.0,3.0,,,,,,,,3.0,dust_taiwan,1,0,0,,1,1,0,,,,,,,,,,en,4.0,2.0,3.0,4.0,3.0,4.0,3.0,5.0,4.0,2.0,3.0,0.0,0.0
570eb78383a73509d0e03cac,taichung_city,male,,taiwanese,,3.0,False,19.0,False,3.0,2.0,-1.0,2.0,4.0,3.0,,2.0,5.0,4.0,4.0,4.0,5.0,3.0,,,,,,,,4.0,dust_taiwan,0,0,0,,0,1,0,,,,,,,,,,en,3.0,4.0,4.0,2.0,3.0,4.0,3.0,3.0,4.0,4.0,4.0,0.0,0.0
570eb72d83a73509d0e02040,taichung_city,female,,taiwanese,,4.0,False,19.0,False,3.0,2.0,-1.0,1.0,3.0,1.0,,2.0,3.0,1.0,2.0,3.0,1.0,4.0,,,,,,,,5.0,dust_taiwan,0,0,0,,1,1,0,,,,,,,,,,zh_TW,4.0,1.0,2.0,4.0,3.0,5.0,2.0,5.0,5.0,2.0,1.0,0.0,0.0
570eb7aa83a73509d0e0489f,taipei_city,female,,taiwanese,,3.0,False,34.0,True,3.0,2.0,-1.0,2.0,3.0,2.0,,4.0,4.0,1.0,4.0,4.0,4.0,2.0,,,,,,,,4.0,hallelujah_taiwan,0,0,0,,1,1,0,,,,,,,,,,en,5.0,1.0,4.0,4.0,2.0,5.0,2.0,4.0,4.0,2.0,3.0,0.0,0.0
570eb75c83a73509d0e03009,taipei_city,male,,taiwanese,,1.0,False,7.0,True,3.0,5.0,-1.0,4.0,3.0,5.0,,4.0,5.0,1.0,5.0,2.0,3.0,3.0,,,,,,,,5.0,hallelujah_taiwan,0,0,0,,0,0,0,,,,,,,,,,en,5.0,4.0,5.0,1.0,5.0,4.0,4.0,2.0,1.0,1.0,4.0,1.0,0.0
570eb76a83a73509d0e0349c,taipei_city,female,,taiwanese,,3.0,False,18.0,True,4.0,2.0,-1.0,4.0,4.0,4.0,,4.0,4.0,1.0,4.0,4.0,3.0,4.0,,,,,,,,4.0,hallelujah_taiwan,0,1,0,,0,1,0,,,,,,,,,,en,4.0,4.0,2.0,2.0,2.0,4.0,2.0,4.0,2.0,4.0,4.0,0.0,0.0
570eb79983a73509d0e04371,taipei_city,female,,taiwanese,,3.0,False,12.0,True,3.0,4.0,-1.0,5.0,5.0,5.0,,3.0,4.0,1.0,4.0,4.0,4.0,4.0,,,,,,,,3.0,hallelujah_taiwan,0,0,0,,0,1,0,,,,,,,,,,zh_TW,4.0,3.0,5.0,1.0,5.0,1.0,4.0,4.0,3.0,4.0,5.0,0.0,0.0
570eb7a183a73509d0e045d2,taipei_city,male,,taiwanese,,2.0,False,7.0,True,3.0,3.0,-1.0,5.0,4.0,3.0,,4.0,3.0,1.0,4.0,3.0,3.0,4.0,,,,,,,,4.0,hallelujah_taiwan,0,0,0,,1,0,0,,,,,,,,,,en,4.0,3.0,4.0,3.0,4.0,4.0,3.0,3.0,2.0,3.0,3.0,0.0,0.0
570eb78a83a73509d0e03e96,taipei_city,male,,thai,,5.0,False,9.0,True,5.0,5.0,-1.0,5.0,5.0,5.0,,5.0,5.0,1.0,5.0,5.0,5.0,5.0,,,,,,,,5.0,hallelujah_taiwan,0,0,0,,0,1,0,,,,,,,,,,zh_TW,4.0,1.0,5.0,3.0,5.0,2.0,5.0,4.0,2.0,5.0,5.0,0.0,0.0
570eb73e83a73509d0e025f2,taipei_city,female,,taiwanese,,1.0,True,16.0,True,5.0,5.0,-1.0,5.0,5.0,4.0,,5.0,5.0,3.0,4.0,4.0,5.0,5.0,,,,,,,,5.0,hallelujah_taiwan,1,0,1,,0,1,0,,,,,,,,,,zh_TW,2.0,5.0,5.0,5.0,3.0,4.0,5.0,5.0,5.0,4.0,5.0,0.0,0.0
570eb7b483a73509d0e04b6c,taipei_city,female,,taiwanese,,2.0,False,10.0,True,5.0,4.0,-1.0,5.0,4.0,5.0,,2.0,5.0,3.0,4.0,4.0,4.0,3.0,,,,,,,,2.0,hallelujah_taiwan,0,1,1,,0,1,1,,,,,,,,,,zh_TW,5.0,1.0,5.0,4.0,5.0,3.0,5.0,2.0,4.0,2.0,4.0,0.0,0.0
570eb7af83a73509d0e049f2,taipei_city,male,,taiwanese,,2.0,False,10.0,True,5.0,4.0,-1.0,4.0,3.0,3.0,,3.0,5.0,1.0,5.0,5.0,5.0,3.0,,,,,,,,3.0,hallelujah_taiwan,1,0,0,,0,1,0,,,,,,,,,,en,5.0,5.0,4.0,3.0,5.0,3.0,3.0,2.0,2.0,3.0,5.0,0.0,1.0
570eb75e83a73509d0e03083,taipei_city,female,,taiwanese,,2.0,False,10.0,True,5.0,5.0,-1.0,5.0,5.0,5.0,,2.0,5.0,3.0,5.0,5.0,5.0,1.0,,,,,,,,1.0,hallelujah_taiwan,0,0,0,,0,1,0,,,,,,,,,,en,4.0,2.0,4.0,3.0,2.0,5.0,1.0,5.0,5.0,1.0,5.0,0.0,0.0
570eb77083a73509d0e03679,taipei_city,female,,taiwanese,,5.0,False,20.0,True,3.0,4.0,-1.0,4.0,3.0,3.0,,3.0,4.0,5.0,5.0,4.0,5.0,5.0,,,,,,,,4.0,hallelujah_taiwan,1,1,0,,1,1,1,,,,,,,,,,en,3.0,1.0,5.0,4.0,1.0,5.0,4.0,2.0,4.0,3.0,5.0,0.0,1.0
570eb72b83a73509d0e01f76,taipei_city,male,,indonesian,,5.0,False,40.0,True,5.0,5.0,-1.0,5.0,5.0,5.0,,1.0,1.0,1.0,1.0,1.0,1.0,5.0,,,,,,,,1.0,hallelujah_taiwan,1,0,0,,0,0,0,,,,,,,,,,en,5.0,1.0,5.0,5.0,5.0,1.0,5.0,1.0,5.0,3.0,5.0,0.0,0.0
570eb79883a73509d0e04314,taipei_city,male,,taiwanese,,2.0,False,11.0,True,2.0,2.0,-1.0,2.0,1.0,1.0,,1.0,2.0,1.0,4.0,5.0,5.0,3.0,,,,,,,,5.0,hallelujah_taiwan,1,0,0,,0,0,0,,,,,,,,,,zh_TW,2.0,3.0,2.0,1.0,3.0,5.0,2.0,4.0,5.0,1.0,2.0,0.0,0.0
570eb74b83a73509d0e02a0b,taipei_city,male,,taiwanese,,3.0,False,6.0,True,4.0,5.0,-1.0,2.0,3.0,3.0,,5.0,4.0,1.0,4.0,3.0,1.0,5.0,,,,,,,,5.0,hallelujah_taiwan,0,0,0,,1,0,0,,,,,,,,,,en,3.0,2.0,4.0,4.0,4.0,4.0,3.0,3.0,4.0,2.0,3.0,0.0,0.0
570eb78a83a73509d0e03ea6,taipei_city,female,,taiwanese,,3.0,False,13.0,True,3.0,1.0,-1.0,3.0,3.0,3.0,,1.0,5.0,5.0,5.0,5.0,5.0,2.0,,,,,,,,5.0,hallelujah_taiwan,0,0,0,,1,1,0,,,,,,,,,,en,4.0,3.0,5.0,5.0,4.0,4.0,5.0,5.0,4.0,1.0,5.0,0.0,0.0
570eb79583a73509d0e0421c,taipei_city,female,,taiwanese,,2.0,False,13.0,True,3.0,4.0,-1.0,4.0,4.0,5.0,,4.0,5.0,4.0,4.0,5.0,5.0,3.0,,,,,,,,3.0,hallelujah_taiwan,0,0,0,,0,1,0,,,,,,,,,,en,4.0,3.0,3.0,3.0,3.0,5.0,3.0,3.0,4.0,2.0,3.0,0.0,0.0
570eb74483a73509d0e027df,taipei_city,female,,taiwanese,,1.0,False,18.0,True,2.0,2.0,-1.0,2.0,2.0,2.0,,2.0,3.0,1.0,2.0,4.0,3.0,3.0,,,,,,,,3.0,hallelujah_taiwan,0,0,0,,1,0,0,,,,,,,,,,en,2.0,3.0,2.0,4.0,1.0,4.0,2.0,3.0,3.0,2.0,2.0,0.0,0.0
570eb77b83a73509d0e03a1b,taipei_city,male,,taiwanese,,1.0,False,27.0,True,2.0,2.0,-1.0,3.0,2.0,2.0,,3.0,3.0,1.0,4.0,4.0,4.0,4.0,,,,,,,,4.0,hallelujah_taiwan,0,0,0,,0,1,0,,,,,,,,,,en,4.0,4.0,4.0,4.0,2.0,3.0,2.0,4.0,3.0,2.0,3.0,0.0,0.0
570eb7aa83a73509d0e048ae,taipei_city,female,,taiwanese,,3.0,False,28.0,True,3.0,3.0,-1.0,3.0,2.0,1.0,,3.0,5.0,4.0,4.0,5.0,5.0,4.0,,,,,,,,4.0,hallelujah_taiwan,1,0,0,,0,1,1,,,,,,,,,,zh_TW,4.0,1.0,2.0,4.0,2.0,4.0,4.0,2.0,4.0,4.0,5.0,0.0,0.0
570eb75483a73509d0e02d40,taipei_city,female,,american,,3.0,False,14.0,True,1.0,3.0,-1.0,1.0,2.0,1.0,,4.0,5.0,4.0,5.0,5.0,4.0,4.0,,,,,,,,4.0,hallelujah_taiwan,0,0,0,,0,1,0,,,,,,,,,,en,4.0,1.0,5.0,3.0,2.0,5.0,4.0,4.0,2.0,3.0,4.0,0.0,1.0
570eb72383a73509d0e01cf8,taipei_city,male,,taiwanese,,1.0,False,11.0,True,5.0,4.0,-1.0,5.0,5.0,5.0,,3.0,5.0,3.0,5.0,5.0,5.0,5.0,,,,,,,,5.0,hallelujah_taiwan,1,0,0,,0,0,0,,,,,,,,,,en,1.0,5.0,5.0,3.0,5.0,5.0,4.0,2.0,4.0,3.0,5.0,0.0,0.0
570eb75a83a73509d0e02f39,taipei_city,female,,taiwanese,,3.0,False,14.0,True,3.0,4.0,-1.0,4.0,4.0,4.0,,4.0,4.0,4.0,5.0,5.0,5.0,3.0,,,,,,,,4.0,hallelujah_taiwan,0,0,1,,0,1,0,,,,,,,,,,en,2.0,3.0,3.0,2.0,4.0,4.0,3.0,3.0,4.0,2.0,4.0,0.0,0.0
570eb78b83a73509d0e03f1b,taipei_city,male,,taiwanese,,1.0,False,9.0,True,4.0,2.0,-1.0,3.0,3.0,3.0,,5.0,4.0,2.0,5.0,4.0,5.0,2.0,,,,,,,,2.0,hallelujah_taiwan,0,0,0,,1,0,0,,,,,,,,,,en,2.0,2.0,4.0,4.0,2.0,2.0,4.0,2.0,4.0,4.0,4.0,0.0,0.0
570eb72c83a73509d0e01ff0,taipei_city,male,,taiwanese,,2.0,False,8.0,True,3.0,2.0,-1.0,2.0,1.0,1.0,,3.0,5.0,1.0,5.0,4.0,5.0,2.0,,,,,,,,3.0,hallelujah_taiwan,1,0,0,,0,1,0,,,,,,,,,,zh_TW,5.0,4.0,4.0,4.0,2.0,4.0,2.0,4.0,5.0,3.0,3.0,0.0,0.0
570eb76283a73509d0e03220,taipei_city,male,,taiwanese,,3.0,False,13.0,True,5.0,5.0,-1.0,3.0,5.0,1.0,,5.0,5.0,5.0,5.0,5.0,5.0,3.0,,,,,,,,5.0,hallelujah_taiwan,0,0,0,,0,0,0,,,,,,,,,,zh_TW,3.0,3.0,3.0,3.0,3.0,3.0,3.0,3.0,3.0,3.0,5.0,1.0,0.0
570eb76f83a73509d0e0361a,taichung_city,female,,taiwanese,,2.0,False,27.0,True,5.0,4.0,-1.0,3.0,4.0,3.0,,3.0,4.0,1.0,4.0,4.0,4.0,4.0,,,,,,,,3.0,hallelujah_taiwan,0,0,0,,0,1,0,,,,,,,,,,en,4.0,4.0,3.0,4.0,1.0,4.0,2.0,4.0,5.0,4.0,2.0,1.0,0.0
570eb7aa83a73509d0e04895,taichung_city,male,,taiwanese,,3.0,False,14.0,True,3.0,3.0,-1.0,3.0,3.0,4.0,,3.0,3.0,1.0,4.0,4.0,4.0,3.0,,,,,,,,3.0,hallelujah_taiwan,0,1,0,,0,0,0,,,,,,,,,,en,4.0,5.0,4.0,3.0,4.0,2.0,4.0,5.0,3.0,3.0,5.0,0.0,0.0
570eb7b083a73509d0e04a56,taichung_city,male,,taiwanese,,4.0,False,13.0,True,5.0,5.0,-1.0,5.0,5.0,5.0,,5.0,5.0,5.0,5.0,5.0,5.0,1.0,,,,,,,,1.0,hallelujah_taiwan,1,0,0,,0,1,0,,,,,,,,,,en,5.0,1.0,5.0,1.0,5.0,1.0,5.0,5.0,1.0,5.0,5.0,1.0,1.0
570eb76a83a73509d0e03493,taichung_city,male,,taiwanese,,1.0,False,17.0,True,3.0,3.0,-1.0,1.0,3.0,3.0,,3.0,3.0,3.0,3.0,3.0,3.0,3.0,,,,,,,,3.0,hallelujah_taiwan,0,1,0,,0,0,0,,,,,,,,,,en,1.0,1.0,1.0,1.0,1.0,1.0,1.0,1.0,1.0,1.0,2.0,0.0,0.0
570eb73983a73509d0e02466,taichung_city,male,,taiwanese,,2.0,False,9.0,True,4.0,4.0,-1.0,4.0,3.0,1.0,,4.0,4.0,4.0,5.0,5.0,5.0,2.0,,,,,,,,5.0,hallelujah_taiwan,0,0,0,,0,0,1,,,,,,,,,,en,4.0,1.0,3.0,3.0,5.0,1.0,5.0,5.0,4.0,3.0,4.0,0.0,0.0
570eb72f83a73509d0e02101,taichung_city,female,,taiwanese,,1.0,False,19.0,True,5.0,3.0,-1.0,4.0,4.0,5.0,,2.0,2.0,4.0,3.0,4.0,2.0,3.0,,,,,,,,5.0,hallelujah_taiwan,0,0,0,,0,1,0,,,,,,,,,,en,4.0,1.0,4.0,4.0,3.0,3.0,4.0,2.0,4.0,4.0,5.0,0.0,0.0
570eb73183a73509d0e021ba,taichung_city,female,,taiwanese,,3.0,False,20.0,True,3.0,3.0,-1.0,1.0,1.0,1.0,,4.0,5.0,1.0,4.0,5.0,4.0,5.0,,,,,,,,5.0,hallelujah_taiwan,0,0,0,,0,1,0,,,,,,,,,,en,4.0,2.0,4.0,2.0,5.0,4.0,2.0,5.0,2.0,4.0,4.0,0.0,0.0
570eb74583a73509d0e0280f,taipei_city,female,,taiwanese,,3.0,False,12.0,True,2.0,3.0,-1.0,1.0,3.0,1.0,,4.0,5.0,1.0,4.0,4.0,5.0,3.0,,,,,,,,2.0,hallelujah_taiwan,0,0,0,,1,1,0,,,,,,,,,,en,3.0,2.0,5.0,1.0,4.0,5.0,3.0,3.0,2.0,1.0,4.0,0.0,0.0
570eb73483a73509d0e0227d,taipei_city,male,,taiwanese,,3.0,False,20.0,True,3.0,4.0,-1.0,3.0,4.0,5.0,,4.0,4.0,1.0,4.0,5.0,5.0,3.0,,,,,,,,2.0,hallelujah_taiwan,1,0,0,,0,0,1,,,,,,,,,,en,4.0,1.0,4.0,4.0,2.0,5.0,4.0,5.0,3.0,2.0,4.0,0.0,0.0
570eb76883a73509d0e033ec,taipei_city,male,,taiwanese,,3.0,False,17.0,True,3.0,2.0,-1.0,3.0,4.0,4.0,,4.0,4.0,1.0,5.0,4.0,5.0,3.0,,,,,,,,3.0,hallelujah_taiwan,1,0,0,,0,1,0,,,,,,,,,,en,4.0,1.0,4.0,4.0,4.0,2.0,4.0,4.0,3.0,4.0,3.0,0.0,0.0
570eb77883a73509d0e0394c,taipei_city,male,,taiwanese,,2.0,False,18.0,True,3.0,4.0,-1.0,4.0,4.0,4.0,,2.0,5.0,3.0,4.0,4.0,4.0,2.0,,,,,,,,2.0,hallelujah_taiwan,1,0,0,,0,1,0,,,,,,,,,,en,4.0,2.0,4.0,4.0,2.0,4.0,4.0,4.0,4.0,4.0,4.0,0.0,0.0
570eb72483a73509d0e01d55,taipei_city,male,,taiwanese,,2.0,False,19.0,False,3.0,3.0,-1.0,4.0,2.0,3.0,,2.0,5.0,2.0,5.0,4.0,4.0,3.0,,,,,,,,3.0,hallelujah_taiwan,0,0,1,,1,1,0,,,,,,,,,,en,4.0,2.0,4.0,2.0,4.0,5.0,3.0,3.0,4.0,2.0,5.0,0.0,0.0
570eb7b383a73509d0e04b39,taipei_city,female,,taiwanese,,1.0,False,16.0,False,4.0,5.0,-1.0,4.0,4.0,5.0,,4.0,5.0,1.0,5.0,5.0,5.0,3.0,,,,,,,,4.0,hallelujah_taiwan,1,0,0,,0,1,0,,,,,,,,,,en,5.0,3.0,1.0,4.0,2.0,3.0,3.0,4.0,3.0,3.0,5.0,0.0,0.0
570eb76583a73509d0e032c2,taipei_city,female,,taiwanese,,3.0,False,19.0,False,3.0,3.0,-1.0,4.0,3.0,3.0,,4.0,3.0,3.0,4.0,3.0,3.0,4.0,,,,,,,,3.0,hallelujah_taiwan,1,0,0,,0,0,0,,,,,,,,,,en,3.0,1.0,3.0,4.0,1.0,4.0,2.0,4.0,3.0,2.0,4.0,0.0,0.0
570eb7b783a73509d0e04cb8,taipei_city,female,,taiwanese,,1.0,False,34.0,False,4.0,4.0,-1.0,4.0,5.0,5.0,,3.0,4.0,1.0,2.0,3.0,3.0,5.0,,,,,,,,4.0,hallelujah_taiwan,0,0,0,,0,1,0,,,,,,,,,,en,5.0,3.0,3.0,4.0,1.0,2.0,2.0,3.0,1.0,4.0,5.0,0.0,0.0
570eb7a083a73509d0e04592,taipei_city,male,,taiwanese,,1.0,False,9.0,False,3.0,4.0,-1.0,3.0,3.0,3.0,,4.0,4.0,1.0,4.0,4.0,5.0,2.0,,,,,,,,3.0,hallelujah_taiwan,0,0,0,,1,0,0,,,,,,,,,,en,4.0,2.0,3.0,3.0,2.0,2.0,3.0,2.0,2.0,3.0,3.0,0.0,0.0
570eb72983a73509d0e01ee3,taipei_city,female,,taiwanese,,3.0,False,22.0,False,4.0,5.0,-1.0,4.0,4.0,4.0,,4.0,3.0,2.0,5.0,3.0,4.0,3.0,,,,,,,,2.0,hallelujah_taiwan,0,0,0,,0,1,0,,,,,,,,,,en,5.0,1.0,4.0,2.0,3.0,4.0,4.0,4.0,2.0,3.0,4.0,1.0,0.0
570eb74683a73509d0e02897,taipei_city,male,,taiwanese,,5.0,False,12.0,False,5.0,4.0,-1.0,5.0,5.0,4.0,,5.0,5.0,5.0,5.0,5.0,5.0,5.0,,,,,,,,5.0,hallelujah_taiwan,0,0,0,,1,0,0,,,,,,,,,,zh_TW,4.0,4.0,4.0,4.0,4.0,4.0,4.0,4.0,4.0,4.0,5.0,0.0,0.0
570eb79083a73509d0e0407e,taipei_city,male,,taiwanese,,2.0,False,33.0,False,3.0,4.0,-1.0,4.0,3.0,2.0,,4.0,5.0,4.0,5.0,5.0,5.0,4.0,,,,,,,,1.0,hallelujah_taiwan,1,0,1,,0,0,0,,,,,,,,,,en,5.0,2.0,5.0,2.0,4.0,5.0,5.0,2.0,1.0,1.0,5.0,0.0,0.0
570eb75a83a73509d0e02f2d,taipei_city,male,,taiwanese,,3.0,False,14.0,False,4.0,5.0,-1.0,4.0,4.0,5.0,,5.0,5.0,4.0,5.0,5.0,5.0,3.0,,,,,,,,4.0,hallelujah_taiwan,0,1,0,,1,1,0,,,,,,,,,,en,4.0,1.0,5.0,5.0,2.0,3.0,2.0,4.0,1.0,3.0,5.0,0.0,0.0
570eb7b683a73509d0e04c1f,taipei_city,male,,taiwanese,,3.0,False,12.0,False,1.0,5.0,-1.0,5.0,5.0,5.0,,3.0,5.0,1.0,5.0,5.0,1.0,5.0,,,,,,,,4.0,hallelujah_taiwan,0,0,0,,1,0,0,,,,,,,,,,en,3.0,3.0,5.0,4.0,5.0,2.0,1.0,4.0,3.0,4.0,4.0,0.0,0.0
570eb75683a73509d0e02de1,taipei_city,male,,taiwanese,,5.0,False,20.0,False,2.0,4.0,-1.0,3.0,3.0,3.0,,5.0,5.0,1.0,5.0,5.0,5.0,4.0,,,,,,,,5.0,hallelujah_taiwan,1,0,0,,1,1,0,,,,,,,,,,en,5.0,1.0,4.0,2.0,4.0,4.0,4.0,3.0,4.0,4.0,5.0,1.0,0.0
570eb73683a73509d0e02365,taipei_city,female,,taiwanese,,3.0,False,25.0,False,2.0,3.0,-1.0,4.0,3.0,2.0,,3.0,4.0,2.0,4.0,4.0,4.0,5.0,,,,,,,,5.0,hallelujah_taiwan,0,0,0,,0,1,0,,,,,,,,,,en,2.0,2.0,5.0,4.0,2.0,4.0,4.0,3.0,4.0,4.0,4.0,0.0,0.0
570eb75883a73509d0e02e8b,taipei_city,female,,taiwanese,,3.0,False,15.0,False,2.0,1.0,-1.0,2.0,2.0,2.0,,4.0,5.0,5.0,4.0,2.0,5.0,1.0,,,,,,,,1.0,hallelujah_taiwan,0,0,0,,1,1,1,,,,,,,,,,en,5.0,2.0,3.0,4.0,2.0,5.0,2.0,5.0,4.0,2.0,3.0,1.0,0.0
570eb72783a73509d0e01e26,taipei_city,female,,taiwanese,,2.0,False,48.0,False,3.0,4.0,-1.0,4.0,4.0,3.0,,3.0,5.0,3.0,5.0,5.0,4.0,5.0,,,,,,,,5.0,hallelujah_taiwan,0,0,0,,0,1,0,,,,,,,,,,zh_TW,4.0,2.0,4.0,2.0,3.0,4.0,4.0,5.0,4.0,2.0,5.0,0.0,0.0
570eb74b83a73509d0e02a36,taipei_city,male,,taiwanese,,1.0,False,26.0,False,2.0,4.0,-1.0,3.0,3.0,3.0,,3.0,4.0,1.0,4.0,5.0,4.0,5.0,,,,,,,,3.0,hallelujah_taiwan,0,0,0,,0,1,0,,,,,,,,,,en,5.0,4.0,3.0,4.0,2.0,2.0,3.0,3.0,5.0,4.0,4.0,0.0,0.0
570eb74983a73509d0e02992,taipei_city,male,,british,,5.0,False,15.0,False,3.0,5.0,-1.0,4.0,3.0,2.0,,4.0,5.0,1.0,4.0,4.0,5.0,4.0,,,,,,,,4.0,hallelujah_taiwan,0,1,0,,1,0,1,,,,,,,,,,en,4.0,3.0,3.0,5.0,4.0,4.0,5.0,5.0,4.0,5.0,5.0,1.0,0.0
570eb73283a73509d0e02206,taipei_city,male,,taiwanese,,3.0,False,13.0,False,4.0,4.0,-1.0,4.0,4.0,4.0,,4.0,5.0,4.0,5.0,4.0,5.0,3.0,,,,,,,,4.0,hallelujah_taiwan,0,0,0,,0,1,0,,,,,,,,,,en,4.0,4.0,4.0,4.0,4.0,5.0,5.0,1.0,2.0,2.0,5.0,0.0,0.0
570eb78c83a73509d0e03f6e,taipei_city,male,,taiwanese,,4.0,False,11.0,False,2.0,5.0,-1.0,5.0,5.0,5.0,,4.0,3.0,1.0,3.0,3.0,3.0,5.0,,,,,,,,3.0,hallelujah_taiwan,0,0,0,,0,1,0,,,,,,,,,,en,1.0,3.0,5.0,3.0,4.0,2.0,2.0,1.0,3.0,5.0,5.0,0.0,0.0
570eb7b683a73509d0e04c65,taipei_city,male,,taiwanese,,3.0,False,26.0,False,2.0,3.0,-1.0,4.0,2.0,1.0,,4.0,4.0,4.0,4.0,4.0,4.0,3.0,,,,,,,,4.0,hallelujah_taiwan,1,0,1,,0,1,0,,,,,,,,,,en,2.0,2.0,4.0,4.0,2.0,4.0,2.0,5.0,4.0,4.0,4.0,1.0,1.0
570eb74183a73509d0e026db,taipei_city,male,,taiwanese,,5.0,False,26.0,False,1.0,4.0,-1.0,1.0,2.0,1.0,,3.0,4.0,3.0,3.0,4.0,3.0,1.0,,,,,,,,5.0,hallelujah_taiwan,1,0,1,,0,1,1,,,,,,,,,,en,4.0,2.0,5.0,2.0,4.0,5.0,4.0,4.0,3.0,4.0,3.0,1.0,1.0
570eb71e83a73509d0e01b7e,taipei_city,female,,taiwanese,,3.0,False,6.0,False,3.0,5.0,-1.0,3.0,5.0,5.0,,5.0,5.0,2.0,5.0,5.0,5.0,3.0,,,,,,,,5.0,hallelujah_taiwan,0,0,0,,0,0,0,,,,,,,,,,en,4.0,1.0,4.0,4.0,4.0,1.0,2.0,4.0,1.0,4.0,5.0,1.0,0.0
570eb7b383a73509d0e04b54,taipei_city,male,,taiwanese,,1.0,False,10.0,False,3.0,3.0,-1.0,5.0,3.0,1.0,,4.0,5.0,1.0,5.0,4.0,5.0,2.0,,,,,,,,5.0,hallelujah_taiwan,1,0,0,,0,0,0,,,,,,,,,,zh_TW,4.0,4.0,3.0,3.0,3.0,5.0,3.0,3.0,3.0,3.0,5.0,0.0,0.0
570eb73b83a73509d0e024e1,taipei_city,female,,taiwanese,,1.0,False,8.0,False,5.0,5.0,-1.0,5.0,5.0,5.0,,5.0,5.0,5.0,5.0,5.0,5.0,5.0,,,,,,,,5.0,hallelujah_taiwan,0,0,1,,0,0,0,,,,,,,,,,en,3.0,5.0,5.0,2.0,5.0,3.0,3.0,1.0,5.0,5.0,5.0,0.0,0.0
570eb78d83a73509d0e03fa9,taipei_city,female,,taiwanese,,2.0,False,18.0,False,2.0,5.0,-1.0,2.0,2.0,2.0,,3.0,5.0,1.0,2.0,5.0,5.0,1.0,,,,,,,,3.0,hallelujah_taiwan,0,0,0,,1,1,0,,,,,,,,,,en,5.0,2.0,4.0,1.0,5.0,5.0,2.0,2.0,3.0,2.0,4.0,0.0,0.0
570eb75b83a73509d0e02f7a,taipei_city,female,,taiwanese,,3.0,False,13.0,False,3.0,3.0,-1.0,4.0,4.0,3.0,,3.0,4.0,5.0,5.0,4.0,4.0,4.0,,,,,,,,3.0,hallelujah_taiwan,0,1,0,,1,1,0,,,,,,,,,,en,4.0,1.0,5.0,2.0,4.0,4.0,2.0,4.0,4.0,2.0,4.0,0.0,0.0
570eb77a83a73509d0e039fc,taipei_city,female,,taiwanese,,2.0,False,16.0,False,2.0,4.0,-1.0,4.0,4.0,4.0,,3.0,5.0,4.0,5.0,4.0,5.0,4.0,,,,,,,,3.0,hallelujah_taiwan,1,0,0,,1,1,1,,,,,,,,,,zh_TW,2.0,1.0,5.0,2.0,4.0,4.0,3.0,2.0,4.0,4.0,4.0,0.0,1.0
570eb75d83a73509d0e03063,taipei_city,male,,taiwanese,,1.0,False,10.0,False,1.0,3.0,-1.0,1.0,5.0,3.0,,3.0,5.0,1.0,5.0,3.0,5.0,1.0,,,,,,,,1.0,hallelujah_taiwan,0,0,0,,0,1,0,,,,,,,,,,en,4.0,1.0,5.0,1.0,5.0,5.0,4.0,4.0,1.0,1.0,3.0,0.0,0.0
570eb76783a73509d0e0336d,taipei_city,female,,taiwanese,,1.0,False,38.0,False,2.0,4.0,-1.0,4.0,5.0,4.0,,4.0,1.0,4.0,5.0,2.0,4.0,2.0,,,,,,,,1.0,hallelujah_taiwan,0,0,0,,1,1,1,,,,,,,,,,en,4.0,2.0,4.0,2.0,4.0,4.0,2.0,3.0,4.0,3.0,5.0,0.0,0.0
570eb75383a73509d0e02cbf,taipei_city,male,,taiwanese,,2.0,False,12.0,False,3.0,5.0,-1.0,3.0,4.0,4.0,,4.0,5.0,4.0,5.0,5.0,5.0,4.0,,,,,,,,5.0,hallelujah_taiwan,1,0,0,,0,0,0,,,,,,,,,,zh_TW,3.0,3.0,3.0,3.0,3.0,1.0,3.0,1.0,1.0,3.0,5.0,0.0,0.0
570eb79583a73509d0e04206,taipei_city,male,,taiwanese,,4.0,False,16.0,False,3.0,3.0,-1.0,1.0,3.0,2.0,,4.0,4.0,1.0,4.0,4.0,4.0,3.0,,,,,,,,4.0,hallelujah_taiwan,0,0,0,,0,1,0,,,,,,,,,,en,5.0,2.0,5.0,4.0,4.0,3.0,4.0,4.0,4.0,3.0,5.0,0.0,0.0
570eb75c83a73509d0e02ff2,taipei_city,male,,taiwanese,,3.0,False,12.0,False,3.0,3.0,-1.0,2.0,3.0,2.0,,4.0,5.0,5.0,4.0,5.0,5.0,4.0,,,,,,,,2.0,hallelujah_taiwan,0,0,0,,1,1,0,,,,,,,,,,en,4.0,3.0,5.0,4.0,3.0,4.0,3.0,4.0,4.0,2.0,4.0,0.0,0.0
570eb79b83a73509d0e04409,taipei_city,female,,taiwanese,,4.0,False,17.0,False,3.0,4.0,-1.0,3.0,4.0,4.0,,4.0,5.0,1.0,5.0,4.0,4.0,3.0,,,,,,,,2.0,hallelujah_taiwan,0,0,0,,0,1,1,,,,,,,,,,en,4.0,2.0,4.0,4.0,1.0,5.0,4.0,4.0,2.0,2.0,4.0,0.0,0.0
570eb79483a73509d0e0419b,taichung_city,female,,taiwanese,,2.0,False,23.0,False,2.0,3.0,-1.0,2.0,2.0,2.0,,1.0,4.0,1.0,4.0,3.0,3.0,4.0,,,,,,,,4.0,hallelujah_taiwan,0,0,0,,0,1,0,,,,,,,,,,en,4.0,3.0,5.0,2.0,5.0,4.0,2.0,5.0,4.0,3.0,4.0,0.0,0.0
570eb75b83a73509d0e02f73,taichung_city,male,,taiwanese,,1.0,False,17.0,False,3.0,2.0,-1.0,4.0,4.0,2.0,,5.0,5.0,5.0,5.0,5.0,5.0,1.0,,,,,,,,5.0,hallelujah_taiwan,0,0,0,,0,1,0,,,,,,,,,,en,4.0,5.0,4.0,2.0,5.0,3.0,4.0,4.0,4.0,3.0,4.0,0.0,0.0
570eb78183a73509d0e03c14,taichung_city,female,,taiwanese,,1.0,False,24.0,False,1.0,4.0,-1.0,2.0,3.0,3.0,,1.0,5.0,4.0,5.0,5.0,5.0,4.0,,,,,,,,3.0,hallelujah_taiwan,1,0,0,,0,1,0,,,,,,,,,,en,2.0,2.0,2.0,4.0,1.0,5.0,3.0,3.0,2.0,2.0,4.0,0.0,0.0
570eb76383a73509d0e0325f,taichung_city,female,,taiwanese,,4.0,False,24.0,False,3.0,5.0,-1.0,1.0,3.0,3.0,,3.0,5.0,5.0,5.0,5.0,5.0,5.0,,,,,,,,5.0,hallelujah_taiwan,1,0,0,,0,0,0,,,,,,,,,,zh_TW,3.0,3.0,3.0,3.0,3.0,3.0,3.0,3.0,3.0,3.0,3.0,0.0,0.0
570eb73c83a73509d0e02565,taichung_city,female,,taiwanese,,1.0,False,20.0,False,1.0,5.0,-1.0,5.0,3.0,5.0,,1.0,3.0,1.0,3.0,3.0,3.0,3.0,,,,,,,,5.0,hallelujah_taiwan,0,0,0,,0,0,0,,,,,,,,,,en,4.0,2.0,5.0,3.0,4.0,5.0,2.0,3.0,3.0,3.0,4.0,0.0,1.0
570eb77583a73509d0e0383f,taichung_city,female,,taiwanese,,2.0,False,17.0,False,2.0,3.0,-1.0,3.0,3.0,4.0,,3.0,4.0,4.0,4.0,4.0,3.0,4.0,,,,,,,,4.0,hallelujah_taiwan,0,0,0,,1,1,0,,,,,,,,,,en,2.0,1.0,3.0,1.0,1.0,5.0,2.0,3.0,4.0,2.0,5.0,1.0,0.0
570eb73f83a73509d0e0262f,taichung_city,male,,taiwanese,,4.0,False,17.0,False,2.0,1.0,-1.0,1.0,2.0,1.0,,4.0,4.0,1.0,4.0,4.0,4.0,2.0,,,,,,,,4.0,hallelujah_taiwan,0,0,0,,0,1,0,,,,,,,,,,en,4.0,4.0,2.0,4.0,4.0,4.0,3.0,4.0,4.0,4.0,5.0,0.0,0.0
570eb7bc83a73509d0e04e43,taichung_city,female,,taiwanese,,3.0,False,7.0,False,5.0,5.0,-1.0,5.0,5.0,5.0,,1.0,1.0,1.0,1.0,1.0,1.0,4.0,,,,,,,,1.0,hallelujah_taiwan,0,0,0,,1,0,0,,,,,,,,,,en,4.0,1.0,2.0,4.0,4.0,1.0,4.0,1.0,1.0,2.0,5.0,0.0,0.0
570eb76683a73509d0e03340,taichung_city,male,,taiwanese,,2.0,False,29.0,False,2.0,4.0,-1.0,2.0,3.0,3.0,,3.0,4.0,4.0,3.0,4.0,4.0,4.0,,,,,,,,4.0,hallelujah_taiwan,1,0,0,,1,1,1,,,,,,,,,,en,4.0,1.0,5.0,4.0,4.0,4.0,2.0,4.0,4.0,4.0,3.0,0.0,0.0
570eb79383a73509d0e04177,taichung_city,female,,taiwanese,,3.0,False,16.0,False,1.0,5.0,-1.0,5.0,5.0,5.0,,4.0,4.0,4.0,4.0,5.0,5.0,3.0,,,,,,,,3.0,hallelujah_taiwan,0,0,0,,0,1,0,,,,,,,,,,en,5.0,1.0,5.0,4.0,3.0,4.0,2.0,4.0,3.0,5.0,5.0,0.0,0.0
570eb7ba83a73509d0e04d91,taichung_city,female,,taiwanese,,2.0,False,18.0,False,2.0,4.0,-1.0,3.0,4.0,5.0,,4.0,5.0,1.0,5.0,5.0,5.0,2.0,,,,,,,,2.0,hallelujah_taiwan,0,0,0,,0,1,0,,,,,,,,,,en,2.0,2.0,2.0,4.0,2.0,4.0,3.0,4.0,4.0,4.0,2.0,0.0,0.0
570eb75a83a73509d0e02f25,taichung_city,female,,taiwanese,,2.0,False,28.0,False,2.0,3.0,-1.0,1.0,3.0,3.0,,3.0,4.0,1.0,4.0,4.0,4.0,3.0,,,,,,,,2.0,hallelujah_taiwan,1,0,0,,0,1,0,,,,,,,,,,en,2.0,1.0,5.0,4.0,2.0,5.0,1.0,5.0,3.0,2.0,3.0,0.0,1.0
570eb7b883a73509d0e04cd2,taichung_city,male,,taiwanese,,5.0,False,16.0,False,5.0,5.0,-1.0,5.0,5.0,5.0,,5.0,5.0,5.0,5.0,5.0,5.0,5.0,,,,,,,,5.0,hallelujah_taiwan,1,1,1,,1,1,1,,,,,,,,,,en,5.0,5.0,5.0,5.0,5.0,5.0,5.0,5.0,5.0,5.0,5.0,1.0,1.0
